
/home/binhkieudo/Workspace/PhDThesis/NewFramework/framework/demo/MatMul/build/main.elf:     file format elf64-littleriscv


Disassembly of section .text:

0000000080000000 <_prog_start>:
  .option norvc
  .globl _thread0_entry
  .globl _prog_start

_prog_start:
  li a0, THREAD_QUEUE_ADDR
    80000000:	40003537          	lui	a0,0x40003
  li t0, 0
    80000004:	00000293          	li	t0,0
  amoswap.w t0, t0, (a0)
    80000008:	085522af          	amoswap.w	t0,t0,(a0)
  csrr s0, mhartid
    8000000c:	f1402473          	csrr	s0,mhartid
  csrw mie, zero
    80000010:	30401073          	csrw	mie,zero
  beq s0, zero, _main
    80000014:	1c040063          	beqz	s0,800001d4 <_main>

0000000080000018 <_thread_end>:
_thread_end:
  csrr s0, mhartid
    80000018:	f1402473          	csrr	s0,mhartid

000000008000001c <__clear_flag1>:
  // Ensure that you the interrupt flag is clear before sleep
# __clear_flag0: // Core 0 does not enter this way
#   li t0, 0
#   bne s0, t0, __clear_flag1
__clear_flag1:
  li t0, 1
    8000001c:	00100293          	li	t0,1
  bne s0, t0, __clear_flag2
    80000020:	00541a63          	bne	s0,t0,80000034 <__clear_flag2>
  li s0, (CLINT_CTRL_ADDR + CLINT_MSIP1)
    80000024:	02000437          	lui	s0,0x2000
    80000028:	0044041b          	addiw	s0,s0,4 # 2000004 <_prog_start-0x7dfffffc>
  amoswap.w t0, zero, (s0)
    8000002c:	080422af          	amoswap.w	t0,zero,(s0)
  j __core_sleep
    80000030:	0280006f          	j	80000058 <__core_sleep>

0000000080000034 <__clear_flag2>:
__clear_flag2:
  li t0, 2
    80000034:	00200293          	li	t0,2
  bne s0, t0, __clear_flag3
    80000038:	00541a63          	bne	s0,t0,8000004c <__clear_flag3>
  li s0, (CLINT_CTRL_ADDR + CLINT_MSIP2)
    8000003c:	02000437          	lui	s0,0x2000
    80000040:	0084041b          	addiw	s0,s0,8 # 2000008 <_prog_start-0x7dfffff8>
  amoswap.w t0, zero, (s0)
    80000044:	080422af          	amoswap.w	t0,zero,(s0)
  j __core_sleep
    80000048:	0100006f          	j	80000058 <__core_sleep>

000000008000004c <__clear_flag3>:
__clear_flag3:
  csrr t0, mhartid
    8000004c:	f14022f3          	csrr	t0,mhartid
  li t1, 3
    80000050:	00300313          	li	t1,3
  beq t0, t1, __clear_flag3
    80000054:	fe628ce3          	beq	t0,t1,8000004c <__clear_flag3>

0000000080000058 <__core_sleep>:
__core_sleep:
  li s2, 0x8 // Enable interrupt
    80000058:	00800913          	li	s2,8
  csrw mie, s2
    8000005c:	30491073          	csrw	mie,s2
  wfi
    80000060:	10500073          	wfi
  csrw mie, zero // Disable interrupt
    80000064:	30401073          	csrw	mie,zero
  call _thread_entry
    80000068:	144000ef          	jal	ra,800001ac <_thread_entry>
  j _thread_end
    8000006c:	fadff06f          	j	80000018 <_thread_end>

0000000080000070 <_thread0_entry>:
_thread0_entry: // Thread 0 must store activation table first
  // a0 store address link
  csrw mie, zero
    80000070:	30401073          	csrw	mie,zero
  addi sp, sp, -248
    80000074:	f0810113          	addi	sp,sp,-248
  sd ra, 0(sp)
    80000078:	00113023          	sd	ra,0(sp)
  sd sp, 8(sp)
    8000007c:	00213423          	sd	sp,8(sp)
  sd gp, 16(sp)
    80000080:	00313823          	sd	gp,16(sp)
  sd tp, 24(sp)
    80000084:	00413c23          	sd	tp,24(sp)
  sd t0, 32(sp)
    80000088:	02513023          	sd	t0,32(sp)
  sd t1, 40(sp)
    8000008c:	02613423          	sd	t1,40(sp)
  sd t2, 48(sp)
    80000090:	02713823          	sd	t2,48(sp)
  sd s0, 56(sp)
    80000094:	02813c23          	sd	s0,56(sp)
  sd s1, 64(sp)
    80000098:	04913023          	sd	s1,64(sp)
  sd a0, 72(sp)
    8000009c:	04a13423          	sd	a0,72(sp)
  sd a1, 80(sp)
    800000a0:	04b13823          	sd	a1,80(sp)
  sd a2, 88(sp)
    800000a4:	04c13c23          	sd	a2,88(sp)
  sd a3, 96(sp)
    800000a8:	06d13023          	sd	a3,96(sp)
  sd a4, 104(sp)
    800000ac:	06e13423          	sd	a4,104(sp)
  sd a5, 112(sp)
    800000b0:	06f13823          	sd	a5,112(sp)
  sd a6, 120(sp)
    800000b4:	07013c23          	sd	a6,120(sp)
  sd a7, 128(sp)
    800000b8:	09113023          	sd	a7,128(sp)
  sd s2, 136(sp)
    800000bc:	09213423          	sd	s2,136(sp)
  sd s3, 144(sp)
    800000c0:	09313823          	sd	s3,144(sp)
  sd s4, 152(sp)
    800000c4:	09413c23          	sd	s4,152(sp)
  sd s5, 160(sp)
    800000c8:	0b513023          	sd	s5,160(sp)
  sd s6, 168(sp)
    800000cc:	0b613423          	sd	s6,168(sp)
  sd s7, 176(sp)
    800000d0:	0b713823          	sd	s7,176(sp)
  sd s8, 184(sp)
    800000d4:	0b813c23          	sd	s8,184(sp)
  sd s9, 192(sp)
    800000d8:	0d913023          	sd	s9,192(sp)
  sd s10, 200(sp)
    800000dc:	0da13423          	sd	s10,200(sp)
  sd s11, 208(sp)
    800000e0:	0db13823          	sd	s11,208(sp)
  sd t3, 216(sp)
    800000e4:	0dc13c23          	sd	t3,216(sp)
  sd t4, 224(sp)
    800000e8:	0fd13023          	sd	t4,224(sp)
  sd t5, 232(sp)
    800000ec:	0fe13423          	sd	t5,232(sp)
  sd t6, 240(sp)
    800000f0:	0ff13823          	sd	t6,240(sp)
  // Then store sp at first address of private memory
  li t0, (PRIVATE_MEM_0 + PRIVATE_MEM_SIZE - 16)
    800000f4:	400012b7          	lui	t0,0x40001
    800000f8:	ff02829b          	addiw	t0,t0,-16 # 40000ff0 <_prog_start-0x3ffff010>
  sd sp, 0(t0)
    800000fc:	0022b023          	sd	sp,0(t0)
  li sp, (PRIVATE_MEM_0 + PRIVATE_MEM_SIZE - 32)
    80000100:	40001137          	lui	sp,0x40001
    80000104:	fe01011b          	addiw	sp,sp,-32 # 40000fe0 <_prog_start-0x3ffff020>
  call thread_run
    80000108:	6b4000ef          	jal	ra,800007bc <thread_run>
  // Cleaf flag
  li s0, (CLINT_CTRL_ADDR + CLINT_MSIP0)
    8000010c:	02000437          	lui	s0,0x2000
  amoswap.w t0, zero, (s0)
    80000110:	080422af          	amoswap.w	t0,zero,(s0)
  // Enable interrupt
  li s2, 0x8
    80000114:	00800913          	li	s2,8
  csrw mie, s2
    80000118:	30491073          	csrw	mie,s2
  // After return, restore activate table
  // firstly recover origianl sp
  li t0, (PRIVATE_MEM_0 + PRIVATE_MEM_SIZE - 16)
    8000011c:	400012b7          	lui	t0,0x40001
    80000120:	ff02829b          	addiw	t0,t0,-16 # 40000ff0 <_prog_start-0x3ffff010>
  ld sp, 0(t0)
    80000124:	0002b103          	ld	sp,0(t0)
  ld ra, 0(sp)
    80000128:	00013083          	ld	ra,0(sp)
  ld gp, 16(sp)
    8000012c:	01013183          	ld	gp,16(sp)
  ld tp, 24(sp)
    80000130:	01813203          	ld	tp,24(sp)
  ld t0, 32(sp)
    80000134:	02013283          	ld	t0,32(sp)
  ld t1, 40(sp)
    80000138:	02813303          	ld	t1,40(sp)
  ld t2, 48(sp)
    8000013c:	03013383          	ld	t2,48(sp)
  ld s0, 56(sp)
    80000140:	03813403          	ld	s0,56(sp)
  ld s1, 64(sp)
    80000144:	04013483          	ld	s1,64(sp)
  ld a0, 72(sp)
    80000148:	04813503          	ld	a0,72(sp)
  ld a1, 80(sp)
    8000014c:	05013583          	ld	a1,80(sp)
  ld a2, 88(sp)
    80000150:	05813603          	ld	a2,88(sp)
  ld a3, 96(sp)
    80000154:	06013683          	ld	a3,96(sp)
  ld a4, 104(sp)
    80000158:	06813703          	ld	a4,104(sp)
  ld a5, 112(sp)
    8000015c:	07013783          	ld	a5,112(sp)
  ld a6, 120(sp)
    80000160:	07813803          	ld	a6,120(sp)
  ld a7, 128(sp)
    80000164:	08013883          	ld	a7,128(sp)
  ld s2, 136(sp)
    80000168:	08813903          	ld	s2,136(sp)
  ld s3, 144(sp)
    8000016c:	09013983          	ld	s3,144(sp)
  ld s4, 152(sp)
    80000170:	09813a03          	ld	s4,152(sp)
  ld s5, 160(sp)
    80000174:	0a013a83          	ld	s5,160(sp)
  ld s6, 168(sp)
    80000178:	0a813b03          	ld	s6,168(sp)
  ld s7, 176(sp)
    8000017c:	0b013b83          	ld	s7,176(sp)
  ld s8, 184(sp)
    80000180:	0b813c03          	ld	s8,184(sp)
  ld s9, 192(sp)
    80000184:	0c013c83          	ld	s9,192(sp)
  ld s10, 200(sp)
    80000188:	0c813d03          	ld	s10,200(sp)
  ld s11, 208(sp)
    8000018c:	0d013d83          	ld	s11,208(sp)
  ld t3, 216(sp)
    80000190:	0d813e03          	ld	t3,216(sp)
  ld t4, 224(sp)
    80000194:	0e013e83          	ld	t4,224(sp)
  ld t5, 232(sp)
    80000198:	0e813f03          	ld	t5,232(sp)
  ld t6, 240(sp)
    8000019c:	0f013f83          	ld	t6,240(sp)
  ld sp, 8(sp)
    800001a0:	00813103          	ld	sp,8(sp)
  addi sp, sp, 248
    800001a4:	0f810113          	addi	sp,sp,248
  ret // Return to the main thread
    800001a8:	00008067          	ret

00000000800001ac <_thread_entry>:
_thread_entry: // For other cores
  csrw mie, zero
    800001ac:	30401073          	csrw	mie,zero
  csrr a0, mhartid
    800001b0:	f1402573          	csrr	a0,mhartid
  li t0, 0x40000000
    800001b4:	400002b7          	lui	t0,0x40000
  slli sp, a0, 15
    800001b8:	00f51113          	slli	sp,a0,0xf
  or  sp, sp, t0
    800001bc:	00516133          	or	sp,sp,t0
  li t0, 0x7ff0
    800001c0:	000082b7          	lui	t0,0x8
    800001c4:	ff02829b          	addiw	t0,t0,-16 # 7ff0 <_prog_start-0x7fff8010>
  add sp, sp, t0
    800001c8:	00510133          	add	sp,sp,t0
  call thread_run
    800001cc:	5f0000ef          	jal	ra,800007bc <thread_run>
  j _thread_end
    800001d0:	e49ff06f          	j	80000018 <_thread_end>

00000000800001d4 <_main>:
_main: // Hart 0
  csrw mie, zero
    800001d4:	30401073          	csrw	mie,zero
  csrr a0, mhartid
    800001d8:	f1402573          	csrr	a0,mhartid
  li sp, (MEMORY_MEM_ADDR + 0x3ff0)
    800001dc:	00020137          	lui	sp,0x20
    800001e0:	0011011b          	addiw	sp,sp,1 # 20001 <_prog_start-0x7ffdffff>
    800001e4:	00e11113          	slli	sp,sp,0xe
    800001e8:	ff010113          	addi	sp,sp,-16
  call main
    800001ec:	39f000ef          	jal	ra,80000d8a <main>

00000000800001f0 <_loopback>:
_loopback:
  wfi
    800001f0:	10500073          	wfi
    800001f4:	ffdff06f          	j	800001f0 <_loopback>

00000000800001f8 <mux_lock>:
  .globl read_flag6
  .globl read_flag7

// ====== Lock ====================  
mux_lock:
    addi sp, sp, -24
    800001f8:	fe810113          	addi	sp,sp,-24
    sd  t0, 16(sp)
    800001fc:	00513823          	sd	t0,16(sp)
    sd  t1, 8(sp)
    80000200:	00613423          	sd	t1,8(sp)
    sd  a0, 0(sp)    
    80000204:	00a13023          	sd	a0,0(sp)
    li t0, 1
    80000208:	00100293          	li	t0,1
    li a0, THREAD_QUEUE_ADDR
    8000020c:	40003537          	lui	a0,0x40003

0000000080000210 <_again>:
_again:
    lw t1, 0(a0)   // Check if lock is held
    80000210:	00052303          	lw	t1,0(a0) # 40003000 <_prog_start-0x3fffd000>
    bnez t1, _again  // Retry if held
    80000214:	fe031ee3          	bnez	t1,80000210 <_again>
    amoswap.w t1, t0, (a0)
    80000218:	0855232f          	amoswap.w	t1,t0,(a0)
    bnez t1, _again  // Retry if held
    8000021c:	fe031ae3          	bnez	t1,80000210 <_again>
    ld  t0, 16(sp)
    80000220:	01013283          	ld	t0,16(sp)
    ld  t1, 8(sp)
    80000224:	00813303          	ld	t1,8(sp)
    ld  a0, 0(sp) 
    80000228:	00013503          	ld	a0,0(sp)
    addi sp, sp, 24
    8000022c:	01810113          	addi	sp,sp,24
    ret
    80000230:	00008067          	ret

0000000080000234 <mux_unlock>:

// ====== Unlock ==================
mux_unlock:
    addi sp, sp, -16
    80000234:	ff010113          	addi	sp,sp,-16
    sd  t0, 8(sp)
    80000238:	00513423          	sd	t0,8(sp)
    sd  t1, 0(sp)
    8000023c:	00613023          	sd	t1,0(sp)
    li t0, 0
    80000240:	00000293          	li	t0,0
    li a0, THREAD_QUEUE_ADDR
    80000244:	40003537          	lui	a0,0x40003
    lw t1, 0(a0)   // Check if lock is held
    80000248:	00052303          	lw	t1,0(a0) # 40003000 <_prog_start-0x3fffd000>
    beqz t1, _exit_unlock
    8000024c:	00030463          	beqz	t1,80000254 <_exit_unlock>
    amoswap.w t0, t0, (a0)
    80000250:	085522af          	amoswap.w	t0,t0,(a0)

0000000080000254 <_exit_unlock>:
_exit_unlock:
    ld  t0, 8(sp)
    80000254:	00813283          	ld	t0,8(sp)
    ld  t1, 0(sp)
    80000258:	00013303          	ld	t1,0(sp)
    addi sp, sp, 16    
    8000025c:	01010113          	addi	sp,sp,16
    ret
    80000260:	00008067          	ret

0000000080000264 <get_hartid>:

// ====== Get hartid ==============
get_hartid:
    csrr a0, mhartid
    80000264:	f1402573          	csrr	a0,mhartid
    ret
    80000268:	00008067          	ret

000000008000026c <atomic_write>:

// ====== Atomic write ============
atomic_write:
    addi sp, sp, -8
    8000026c:	ff810113          	addi	sp,sp,-8
    sd t0, 0(sp)
    80000270:	00513023          	sd	t0,0(sp)
    amoswap.w t0, a1, (a0)
    80000274:	08b522af          	amoswap.w	t0,a1,(a0)
    ld t0, 0(sp)
    80000278:	00013283          	ld	t0,0(sp)
    addi sp, sp, 8    
    8000027c:	00810113          	addi	sp,sp,8
    ret
    80000280:	00008067          	ret

0000000080000284 <sem_wait>:

// ====== Semaphore wait ==========
sem_wait:
    addi sp, sp, -16
    80000284:	ff010113          	addi	sp,sp,-16
    sd  t0, 8(sp)
    80000288:	00513423          	sd	t0,8(sp)
    sd  s0, 0(sp)
    8000028c:	00813023          	sd	s0,0(sp)
    amoswap.w t0, zero, (a0) // Clear interrupt flag
    80000290:	080522af          	amoswap.w	t0,zero,(a0)
    li s0, 0x8 // Enable interrupt
    80000294:	00800413          	li	s0,8
    csrw mie, s0
    80000298:	30441073          	csrw	mie,s0
    wfi
    8000029c:	10500073          	wfi
    csrw mie, zero // Disable interrupt
    800002a0:	30401073          	csrw	mie,zero
    amoswap.w t0, zero, (a0) // Clear interrupt flag
    800002a4:	080522af          	amoswap.w	t0,zero,(a0)
    ld  t0, 8(sp)
    800002a8:	00813283          	ld	t0,8(sp)
    ld  s0, 0(sp)
    800002ac:	00013403          	ld	s0,0(sp)
    addi sp, sp, 16
    800002b0:	01010113          	addi	sp,sp,16
    ret
    800002b4:	00008067          	ret

00000000800002b8 <sem_signal>:

// ====== Semaphore signal ========
sem_signal:
    addi sp, sp, -8
    800002b8:	ff810113          	addi	sp,sp,-8
    sd t0, 0(sp)
    800002bc:	00513023          	sd	t0,0(sp)
    li t0, 1 // Set interrupt flag of target core
    800002c0:	00100293          	li	t0,1
    amoswap.w t1, t0, (a0)
    800002c4:	0855232f          	amoswap.w	t1,t0,(a0)
    ld t0, 0(sp)
    800002c8:	00013283          	ld	t0,0(sp)
    addi sp, sp, 8
    800002cc:	00810113          	addi	sp,sp,8
    ret
    800002d0:	00008067          	ret

00000000800002d4 <read_flag0>:

// ===== Check core status ========
read_flag0:
  li t0, (CLINT_CTRL_ADDR + CLINT_MSIP0)
    800002d4:	020002b7          	lui	t0,0x2000
  amoor.w a0, zero, (t0)
    800002d8:	4002a52f          	amoor.w	a0,zero,(t0)
  ret
    800002dc:	00008067          	ret

00000000800002e0 <read_flag1>:
read_flag1:
  li t0, (CLINT_CTRL_ADDR + CLINT_MSIP1)
    800002e0:	020002b7          	lui	t0,0x2000
    800002e4:	0042829b          	addiw	t0,t0,4 # 2000004 <_prog_start-0x7dfffffc>
  amoor.w a0, zero, (t0)
    800002e8:	4002a52f          	amoor.w	a0,zero,(t0)
  ret
    800002ec:	00008067          	ret

00000000800002f0 <read_flag2>:
read_flag2:
  li t0, (CLINT_CTRL_ADDR + CLINT_MSIP2)
    800002f0:	020002b7          	lui	t0,0x2000
    800002f4:	0082829b          	addiw	t0,t0,8 # 2000008 <_prog_start-0x7dfffff8>
  amoor.w a0, zero, (t0)
    800002f8:	4002a52f          	amoor.w	a0,zero,(t0)
  ret
    800002fc:	00008067          	ret

0000000080000300 <read_flag3>:
read_flag3:
  li t0, (CLINT_CTRL_ADDR + CLINT_MSIP3)
    80000300:	020002b7          	lui	t0,0x2000
    80000304:	00c2829b          	addiw	t0,t0,12 # 200000c <_prog_start-0x7dfffff4>
  amoor.w a0, zero, (t0)
    80000308:	4002a52f          	amoor.w	a0,zero,(t0)
    8000030c:	00008067          	ret

0000000080000310 <kputc>:
  #define UART_CTRL_ADDR _UART_CTRL_ADDR(UART_NUM)
#endif
static volatile uint32_t * const uart = (void *)(UART_CTRL_ADDR);

static inline void kputc(char c)
{
    80000310:	7179                	addi	sp,sp,-48
    80000312:	f422                	sd	s0,40(sp)
    80000314:	1800                	addi	s0,sp,48
    80000316:	87aa                	mv	a5,a0
    80000318:	fcf40fa3          	sb	a5,-33(s0) # 1ffffdf <_prog_start-0x7e000021>
	volatile uint32_t *tx = &REG32(uart, UART_REG_TXFIFO);
    8000031c:	640007b7          	lui	a5,0x64000
    80000320:	fef43423          	sd	a5,-24(s0)
#ifdef __riscv_atomic
	int32_t r;
	do {
		__asm__ __volatile__ (
    80000324:	fe843703          	ld	a4,-24(s0)
    80000328:	fdf44783          	lbu	a5,-33(s0)
    8000032c:	86be                	mv	a3,a5
    8000032e:	fe843783          	ld	a5,-24(s0)
    80000332:	40d727af          	amoor.w	a5,a3,(a4)
    80000336:	fef42223          	sw	a5,-28(s0)
			"amoor.w %0, %2, %1\n"
			: "=r" (r), "+A" (*tx)
			: "r" (c));
	} while (r < 0);
    8000033a:	fe442783          	lw	a5,-28(s0)
    8000033e:	2781                	sext.w	a5,a5
    80000340:	fe07c2e3          	bltz	a5,80000324 <kputc+0x14>
#else
	while ((int32_t)(*tx) < 0);
	*tx = c;
#endif
}
    80000344:	0001                	nop
    80000346:	0001                	nop
    80000348:	7422                	ld	s0,40(sp)
    8000034a:	6145                	addi	sp,sp,48
    8000034c:	8082                	ret

000000008000034e <_kputs>:
#include <stdbool.h>

#include "kprintf.h"

static inline void _kputs(const char *s)
{
    8000034e:	7179                	addi	sp,sp,-48
    80000350:	f406                	sd	ra,40(sp)
    80000352:	f022                	sd	s0,32(sp)
    80000354:	1800                	addi	s0,sp,48
    80000356:	fca43c23          	sd	a0,-40(s0)
	char c;
	for (; (c = *s) != '\0'; s++)
    8000035a:	a819                	j	80000370 <_kputs+0x22>
		kputc(c);
    8000035c:	fef44783          	lbu	a5,-17(s0)
    80000360:	853e                	mv	a0,a5
    80000362:	fafff0ef          	jal	ra,80000310 <kputc>
	for (; (c = *s) != '\0'; s++)
    80000366:	fd843783          	ld	a5,-40(s0)
    8000036a:	0785                	addi	a5,a5,1 # 64000001 <_prog_start-0x1bffffff>
    8000036c:	fcf43c23          	sd	a5,-40(s0)
    80000370:	fd843783          	ld	a5,-40(s0)
    80000374:	0007c783          	lbu	a5,0(a5)
    80000378:	fef407a3          	sb	a5,-17(s0)
    8000037c:	fef44783          	lbu	a5,-17(s0)
    80000380:	0ff7f793          	zext.b	a5,a5
    80000384:	ffe1                	bnez	a5,8000035c <_kputs+0xe>
}
    80000386:	0001                	nop
    80000388:	0001                	nop
    8000038a:	70a2                	ld	ra,40(sp)
    8000038c:	7402                	ld	s0,32(sp)
    8000038e:	6145                	addi	sp,sp,48
    80000390:	8082                	ret

0000000080000392 <kputs>:

void kputs(const char *s)
{
    80000392:	1101                	addi	sp,sp,-32
    80000394:	ec06                	sd	ra,24(sp)
    80000396:	e822                	sd	s0,16(sp)
    80000398:	1000                	addi	s0,sp,32
    8000039a:	fea43423          	sd	a0,-24(s0)
	_kputs(s);
    8000039e:	fe843503          	ld	a0,-24(s0)
    800003a2:	fadff0ef          	jal	ra,8000034e <_kputs>
	kputc('\r');
    800003a6:	4535                	li	a0,13
    800003a8:	f69ff0ef          	jal	ra,80000310 <kputc>
	kputc('\n');
    800003ac:	4529                	li	a0,10
    800003ae:	f63ff0ef          	jal	ra,80000310 <kputc>
}
    800003b2:	0001                	nop
    800003b4:	60e2                	ld	ra,24(sp)
    800003b6:	6442                	ld	s0,16(sp)
    800003b8:	6105                	addi	sp,sp,32
    800003ba:	8082                	ret

00000000800003bc <kprintf>:

void kprintf(const char *fmt, ...)
{
    800003bc:	7151                	addi	sp,sp,-240
    800003be:	f506                	sd	ra,168(sp)
    800003c0:	f122                	sd	s0,160(sp)
    800003c2:	1900                	addi	s0,sp,176
    800003c4:	f4a43c23          	sd	a0,-168(s0)
    800003c8:	e40c                	sd	a1,8(s0)
    800003ca:	e810                	sd	a2,16(s0)
    800003cc:	ec14                	sd	a3,24(s0)
    800003ce:	f018                	sd	a4,32(s0)
    800003d0:	f41c                	sd	a5,40(s0)
    800003d2:	03043823          	sd	a6,48(s0)
    800003d6:	03143c23          	sd	a7,56(s0)
		va_list vl;
	bool is_format, is_long, is_char;
	char c;

	va_start(vl, fmt);
    800003da:	04040793          	addi	a5,s0,64
    800003de:	f4f43823          	sd	a5,-176(s0)
    800003e2:	f5043783          	ld	a5,-176(s0)
    800003e6:	fc878793          	addi	a5,a5,-56
    800003ea:	faf43423          	sd	a5,-88(s0)
	is_format = false;
    800003ee:	fe0407a3          	sb	zero,-17(s0)
	is_long = false;
    800003f2:	fe040723          	sb	zero,-18(s0)
	is_char = false;
    800003f6:	fe0406a3          	sb	zero,-19(s0)
	while ((c = *fmt++) != '\0') {
    800003fa:	a499                	j	80000640 <kprintf+0x284>
		if (is_format) {
    800003fc:	fef44783          	lbu	a5,-17(s0)
    80000400:	0ff7f793          	zext.b	a5,a5
    80000404:	20078d63          	beqz	a5,8000061e <kprintf+0x262>
			switch (c) {
    80000408:	fbf44783          	lbu	a5,-65(s0)
    8000040c:	2781                	sext.w	a5,a5
    8000040e:	f9d7869b          	addiw	a3,a5,-99
    80000412:	0006871b          	sext.w	a4,a3
    80000416:	47d5                	li	a5,21
    80000418:	1ee7ec63          	bltu	a5,a4,80000610 <kprintf+0x254>
    8000041c:	02069793          	slli	a5,a3,0x20
    80000420:	9381                	srli	a5,a5,0x20
    80000422:	00279713          	slli	a4,a5,0x2
    80000426:	00001797          	auipc	a5,0x1
    8000042a:	1b278793          	addi	a5,a5,434 # 800015d8 <dump+0x8>
    8000042e:	97ba                	add	a5,a5,a4
    80000430:	439c                	lw	a5,0(a5)
    80000432:	0007871b          	sext.w	a4,a5
    80000436:	00001797          	auipc	a5,0x1
    8000043a:	1a278793          	addi	a5,a5,418 # 800015d8 <dump+0x8>
    8000043e:	97ba                	add	a5,a5,a4
    80000440:	8782                	jr	a5
			case 'l':
				unsigned long n;
				n = va_arg(vl, unsigned long);
    80000442:	fa843783          	ld	a5,-88(s0)
    80000446:	00878713          	addi	a4,a5,8
    8000044a:	fae43423          	sd	a4,-88(s0)
    8000044e:	639c                	ld	a5,0(a5)
    80000450:	fef43023          	sd	a5,-32(s0)
				char c[64];
				for (int i = 0; i < 64; i ++) c[i] = 0;
    80000454:	fc042e23          	sw	zero,-36(s0)
    80000458:	a821                	j	80000470 <kprintf+0xb4>
    8000045a:	fdc42783          	lw	a5,-36(s0)
    8000045e:	17c1                	addi	a5,a5,-16
    80000460:	97a2                	add	a5,a5,s0
    80000462:	f6078c23          	sb	zero,-136(a5)
    80000466:	fdc42783          	lw	a5,-36(s0)
    8000046a:	2785                	addiw	a5,a5,1
    8000046c:	fcf42e23          	sw	a5,-36(s0)
    80000470:	fdc42783          	lw	a5,-36(s0)
    80000474:	0007871b          	sext.w	a4,a5
    80000478:	03f00793          	li	a5,63
    8000047c:	fce7dfe3          	bge	a5,a4,8000045a <kprintf+0x9e>
				if (n == 0) {
    80000480:	fe043783          	ld	a5,-32(s0)
    80000484:	e7bd                	bnez	a5,800004f2 <kprintf+0x136>
					kputc ('0');
    80000486:	03000513          	li	a0,48
    8000048a:	e87ff0ef          	jal	ra,80000310 <kputc>
					break;
    8000048e:	a249                	j	80000610 <kprintf+0x254>
				}
				for (;n != 0;) {
					for (int i = 63; i > 0; i--) c[i] = c[i-1];
    80000490:	03f00793          	li	a5,63
    80000494:	fcf42c23          	sw	a5,-40(s0)
    80000498:	a025                	j	800004c0 <kprintf+0x104>
    8000049a:	fd842783          	lw	a5,-40(s0)
    8000049e:	37fd                	addiw	a5,a5,-1
    800004a0:	2781                	sext.w	a5,a5
    800004a2:	17c1                	addi	a5,a5,-16
    800004a4:	97a2                	add	a5,a5,s0
    800004a6:	f787c703          	lbu	a4,-136(a5)
    800004aa:	fd842783          	lw	a5,-40(s0)
    800004ae:	17c1                	addi	a5,a5,-16
    800004b0:	97a2                	add	a5,a5,s0
    800004b2:	f6e78c23          	sb	a4,-136(a5)
    800004b6:	fd842783          	lw	a5,-40(s0)
    800004ba:	37fd                	addiw	a5,a5,-1
    800004bc:	fcf42c23          	sw	a5,-40(s0)
    800004c0:	fd842783          	lw	a5,-40(s0)
    800004c4:	2781                	sext.w	a5,a5
    800004c6:	fcf04ae3          	bgtz	a5,8000049a <kprintf+0xde>
					c[0] = '0' + (n%10);
    800004ca:	fe043703          	ld	a4,-32(s0)
    800004ce:	47a9                	li	a5,10
    800004d0:	02f777b3          	remu	a5,a4,a5
    800004d4:	0ff7f793          	zext.b	a5,a5
    800004d8:	0307879b          	addiw	a5,a5,48
    800004dc:	0ff7f793          	zext.b	a5,a5
    800004e0:	f6f40423          	sb	a5,-152(s0)
					n = n / 10;
    800004e4:	fe043703          	ld	a4,-32(s0)
    800004e8:	47a9                	li	a5,10
    800004ea:	02f757b3          	divu	a5,a4,a5
    800004ee:	fef43023          	sd	a5,-32(s0)
				for (;n != 0;) {
    800004f2:	fe043783          	ld	a5,-32(s0)
    800004f6:	ffc9                	bnez	a5,80000490 <kprintf+0xd4>
				}
				for (int i = 0; c[i] != 0; i++) kputc(c[i]);
    800004f8:	fc042a23          	sw	zero,-44(s0)
    800004fc:	a839                	j	8000051a <kprintf+0x15e>
    800004fe:	fd442783          	lw	a5,-44(s0)
    80000502:	17c1                	addi	a5,a5,-16
    80000504:	97a2                	add	a5,a5,s0
    80000506:	f787c783          	lbu	a5,-136(a5)
    8000050a:	853e                	mv	a0,a5
    8000050c:	e05ff0ef          	jal	ra,80000310 <kputc>
    80000510:	fd442783          	lw	a5,-44(s0)
    80000514:	2785                	addiw	a5,a5,1
    80000516:	fcf42a23          	sw	a5,-44(s0)
    8000051a:	fd442783          	lw	a5,-44(s0)
    8000051e:	17c1                	addi	a5,a5,-16
    80000520:	97a2                	add	a5,a5,s0
    80000522:	f787c783          	lbu	a5,-136(a5)
    80000526:	ffe1                	bnez	a5,800004fe <kprintf+0x142>
				break;
    80000528:	a0e5                	j	80000610 <kprintf+0x254>
			case 'h':
				is_char = true;
    8000052a:	4785                	li	a5,1
    8000052c:	fef406a3          	sb	a5,-19(s0)
    80000530:	aa01                	j	80000640 <kprintf+0x284>
				continue;
			case 'x': {
				unsigned long n;
				long i;
				if (is_long) {
    80000532:	fee44783          	lbu	a5,-18(s0)
    80000536:	0ff7f793          	zext.b	a5,a5
    8000053a:	cf99                	beqz	a5,80000558 <kprintf+0x19c>
					n = va_arg(vl, unsigned long);
    8000053c:	fa843783          	ld	a5,-88(s0)
    80000540:	00878713          	addi	a4,a5,8
    80000544:	fae43423          	sd	a4,-88(s0)
    80000548:	639c                	ld	a5,0(a5)
    8000054a:	fcf43423          	sd	a5,-56(s0)
					i = (sizeof(unsigned long) << 3) - 4;
    8000054e:	03c00793          	li	a5,60
    80000552:	fcf43023          	sd	a5,-64(s0)
    80000556:	a041                	j	800005d6 <kprintf+0x21a>
				} else {
					n = va_arg(vl, unsigned int);
    80000558:	fa843783          	ld	a5,-88(s0)
    8000055c:	00878713          	addi	a4,a5,8
    80000560:	fae43423          	sd	a4,-88(s0)
    80000564:	439c                	lw	a5,0(a5)
    80000566:	1782                	slli	a5,a5,0x20
    80000568:	9381                	srli	a5,a5,0x20
    8000056a:	fcf43423          	sd	a5,-56(s0)
					i = is_char ? 4 : (sizeof(unsigned int) << 3) - 4;
    8000056e:	fed44783          	lbu	a5,-19(s0)
    80000572:	0ff7f793          	zext.b	a5,a5
    80000576:	c399                	beqz	a5,8000057c <kprintf+0x1c0>
    80000578:	4791                	li	a5,4
    8000057a:	a011                	j	8000057e <kprintf+0x1c2>
    8000057c:	47f1                	li	a5,28
    8000057e:	fcf43023          	sd	a5,-64(s0)
				}
				for (; i >= 0; i -= 4) {
    80000582:	a891                	j	800005d6 <kprintf+0x21a>
					long d;
					d = (n >> i) & 0xF;
    80000584:	fc043783          	ld	a5,-64(s0)
    80000588:	2781                	sext.w	a5,a5
    8000058a:	873e                	mv	a4,a5
    8000058c:	fc843783          	ld	a5,-56(s0)
    80000590:	00e7d7b3          	srl	a5,a5,a4
    80000594:	8bbd                	andi	a5,a5,15
    80000596:	faf43823          	sd	a5,-80(s0)
					kputc(d < 10 ? '0' + d : 'a' + d - 10);
    8000059a:	fb043703          	ld	a4,-80(s0)
    8000059e:	47a5                	li	a5,9
    800005a0:	00e7cb63          	blt	a5,a4,800005b6 <kprintf+0x1fa>
    800005a4:	fb043783          	ld	a5,-80(s0)
    800005a8:	0ff7f793          	zext.b	a5,a5
    800005ac:	0307879b          	addiw	a5,a5,48
    800005b0:	0ff7f793          	zext.b	a5,a5
    800005b4:	a809                	j	800005c6 <kprintf+0x20a>
    800005b6:	fb043783          	ld	a5,-80(s0)
    800005ba:	0ff7f793          	zext.b	a5,a5
    800005be:	0577879b          	addiw	a5,a5,87
    800005c2:	0ff7f793          	zext.b	a5,a5
    800005c6:	853e                	mv	a0,a5
    800005c8:	d49ff0ef          	jal	ra,80000310 <kputc>
				for (; i >= 0; i -= 4) {
    800005cc:	fc043783          	ld	a5,-64(s0)
    800005d0:	17f1                	addi	a5,a5,-4
    800005d2:	fcf43023          	sd	a5,-64(s0)
    800005d6:	fc043783          	ld	a5,-64(s0)
    800005da:	fa07d5e3          	bgez	a5,80000584 <kprintf+0x1c8>
				}
				break;
    800005de:	a80d                	j	80000610 <kprintf+0x254>
			}
			case 's':
				_kputs(va_arg(vl, const char *));
    800005e0:	fa843783          	ld	a5,-88(s0)
    800005e4:	00878713          	addi	a4,a5,8
    800005e8:	fae43423          	sd	a4,-88(s0)
    800005ec:	639c                	ld	a5,0(a5)
    800005ee:	853e                	mv	a0,a5
    800005f0:	d5fff0ef          	jal	ra,8000034e <_kputs>
				break;
    800005f4:	a831                	j	80000610 <kprintf+0x254>
			case 'c':
				kputc(va_arg(vl, int));
    800005f6:	fa843783          	ld	a5,-88(s0)
    800005fa:	00878713          	addi	a4,a5,8
    800005fe:	fae43423          	sd	a4,-88(s0)
    80000602:	439c                	lw	a5,0(a5)
    80000604:	0ff7f793          	zext.b	a5,a5
    80000608:	853e                	mv	a0,a5
    8000060a:	d07ff0ef          	jal	ra,80000310 <kputc>
				break;
    8000060e:	0001                	nop
			}
			is_format = false;
    80000610:	fe0407a3          	sb	zero,-17(s0)
			is_long = false;
    80000614:	fe040723          	sb	zero,-18(s0)
			is_char = false;
    80000618:	fe0406a3          	sb	zero,-19(s0)
    8000061c:	a015                	j	80000640 <kprintf+0x284>
		} else if (c == '%') {
    8000061e:	fbf44783          	lbu	a5,-65(s0)
    80000622:	0ff7f713          	zext.b	a4,a5
    80000626:	02500793          	li	a5,37
    8000062a:	00f71663          	bne	a4,a5,80000636 <kprintf+0x27a>
			is_format = true;
    8000062e:	4785                	li	a5,1
    80000630:	fef407a3          	sb	a5,-17(s0)
    80000634:	a031                	j	80000640 <kprintf+0x284>
		} else {
			kputc(c);
    80000636:	fbf44783          	lbu	a5,-65(s0)
    8000063a:	853e                	mv	a0,a5
    8000063c:	cd5ff0ef          	jal	ra,80000310 <kputc>
	while ((c = *fmt++) != '\0') {
    80000640:	f5843783          	ld	a5,-168(s0)
    80000644:	00178713          	addi	a4,a5,1
    80000648:	f4e43c23          	sd	a4,-168(s0)
    8000064c:	0007c783          	lbu	a5,0(a5)
    80000650:	faf40fa3          	sb	a5,-65(s0)
    80000654:	fbf44783          	lbu	a5,-65(s0)
    80000658:	0ff7f793          	zext.b	a5,a5
    8000065c:	da0790e3          	bnez	a5,800003fc <kprintf+0x40>
		}
	}
	va_end(vl);
}
    80000660:	0001                	nop
    80000662:	0001                	nop
    80000664:	70aa                	ld	ra,168(sp)
    80000666:	740a                	ld	s0,160(sp)
    80000668:	616d                	addi	sp,sp,240
    8000066a:	8082                	ret

000000008000066c <thread_init>:
extern uint32_t read_flag0();
extern uint32_t read_flag1();
extern uint32_t read_flag2();
extern uint32_t read_flag3();

void thread_init(uint32_t thread_count) {
    8000066c:	1101                	addi	sp,sp,-32
    8000066e:	ec06                	sd	ra,24(sp)
    80000670:	e822                	sd	s0,16(sp)
    80000672:	1000                	addi	s0,sp,32
    80000674:	87aa                	mv	a5,a0
    80000676:	fef42623          	sw	a5,-20(s0)
    mux_lock();
    8000067a:	b7fff0ef          	jal	ra,800001f8 <mux_lock>
    thread_cnt = thread_count;
    8000067e:	00003797          	auipc	a5,0x3
    80000682:	98a78793          	addi	a5,a5,-1654 # 80003008 <thread_cnt>
    80000686:	fec42703          	lw	a4,-20(s0)
    8000068a:	c398                	sw	a4,0(a5)
    thread_widx = 0;
    8000068c:	00003797          	auipc	a5,0x3
    80000690:	97478793          	addi	a5,a5,-1676 # 80003000 <thread_widx>
    80000694:	0007a023          	sw	zero,0(a5)
    thread_ridx = 0;
    80000698:	00003797          	auipc	a5,0x3
    8000069c:	96c78793          	addi	a5,a5,-1684 # 80003004 <thread_ridx>
    800006a0:	0007a023          	sw	zero,0(a5)
    mux_unlock();
    800006a4:	b91ff0ef          	jal	ra,80000234 <mux_unlock>
    // Active cores from sleep
}
    800006a8:	0001                	nop
    800006aa:	60e2                	ld	ra,24(sp)
    800006ac:	6442                	ld	s0,16(sp)
    800006ae:	6105                	addi	sp,sp,32
    800006b0:	8082                	ret

00000000800006b2 <thread_create>:

void thread_create(void* funct, void *din0, void *din1, void *dout) {
    800006b2:	7179                	addi	sp,sp,-48
    800006b4:	f406                	sd	ra,40(sp)
    800006b6:	f022                	sd	s0,32(sp)
    800006b8:	1800                	addi	s0,sp,48
    800006ba:	fea43423          	sd	a0,-24(s0)
    800006be:	feb43023          	sd	a1,-32(s0)
    800006c2:	fcc43c23          	sd	a2,-40(s0)
    800006c6:	fcd43823          	sd	a3,-48(s0)
    mux_lock();
    800006ca:	b2fff0ef          	jal	ra,800001f8 <mux_lock>
    thread_queue[thread_widx++] = funct;
    800006ce:	00001797          	auipc	a5,0x1
    800006d2:	ed278793          	addi	a5,a5,-302 # 800015a0 <thread_queue>
    800006d6:	6398                	ld	a4,0(a5)
    800006d8:	00003797          	auipc	a5,0x3
    800006dc:	92878793          	addi	a5,a5,-1752 # 80003000 <thread_widx>
    800006e0:	439c                	lw	a5,0(a5)
    800006e2:	2781                	sext.w	a5,a5
    800006e4:	2781                	sext.w	a5,a5
    800006e6:	0017869b          	addiw	a3,a5,1
    800006ea:	0006861b          	sext.w	a2,a3
    800006ee:	00003697          	auipc	a3,0x3
    800006f2:	91268693          	addi	a3,a3,-1774 # 80003000 <thread_widx>
    800006f6:	c290                	sw	a2,0(a3)
    800006f8:	1782                	slli	a5,a5,0x20
    800006fa:	9381                	srli	a5,a5,0x20
    800006fc:	078e                	slli	a5,a5,0x3
    800006fe:	97ba                	add	a5,a5,a4
    80000700:	fe843703          	ld	a4,-24(s0)
    80000704:	e398                	sd	a4,0(a5)
    thread_queue[thread_widx++] = din0;
    80000706:	00001797          	auipc	a5,0x1
    8000070a:	e9a78793          	addi	a5,a5,-358 # 800015a0 <thread_queue>
    8000070e:	6398                	ld	a4,0(a5)
    80000710:	00003797          	auipc	a5,0x3
    80000714:	8f078793          	addi	a5,a5,-1808 # 80003000 <thread_widx>
    80000718:	439c                	lw	a5,0(a5)
    8000071a:	2781                	sext.w	a5,a5
    8000071c:	2781                	sext.w	a5,a5
    8000071e:	0017869b          	addiw	a3,a5,1
    80000722:	0006861b          	sext.w	a2,a3
    80000726:	00003697          	auipc	a3,0x3
    8000072a:	8da68693          	addi	a3,a3,-1830 # 80003000 <thread_widx>
    8000072e:	c290                	sw	a2,0(a3)
    80000730:	1782                	slli	a5,a5,0x20
    80000732:	9381                	srli	a5,a5,0x20
    80000734:	078e                	slli	a5,a5,0x3
    80000736:	97ba                	add	a5,a5,a4
    80000738:	fe043703          	ld	a4,-32(s0)
    8000073c:	e398                	sd	a4,0(a5)
    thread_queue[thread_widx++] = din1;
    8000073e:	00001797          	auipc	a5,0x1
    80000742:	e6278793          	addi	a5,a5,-414 # 800015a0 <thread_queue>
    80000746:	6398                	ld	a4,0(a5)
    80000748:	00003797          	auipc	a5,0x3
    8000074c:	8b878793          	addi	a5,a5,-1864 # 80003000 <thread_widx>
    80000750:	439c                	lw	a5,0(a5)
    80000752:	2781                	sext.w	a5,a5
    80000754:	2781                	sext.w	a5,a5
    80000756:	0017869b          	addiw	a3,a5,1
    8000075a:	0006861b          	sext.w	a2,a3
    8000075e:	00003697          	auipc	a3,0x3
    80000762:	8a268693          	addi	a3,a3,-1886 # 80003000 <thread_widx>
    80000766:	c290                	sw	a2,0(a3)
    80000768:	1782                	slli	a5,a5,0x20
    8000076a:	9381                	srli	a5,a5,0x20
    8000076c:	078e                	slli	a5,a5,0x3
    8000076e:	97ba                	add	a5,a5,a4
    80000770:	fd843703          	ld	a4,-40(s0)
    80000774:	e398                	sd	a4,0(a5)
    thread_queue[thread_widx++] = dout;
    80000776:	00001797          	auipc	a5,0x1
    8000077a:	e2a78793          	addi	a5,a5,-470 # 800015a0 <thread_queue>
    8000077e:	6398                	ld	a4,0(a5)
    80000780:	00003797          	auipc	a5,0x3
    80000784:	88078793          	addi	a5,a5,-1920 # 80003000 <thread_widx>
    80000788:	439c                	lw	a5,0(a5)
    8000078a:	2781                	sext.w	a5,a5
    8000078c:	2781                	sext.w	a5,a5
    8000078e:	0017869b          	addiw	a3,a5,1
    80000792:	0006861b          	sext.w	a2,a3
    80000796:	00003697          	auipc	a3,0x3
    8000079a:	86a68693          	addi	a3,a3,-1942 # 80003000 <thread_widx>
    8000079e:	c290                	sw	a2,0(a3)
    800007a0:	1782                	slli	a5,a5,0x20
    800007a2:	9381                	srli	a5,a5,0x20
    800007a4:	078e                	slli	a5,a5,0x3
    800007a6:	97ba                	add	a5,a5,a4
    800007a8:	fd043703          	ld	a4,-48(s0)
    800007ac:	e398                	sd	a4,0(a5)
    mux_unlock();
    800007ae:	a87ff0ef          	jal	ra,80000234 <mux_unlock>
}
    800007b2:	0001                	nop
    800007b4:	70a2                	ld	ra,40(sp)
    800007b6:	7402                	ld	s0,32(sp)
    800007b8:	6145                	addi	sp,sp,48
    800007ba:	8082                	ret

00000000800007bc <thread_run>:

void thread_run() {
    800007bc:	7179                	addi	sp,sp,-48
    800007be:	f406                	sd	ra,40(sp)
    800007c0:	f022                	sd	s0,32(sp)
    800007c2:	1800                	addi	s0,sp,48
    while (1) {
        mux_lock();
    800007c4:	a35ff0ef          	jal	ra,800001f8 <mux_lock>
        if ((thread_ridx < thread_widx) && (thread_cnt >0)) {
    800007c8:	00003797          	auipc	a5,0x3
    800007cc:	83c78793          	addi	a5,a5,-1988 # 80003004 <thread_ridx>
    800007d0:	439c                	lw	a5,0(a5)
    800007d2:	0007871b          	sext.w	a4,a5
    800007d6:	00003797          	auipc	a5,0x3
    800007da:	82a78793          	addi	a5,a5,-2006 # 80003000 <thread_widx>
    800007de:	439c                	lw	a5,0(a5)
    800007e0:	2781                	sext.w	a5,a5
    800007e2:	12f77463          	bgeu	a4,a5,8000090a <thread_run+0x14e>
    800007e6:	00003797          	auipc	a5,0x3
    800007ea:	82278793          	addi	a5,a5,-2014 # 80003008 <thread_cnt>
    800007ee:	439c                	lw	a5,0(a5)
    800007f0:	2781                	sext.w	a5,a5
    800007f2:	10078c63          	beqz	a5,8000090a <thread_run+0x14e>
            void (*funct)(void*, void*, void*);
            funct = thread_queue[thread_ridx++];
    800007f6:	00001797          	auipc	a5,0x1
    800007fa:	daa78793          	addi	a5,a5,-598 # 800015a0 <thread_queue>
    800007fe:	6398                	ld	a4,0(a5)
    80000800:	00003797          	auipc	a5,0x3
    80000804:	80478793          	addi	a5,a5,-2044 # 80003004 <thread_ridx>
    80000808:	439c                	lw	a5,0(a5)
    8000080a:	2781                	sext.w	a5,a5
    8000080c:	2781                	sext.w	a5,a5
    8000080e:	0017869b          	addiw	a3,a5,1
    80000812:	0006861b          	sext.w	a2,a3
    80000816:	00002697          	auipc	a3,0x2
    8000081a:	7ee68693          	addi	a3,a3,2030 # 80003004 <thread_ridx>
    8000081e:	c290                	sw	a2,0(a3)
    80000820:	1782                	slli	a5,a5,0x20
    80000822:	9381                	srli	a5,a5,0x20
    80000824:	078e                	slli	a5,a5,0x3
    80000826:	97ba                	add	a5,a5,a4
    80000828:	639c                	ld	a5,0(a5)
    8000082a:	fef43423          	sd	a5,-24(s0)
            void* din0 = thread_queue[thread_ridx++];
    8000082e:	00001797          	auipc	a5,0x1
    80000832:	d7278793          	addi	a5,a5,-654 # 800015a0 <thread_queue>
    80000836:	6398                	ld	a4,0(a5)
    80000838:	00002797          	auipc	a5,0x2
    8000083c:	7cc78793          	addi	a5,a5,1996 # 80003004 <thread_ridx>
    80000840:	439c                	lw	a5,0(a5)
    80000842:	2781                	sext.w	a5,a5
    80000844:	2781                	sext.w	a5,a5
    80000846:	0017869b          	addiw	a3,a5,1
    8000084a:	0006861b          	sext.w	a2,a3
    8000084e:	00002697          	auipc	a3,0x2
    80000852:	7b668693          	addi	a3,a3,1974 # 80003004 <thread_ridx>
    80000856:	c290                	sw	a2,0(a3)
    80000858:	1782                	slli	a5,a5,0x20
    8000085a:	9381                	srli	a5,a5,0x20
    8000085c:	078e                	slli	a5,a5,0x3
    8000085e:	97ba                	add	a5,a5,a4
    80000860:	639c                	ld	a5,0(a5)
    80000862:	fef43023          	sd	a5,-32(s0)
            void* din1 = thread_queue[thread_ridx++];
    80000866:	00001797          	auipc	a5,0x1
    8000086a:	d3a78793          	addi	a5,a5,-710 # 800015a0 <thread_queue>
    8000086e:	6398                	ld	a4,0(a5)
    80000870:	00002797          	auipc	a5,0x2
    80000874:	79478793          	addi	a5,a5,1940 # 80003004 <thread_ridx>
    80000878:	439c                	lw	a5,0(a5)
    8000087a:	2781                	sext.w	a5,a5
    8000087c:	2781                	sext.w	a5,a5
    8000087e:	0017869b          	addiw	a3,a5,1
    80000882:	0006861b          	sext.w	a2,a3
    80000886:	00002697          	auipc	a3,0x2
    8000088a:	77e68693          	addi	a3,a3,1918 # 80003004 <thread_ridx>
    8000088e:	c290                	sw	a2,0(a3)
    80000890:	1782                	slli	a5,a5,0x20
    80000892:	9381                	srli	a5,a5,0x20
    80000894:	078e                	slli	a5,a5,0x3
    80000896:	97ba                	add	a5,a5,a4
    80000898:	639c                	ld	a5,0(a5)
    8000089a:	fcf43c23          	sd	a5,-40(s0)
            void *dout = thread_queue[thread_ridx++];
    8000089e:	00001797          	auipc	a5,0x1
    800008a2:	d0278793          	addi	a5,a5,-766 # 800015a0 <thread_queue>
    800008a6:	6398                	ld	a4,0(a5)
    800008a8:	00002797          	auipc	a5,0x2
    800008ac:	75c78793          	addi	a5,a5,1884 # 80003004 <thread_ridx>
    800008b0:	439c                	lw	a5,0(a5)
    800008b2:	2781                	sext.w	a5,a5
    800008b4:	2781                	sext.w	a5,a5
    800008b6:	0017869b          	addiw	a3,a5,1
    800008ba:	0006861b          	sext.w	a2,a3
    800008be:	00002697          	auipc	a3,0x2
    800008c2:	74668693          	addi	a3,a3,1862 # 80003004 <thread_ridx>
    800008c6:	c290                	sw	a2,0(a3)
    800008c8:	1782                	slli	a5,a5,0x20
    800008ca:	9381                	srli	a5,a5,0x20
    800008cc:	078e                	slli	a5,a5,0x3
    800008ce:	97ba                	add	a5,a5,a4
    800008d0:	639c                	ld	a5,0(a5)
    800008d2:	fcf43823          	sd	a5,-48(s0)
            thread_cnt--;
    800008d6:	00002797          	auipc	a5,0x2
    800008da:	73278793          	addi	a5,a5,1842 # 80003008 <thread_cnt>
    800008de:	439c                	lw	a5,0(a5)
    800008e0:	2781                	sext.w	a5,a5
    800008e2:	37fd                	addiw	a5,a5,-1
    800008e4:	0007871b          	sext.w	a4,a5
    800008e8:	00002797          	auipc	a5,0x2
    800008ec:	72078793          	addi	a5,a5,1824 # 80003008 <thread_cnt>
    800008f0:	c398                	sw	a4,0(a5)
            mux_unlock();
    800008f2:	943ff0ef          	jal	ra,80000234 <mux_unlock>
            funct(din0, din1, dout);
    800008f6:	fe843783          	ld	a5,-24(s0)
    800008fa:	fd043603          	ld	a2,-48(s0)
    800008fe:	fd843583          	ld	a1,-40(s0)
    80000902:	fe043503          	ld	a0,-32(s0)
    80000906:	9782                	jalr	a5
        if ((thread_ridx < thread_widx) && (thread_cnt >0)) {
    80000908:	a831                	j	80000924 <thread_run+0x168>
        }
        else if (thread_cnt > 0) {
    8000090a:	00002797          	auipc	a5,0x2
    8000090e:	6fe78793          	addi	a5,a5,1790 # 80003008 <thread_cnt>
    80000912:	439c                	lw	a5,0(a5)
    80000914:	2781                	sext.w	a5,a5
    80000916:	c781                	beqz	a5,8000091e <thread_run+0x162>
            mux_unlock();
    80000918:	91dff0ef          	jal	ra,80000234 <mux_unlock>
    8000091c:	b565                	j	800007c4 <thread_run+0x8>
        }
        else {
            mux_unlock();
    8000091e:	917ff0ef          	jal	ra,80000234 <mux_unlock>
            break;
    80000922:	a011                	j	80000926 <thread_run+0x16a>
        mux_lock();
    80000924:	b545                	j	800007c4 <thread_run+0x8>
        }
    }
    return;
    80000926:	0001                	nop
}
    80000928:	70a2                	ld	ra,40(sp)
    8000092a:	7402                	ld	s0,32(sp)
    8000092c:	6145                	addi	sp,sp,48
    8000092e:	8082                	ret

0000000080000930 <thread_join>:

void thread_join() {
    80000930:	1101                	addi	sp,sp,-32
    80000932:	ec06                	sd	ra,24(sp)
    80000934:	e822                	sd	s0,16(sp)
    80000936:	1000                	addi	s0,sp,32
    _thread0_entry();
    80000938:	f38ff0ef          	jal	ra,80000070 <_thread0_entry>

    uint32_t core_status = 0;
    8000093c:	fe042623          	sw	zero,-20(s0)

    while (1) {
        core_status = 0;
    80000940:	fe042623          	sw	zero,-20(s0)
        core_status += read_flag0();
    80000944:	991ff0ef          	jal	ra,800002d4 <read_flag0>
    80000948:	87aa                	mv	a5,a0
    8000094a:	2781                	sext.w	a5,a5
    8000094c:	fec42703          	lw	a4,-20(s0)
    80000950:	9fb9                	addw	a5,a5,a4
    80000952:	fef42623          	sw	a5,-20(s0)
        // core_status += read_flag3();
        // core_status += read_flag4();
        // core_status += read_flag5();
        // core_status += read_flag6();
        // core_status += read_flag7();
        if (core_status == 0) break;
    80000956:	fec42783          	lw	a5,-20(s0)
    8000095a:	2781                	sext.w	a5,a5
    8000095c:	c391                	beqz	a5,80000960 <thread_join+0x30>
        core_status = 0;
    8000095e:	b7cd                	j	80000940 <thread_join+0x10>
        if (core_status == 0) break;
    80000960:	0001                	nop
    }
}
    80000962:	0001                	nop
    80000964:	60e2                	ld	ra,24(sp)
    80000966:	6442                	ld	s0,16(sp)
    80000968:	6105                	addi	sp,sp,32
    8000096a:	8082                	ret

000000008000096c <matMul>:

mat_t in0[4][(SIZE/2)*(SIZE/2)];
mat_t in1[4][(SIZE/2)*(SIZE/2)];
mat_t out[8][(SIZE/2)*(SIZE/2)];

void matMul(void *din, void *dout) {
    8000096c:	7171                	addi	sp,sp,-176
    8000096e:	f506                	sd	ra,168(sp)
    80000970:	f122                	sd	s0,160(sp)
    80000972:	1900                	addi	s0,sp,176
    80000974:	f4a43c23          	sd	a0,-168(s0)
    80000978:	f4b43823          	sd	a1,-176(s0)
  mat_t matA[SIZE][SIZE];
  mat_t matB[SIZE][SIZE];
  mat_t matC[SIZE][SIZE];

  mat_t *matOut = (mat_t*)dout;
    8000097c:	f5043783          	ld	a5,-176(s0)
    80000980:	fcf43423          	sd	a5,-56(s0)

  // Intialize
  for (int i = 0; i < SIZE; i++)
    80000984:	fe042623          	sw	zero,-20(s0)
    80000988:	a845                	j	80000a38 <matMul+0xcc>
    for (int j = 0;  j < SIZE; j++){
    8000098a:	fe042423          	sw	zero,-24(s0)
    8000098e:	a849                	j	80000a20 <matMul+0xb4>
      matA[i][j] = i*SIZE + j;
    80000990:	fec42783          	lw	a5,-20(s0)
    80000994:	17c2                	slli	a5,a5,0x30
    80000996:	93c1                	srli	a5,a5,0x30
    80000998:	0027979b          	slliw	a5,a5,0x2
    8000099c:	03079713          	slli	a4,a5,0x30
    800009a0:	9341                	srli	a4,a4,0x30
    800009a2:	fe842783          	lw	a5,-24(s0)
    800009a6:	17c2                	slli	a5,a5,0x30
    800009a8:	93c1                	srli	a5,a5,0x30
    800009aa:	9fb9                	addw	a5,a5,a4
    800009ac:	03079713          	slli	a4,a5,0x30
    800009b0:	9341                	srli	a4,a4,0x30
    800009b2:	fe842783          	lw	a5,-24(s0)
    800009b6:	fec42683          	lw	a3,-20(s0)
    800009ba:	068a                	slli	a3,a3,0x2
    800009bc:	97b6                	add	a5,a5,a3
    800009be:	0786                	slli	a5,a5,0x1
    800009c0:	17c1                	addi	a5,a5,-16
    800009c2:	97a2                	add	a5,a5,s0
    800009c4:	fae79c23          	sh	a4,-72(a5)
      matB[i][j] = i*SIZE + j;
    800009c8:	fec42783          	lw	a5,-20(s0)
    800009cc:	17c2                	slli	a5,a5,0x30
    800009ce:	93c1                	srli	a5,a5,0x30
    800009d0:	0027979b          	slliw	a5,a5,0x2
    800009d4:	03079713          	slli	a4,a5,0x30
    800009d8:	9341                	srli	a4,a4,0x30
    800009da:	fe842783          	lw	a5,-24(s0)
    800009de:	17c2                	slli	a5,a5,0x30
    800009e0:	93c1                	srli	a5,a5,0x30
    800009e2:	9fb9                	addw	a5,a5,a4
    800009e4:	03079713          	slli	a4,a5,0x30
    800009e8:	9341                	srli	a4,a4,0x30
    800009ea:	fe842783          	lw	a5,-24(s0)
    800009ee:	fec42683          	lw	a3,-20(s0)
    800009f2:	068a                	slli	a3,a3,0x2
    800009f4:	97b6                	add	a5,a5,a3
    800009f6:	0786                	slli	a5,a5,0x1
    800009f8:	17c1                	addi	a5,a5,-16
    800009fa:	97a2                	add	a5,a5,s0
    800009fc:	f8e79c23          	sh	a4,-104(a5)
      matC[i][j] = 0;
    80000a00:	fe842783          	lw	a5,-24(s0)
    80000a04:	fec42703          	lw	a4,-20(s0)
    80000a08:	070a                	slli	a4,a4,0x2
    80000a0a:	97ba                	add	a5,a5,a4
    80000a0c:	0786                	slli	a5,a5,0x1
    80000a0e:	17c1                	addi	a5,a5,-16
    80000a10:	97a2                	add	a5,a5,s0
    80000a12:	f6079c23          	sh	zero,-136(a5)
    for (int j = 0;  j < SIZE; j++){
    80000a16:	fe842783          	lw	a5,-24(s0)
    80000a1a:	2785                	addiw	a5,a5,1
    80000a1c:	fef42423          	sw	a5,-24(s0)
    80000a20:	fe842783          	lw	a5,-24(s0)
    80000a24:	0007871b          	sext.w	a4,a5
    80000a28:	478d                	li	a5,3
    80000a2a:	f6e7d3e3          	bge	a5,a4,80000990 <matMul+0x24>
  for (int i = 0; i < SIZE; i++)
    80000a2e:	fec42783          	lw	a5,-20(s0)
    80000a32:	2785                	addiw	a5,a5,1
    80000a34:	fef42623          	sw	a5,-20(s0)
    80000a38:	fec42783          	lw	a5,-20(s0)
    80000a3c:	0007871b          	sext.w	a4,a5
    80000a40:	478d                	li	a5,3
    80000a42:	f4e7d4e3          	bge	a5,a4,8000098a <matMul+0x1e>
    }

  // Multiplication
  for (int i = 0; i < SIZE; i++)
    80000a46:	fe042223          	sw	zero,-28(s0)
    80000a4a:	a055                	j	80000aee <matMul+0x182>
    for (int j = 0;  j < SIZE; j++){
    80000a4c:	fe042023          	sw	zero,-32(s0)
    80000a50:	a059                	j	80000ad6 <matMul+0x16a>
      mat_t sum = 0;
    80000a52:	fc041f23          	sh	zero,-34(s0)
      for (int k = 0; k < SIZE; k++) {
    80000a56:	fc042c23          	sw	zero,-40(s0)
    80000a5a:	a0a9                	j	80000aa4 <matMul+0x138>
        sum += matA[i][k]*matB[k][j]; 
    80000a5c:	fd842783          	lw	a5,-40(s0)
    80000a60:	fe442703          	lw	a4,-28(s0)
    80000a64:	070a                	slli	a4,a4,0x2
    80000a66:	97ba                	add	a5,a5,a4
    80000a68:	0786                	slli	a5,a5,0x1
    80000a6a:	17c1                	addi	a5,a5,-16
    80000a6c:	97a2                	add	a5,a5,s0
    80000a6e:	fb87d703          	lhu	a4,-72(a5)
    80000a72:	fe042783          	lw	a5,-32(s0)
    80000a76:	fd842683          	lw	a3,-40(s0)
    80000a7a:	068a                	slli	a3,a3,0x2
    80000a7c:	97b6                	add	a5,a5,a3
    80000a7e:	0786                	slli	a5,a5,0x1
    80000a80:	17c1                	addi	a5,a5,-16
    80000a82:	97a2                	add	a5,a5,s0
    80000a84:	f987d783          	lhu	a5,-104(a5)
    80000a88:	02f707bb          	mulw	a5,a4,a5
    80000a8c:	17c2                	slli	a5,a5,0x30
    80000a8e:	93c1                	srli	a5,a5,0x30
    80000a90:	fde45703          	lhu	a4,-34(s0)
    80000a94:	9fb9                	addw	a5,a5,a4
    80000a96:	fcf41f23          	sh	a5,-34(s0)
      for (int k = 0; k < SIZE; k++) {
    80000a9a:	fd842783          	lw	a5,-40(s0)
    80000a9e:	2785                	addiw	a5,a5,1
    80000aa0:	fcf42c23          	sw	a5,-40(s0)
    80000aa4:	fd842783          	lw	a5,-40(s0)
    80000aa8:	0007871b          	sext.w	a4,a5
    80000aac:	478d                	li	a5,3
    80000aae:	fae7d7e3          	bge	a5,a4,80000a5c <matMul+0xf0>
      }
      matC[i][j] = sum;
    80000ab2:	fe042783          	lw	a5,-32(s0)
    80000ab6:	fe442703          	lw	a4,-28(s0)
    80000aba:	070a                	slli	a4,a4,0x2
    80000abc:	97ba                	add	a5,a5,a4
    80000abe:	0786                	slli	a5,a5,0x1
    80000ac0:	17c1                	addi	a5,a5,-16
    80000ac2:	97a2                	add	a5,a5,s0
    80000ac4:	fde45703          	lhu	a4,-34(s0)
    80000ac8:	f6e79c23          	sh	a4,-136(a5)
    for (int j = 0;  j < SIZE; j++){
    80000acc:	fe042783          	lw	a5,-32(s0)
    80000ad0:	2785                	addiw	a5,a5,1
    80000ad2:	fef42023          	sw	a5,-32(s0)
    80000ad6:	fe042783          	lw	a5,-32(s0)
    80000ada:	0007871b          	sext.w	a4,a5
    80000ade:	478d                	li	a5,3
    80000ae0:	f6e7d9e3          	bge	a5,a4,80000a52 <matMul+0xe6>
  for (int i = 0; i < SIZE; i++)
    80000ae4:	fe442783          	lw	a5,-28(s0)
    80000ae8:	2785                	addiw	a5,a5,1
    80000aea:	fef42223          	sw	a5,-28(s0)
    80000aee:	fe442783          	lw	a5,-28(s0)
    80000af2:	0007871b          	sext.w	a4,a5
    80000af6:	478d                	li	a5,3
    80000af8:	f4e7dae3          	bge	a5,a4,80000a4c <matMul+0xe0>
    }

  // Writeback
  for (int i = 0; i < SIZE; i++)
    80000afc:	fc042a23          	sw	zero,-44(s0)
    80000b00:	a8b9                	j	80000b5e <matMul+0x1f2>
    for (int j = 0;  j < SIZE; j++)
    80000b02:	fc042823          	sw	zero,-48(s0)
    80000b06:	a081                	j	80000b46 <matMul+0x1da>
      matOut[i*SIZE + j] = matC[i][j];
    80000b08:	fd442783          	lw	a5,-44(s0)
    80000b0c:	0027979b          	slliw	a5,a5,0x2
    80000b10:	2781                	sext.w	a5,a5
    80000b12:	fd042703          	lw	a4,-48(s0)
    80000b16:	9fb9                	addw	a5,a5,a4
    80000b18:	2781                	sext.w	a5,a5
    80000b1a:	0786                	slli	a5,a5,0x1
    80000b1c:	fc843703          	ld	a4,-56(s0)
    80000b20:	973e                	add	a4,a4,a5
    80000b22:	fd042783          	lw	a5,-48(s0)
    80000b26:	fd442683          	lw	a3,-44(s0)
    80000b2a:	068a                	slli	a3,a3,0x2
    80000b2c:	97b6                	add	a5,a5,a3
    80000b2e:	0786                	slli	a5,a5,0x1
    80000b30:	17c1                	addi	a5,a5,-16
    80000b32:	97a2                	add	a5,a5,s0
    80000b34:	f787d783          	lhu	a5,-136(a5)
    80000b38:	00f71023          	sh	a5,0(a4)
    for (int j = 0;  j < SIZE; j++)
    80000b3c:	fd042783          	lw	a5,-48(s0)
    80000b40:	2785                	addiw	a5,a5,1
    80000b42:	fcf42823          	sw	a5,-48(s0)
    80000b46:	fd042783          	lw	a5,-48(s0)
    80000b4a:	0007871b          	sext.w	a4,a5
    80000b4e:	478d                	li	a5,3
    80000b50:	fae7dce3          	bge	a5,a4,80000b08 <matMul+0x19c>
  for (int i = 0; i < SIZE; i++)
    80000b54:	fd442783          	lw	a5,-44(s0)
    80000b58:	2785                	addiw	a5,a5,1
    80000b5a:	fcf42a23          	sw	a5,-44(s0)
    80000b5e:	fd442783          	lw	a5,-44(s0)
    80000b62:	0007871b          	sext.w	a4,a5
    80000b66:	478d                	li	a5,3
    80000b68:	f8e7dde3          	bge	a5,a4,80000b02 <matMul+0x196>
  
  // Replace the first element with core id for debug
  matOut[0] = get_hartid();
    80000b6c:	ef8ff0ef          	jal	ra,80000264 <get_hartid>
    80000b70:	87aa                	mv	a5,a0
    80000b72:	2781                	sext.w	a5,a5
    80000b74:	03079713          	slli	a4,a5,0x30
    80000b78:	9341                	srli	a4,a4,0x30
    80000b7a:	fc843783          	ld	a5,-56(s0)
    80000b7e:	00e79023          	sh	a4,0(a5)
}
    80000b82:	0001                	nop
    80000b84:	70aa                	ld	ra,168(sp)
    80000b86:	740a                	ld	s0,160(sp)
    80000b88:	614d                	addi	sp,sp,176
    80000b8a:	8082                	ret

0000000080000b8c <strassen_mul>:

void strassen_mul(void *din0, void *din1, void *dout) {
    80000b8c:	7119                	addi	sp,sp,-128
    80000b8e:	fca2                	sd	s0,120(sp)
    80000b90:	0100                	addi	s0,sp,128
    80000b92:	f8a43c23          	sd	a0,-104(s0)
    80000b96:	f8b43823          	sd	a1,-112(s0)
    80000b9a:	f8c43423          	sd	a2,-120(s0)
  mat_t matA[SIZE/2][SIZE/2];
  mat_t matB[SIZE/2][SIZE/2];
  mat_t matC[SIZE/2][SIZE/2];

  mat_t *dinA = (mat_t*)din0;
    80000b9e:	f9843783          	ld	a5,-104(s0)
    80000ba2:	fcf43423          	sd	a5,-56(s0)
  mat_t *dinB = (mat_t*)din1;
    80000ba6:	f9043783          	ld	a5,-112(s0)
    80000baa:	fcf43023          	sd	a5,-64(s0)

  mat_t *matOut = (mat_t*)dout;
    80000bae:	f8843783          	ld	a5,-120(s0)
    80000bb2:	faf43c23          	sd	a5,-72(s0)

  // Fetch
  for (int i = 0; i < SIZE/2; i++)
    80000bb6:	fe042623          	sw	zero,-20(s0)
    80000bba:	a849                	j	80000c4c <strassen_mul+0xc0>
    for (int j = 0;  j < SIZE/2; j++){
    80000bbc:	fe042423          	sw	zero,-24(s0)
    80000bc0:	a895                	j	80000c34 <strassen_mul+0xa8>
      matA[i][j] = dinA[i*(SIZE/2)+j];
    80000bc2:	fec42783          	lw	a5,-20(s0)
    80000bc6:	0017979b          	slliw	a5,a5,0x1
    80000bca:	2781                	sext.w	a5,a5
    80000bcc:	fe842703          	lw	a4,-24(s0)
    80000bd0:	9fb9                	addw	a5,a5,a4
    80000bd2:	2781                	sext.w	a5,a5
    80000bd4:	0786                	slli	a5,a5,0x1
    80000bd6:	fc843703          	ld	a4,-56(s0)
    80000bda:	97ba                	add	a5,a5,a4
    80000bdc:	0007d703          	lhu	a4,0(a5)
    80000be0:	fe842783          	lw	a5,-24(s0)
    80000be4:	fec42683          	lw	a3,-20(s0)
    80000be8:	0686                	slli	a3,a3,0x1
    80000bea:	97b6                	add	a5,a5,a3
    80000bec:	0786                	slli	a5,a5,0x1
    80000bee:	17c1                	addi	a5,a5,-16
    80000bf0:	97a2                	add	a5,a5,s0
    80000bf2:	fce79023          	sh	a4,-64(a5)
      matB[i][j] = dinB[i*(SIZE/2)+j];
    80000bf6:	fec42783          	lw	a5,-20(s0)
    80000bfa:	0017979b          	slliw	a5,a5,0x1
    80000bfe:	2781                	sext.w	a5,a5
    80000c00:	fe842703          	lw	a4,-24(s0)
    80000c04:	9fb9                	addw	a5,a5,a4
    80000c06:	2781                	sext.w	a5,a5
    80000c08:	0786                	slli	a5,a5,0x1
    80000c0a:	fc043703          	ld	a4,-64(s0)
    80000c0e:	97ba                	add	a5,a5,a4
    80000c10:	0007d703          	lhu	a4,0(a5)
    80000c14:	fe842783          	lw	a5,-24(s0)
    80000c18:	fec42683          	lw	a3,-20(s0)
    80000c1c:	0686                	slli	a3,a3,0x1
    80000c1e:	97b6                	add	a5,a5,a3
    80000c20:	0786                	slli	a5,a5,0x1
    80000c22:	17c1                	addi	a5,a5,-16
    80000c24:	97a2                	add	a5,a5,s0
    80000c26:	fae79c23          	sh	a4,-72(a5)
    for (int j = 0;  j < SIZE/2; j++){
    80000c2a:	fe842783          	lw	a5,-24(s0)
    80000c2e:	2785                	addiw	a5,a5,1
    80000c30:	fef42423          	sw	a5,-24(s0)
    80000c34:	fe842783          	lw	a5,-24(s0)
    80000c38:	0007871b          	sext.w	a4,a5
    80000c3c:	4785                	li	a5,1
    80000c3e:	f8e7d2e3          	bge	a5,a4,80000bc2 <strassen_mul+0x36>
  for (int i = 0; i < SIZE/2; i++)
    80000c42:	fec42783          	lw	a5,-20(s0)
    80000c46:	2785                	addiw	a5,a5,1
    80000c48:	fef42623          	sw	a5,-20(s0)
    80000c4c:	fec42783          	lw	a5,-20(s0)
    80000c50:	0007871b          	sext.w	a4,a5
    80000c54:	4785                	li	a5,1
    80000c56:	f6e7d3e3          	bge	a5,a4,80000bbc <strassen_mul+0x30>
    }

  // Multiplication
  for (int i = 0; i < SIZE/2; i++)
    80000c5a:	fe042223          	sw	zero,-28(s0)
    80000c5e:	a055                	j	80000d02 <strassen_mul+0x176>
    for (int j = 0;  j < SIZE/2; j++){
    80000c60:	fe042023          	sw	zero,-32(s0)
    80000c64:	a059                	j	80000cea <strassen_mul+0x15e>
      mat_t sum = 0;
    80000c66:	fc041f23          	sh	zero,-34(s0)
      for (int k = 0; k < SIZE/2; k++) {
    80000c6a:	fc042c23          	sw	zero,-40(s0)
    80000c6e:	a0a9                	j	80000cb8 <strassen_mul+0x12c>
        sum += matA[i][k]*matB[k][j]; 
    80000c70:	fd842783          	lw	a5,-40(s0)
    80000c74:	fe442703          	lw	a4,-28(s0)
    80000c78:	0706                	slli	a4,a4,0x1
    80000c7a:	97ba                	add	a5,a5,a4
    80000c7c:	0786                	slli	a5,a5,0x1
    80000c7e:	17c1                	addi	a5,a5,-16
    80000c80:	97a2                	add	a5,a5,s0
    80000c82:	fc07d703          	lhu	a4,-64(a5)
    80000c86:	fe042783          	lw	a5,-32(s0)
    80000c8a:	fd842683          	lw	a3,-40(s0)
    80000c8e:	0686                	slli	a3,a3,0x1
    80000c90:	97b6                	add	a5,a5,a3
    80000c92:	0786                	slli	a5,a5,0x1
    80000c94:	17c1                	addi	a5,a5,-16
    80000c96:	97a2                	add	a5,a5,s0
    80000c98:	fb87d783          	lhu	a5,-72(a5)
    80000c9c:	02f707bb          	mulw	a5,a4,a5
    80000ca0:	17c2                	slli	a5,a5,0x30
    80000ca2:	93c1                	srli	a5,a5,0x30
    80000ca4:	fde45703          	lhu	a4,-34(s0)
    80000ca8:	9fb9                	addw	a5,a5,a4
    80000caa:	fcf41f23          	sh	a5,-34(s0)
      for (int k = 0; k < SIZE/2; k++) {
    80000cae:	fd842783          	lw	a5,-40(s0)
    80000cb2:	2785                	addiw	a5,a5,1
    80000cb4:	fcf42c23          	sw	a5,-40(s0)
    80000cb8:	fd842783          	lw	a5,-40(s0)
    80000cbc:	0007871b          	sext.w	a4,a5
    80000cc0:	4785                	li	a5,1
    80000cc2:	fae7d7e3          	bge	a5,a4,80000c70 <strassen_mul+0xe4>
      }
      matC[i][j] = sum;
    80000cc6:	fe042783          	lw	a5,-32(s0)
    80000cca:	fe442703          	lw	a4,-28(s0)
    80000cce:	0706                	slli	a4,a4,0x1
    80000cd0:	97ba                	add	a5,a5,a4
    80000cd2:	0786                	slli	a5,a5,0x1
    80000cd4:	17c1                	addi	a5,a5,-16
    80000cd6:	97a2                	add	a5,a5,s0
    80000cd8:	fde45703          	lhu	a4,-34(s0)
    80000cdc:	fae79823          	sh	a4,-80(a5)
    for (int j = 0;  j < SIZE/2; j++){
    80000ce0:	fe042783          	lw	a5,-32(s0)
    80000ce4:	2785                	addiw	a5,a5,1
    80000ce6:	fef42023          	sw	a5,-32(s0)
    80000cea:	fe042783          	lw	a5,-32(s0)
    80000cee:	0007871b          	sext.w	a4,a5
    80000cf2:	4785                	li	a5,1
    80000cf4:	f6e7d9e3          	bge	a5,a4,80000c66 <strassen_mul+0xda>
  for (int i = 0; i < SIZE/2; i++)
    80000cf8:	fe442783          	lw	a5,-28(s0)
    80000cfc:	2785                	addiw	a5,a5,1
    80000cfe:	fef42223          	sw	a5,-28(s0)
    80000d02:	fe442783          	lw	a5,-28(s0)
    80000d06:	0007871b          	sext.w	a4,a5
    80000d0a:	4785                	li	a5,1
    80000d0c:	f4e7dae3          	bge	a5,a4,80000c60 <strassen_mul+0xd4>
    }

  // Writeback
  for (int i = 0; i < SIZE/2; i++)
    80000d10:	fc042a23          	sw	zero,-44(s0)
    80000d14:	a8b9                	j	80000d72 <strassen_mul+0x1e6>
    for (int j = 0;  j < SIZE/2; j++)
    80000d16:	fc042823          	sw	zero,-48(s0)
    80000d1a:	a081                	j	80000d5a <strassen_mul+0x1ce>
      matOut[i*(SIZE/2) + j] = matC[i][j];
    80000d1c:	fd442783          	lw	a5,-44(s0)
    80000d20:	0017979b          	slliw	a5,a5,0x1
    80000d24:	2781                	sext.w	a5,a5
    80000d26:	fd042703          	lw	a4,-48(s0)
    80000d2a:	9fb9                	addw	a5,a5,a4
    80000d2c:	2781                	sext.w	a5,a5
    80000d2e:	0786                	slli	a5,a5,0x1
    80000d30:	fb843703          	ld	a4,-72(s0)
    80000d34:	973e                	add	a4,a4,a5
    80000d36:	fd042783          	lw	a5,-48(s0)
    80000d3a:	fd442683          	lw	a3,-44(s0)
    80000d3e:	0686                	slli	a3,a3,0x1
    80000d40:	97b6                	add	a5,a5,a3
    80000d42:	0786                	slli	a5,a5,0x1
    80000d44:	17c1                	addi	a5,a5,-16
    80000d46:	97a2                	add	a5,a5,s0
    80000d48:	fb07d783          	lhu	a5,-80(a5)
    80000d4c:	00f71023          	sh	a5,0(a4)
    for (int j = 0;  j < SIZE/2; j++)
    80000d50:	fd042783          	lw	a5,-48(s0)
    80000d54:	2785                	addiw	a5,a5,1
    80000d56:	fcf42823          	sw	a5,-48(s0)
    80000d5a:	fd042783          	lw	a5,-48(s0)
    80000d5e:	0007871b          	sext.w	a4,a5
    80000d62:	4785                	li	a5,1
    80000d64:	fae7dce3          	bge	a5,a4,80000d1c <strassen_mul+0x190>
  for (int i = 0; i < SIZE/2; i++)
    80000d68:	fd442783          	lw	a5,-44(s0)
    80000d6c:	2785                	addiw	a5,a5,1
    80000d6e:	fcf42a23          	sw	a5,-44(s0)
    80000d72:	fd442783          	lw	a5,-44(s0)
    80000d76:	0007871b          	sext.w	a4,a5
    80000d7a:	4785                	li	a5,1
    80000d7c:	f8e7dde3          	bge	a5,a4,80000d16 <strassen_mul+0x18a>
  
}
    80000d80:	0001                	nop
    80000d82:	0001                	nop
    80000d84:	7466                	ld	s0,120(sp)
    80000d86:	6109                	addi	sp,sp,128
    80000d88:	8082                	ret

0000000080000d8a <main>:

int main(int hartid, char **argv) {
    80000d8a:	7155                	addi	sp,sp,-208
    80000d8c:	e586                	sd	ra,200(sp)
    80000d8e:	e1a2                	sd	s0,192(sp)
    80000d90:	0980                	addi	s0,sp,208
    80000d92:	87aa                	mv	a5,a0
    80000d94:	f2b43823          	sd	a1,-208(s0)
    80000d98:	f2f42e23          	sw	a5,-196(s0)

  REG32(uart, UART_REG_TXCTRL) = UART_TXEN;
    80000d9c:	640007b7          	lui	a5,0x64000
    80000da0:	07a1                	addi	a5,a5,8 # 64000008 <_prog_start-0x1bfffff8>
    80000da2:	4705                	li	a4,1
    80000da4:	c398                	sw	a4,0(a5)
  mat_t matA[SIZE][SIZE];
  mat_t matB[SIZE][SIZE];
  mat_t matC[SIZE][SIZE];

  // Intialize
  for (int i = 0; i < SIZE; i++)
    80000da6:	fe042623          	sw	zero,-20(s0)
    80000daa:	a85d                	j	80000e60 <main+0xd6>
    for (int j = 0;  j < SIZE; j++){
    80000dac:	fe042423          	sw	zero,-24(s0)
    80000db0:	a861                	j	80000e48 <main+0xbe>
      matA[i][j] = i*SIZE + j;
    80000db2:	fec42783          	lw	a5,-20(s0)
    80000db6:	17c2                	slli	a5,a5,0x30
    80000db8:	93c1                	srli	a5,a5,0x30
    80000dba:	0027979b          	slliw	a5,a5,0x2
    80000dbe:	03079713          	slli	a4,a5,0x30
    80000dc2:	9341                	srli	a4,a4,0x30
    80000dc4:	fe842783          	lw	a5,-24(s0)
    80000dc8:	17c2                	slli	a5,a5,0x30
    80000dca:	93c1                	srli	a5,a5,0x30
    80000dcc:	9fb9                	addw	a5,a5,a4
    80000dce:	03079713          	slli	a4,a5,0x30
    80000dd2:	9341                	srli	a4,a4,0x30
    80000dd4:	fe842783          	lw	a5,-24(s0)
    80000dd8:	fec42683          	lw	a3,-20(s0)
    80000ddc:	068a                	slli	a3,a3,0x2
    80000dde:	97b6                	add	a5,a5,a3
    80000de0:	0786                	slli	a5,a5,0x1
    80000de2:	17c1                	addi	a5,a5,-16
    80000de4:	97a2                	add	a5,a5,s0
    80000de6:	f8e79823          	sh	a4,-112(a5)
      matB[i][j] = i*SIZE + j + 1;
    80000dea:	fec42783          	lw	a5,-20(s0)
    80000dee:	17c2                	slli	a5,a5,0x30
    80000df0:	93c1                	srli	a5,a5,0x30
    80000df2:	0027979b          	slliw	a5,a5,0x2
    80000df6:	03079713          	slli	a4,a5,0x30
    80000dfa:	9341                	srli	a4,a4,0x30
    80000dfc:	fe842783          	lw	a5,-24(s0)
    80000e00:	17c2                	slli	a5,a5,0x30
    80000e02:	93c1                	srli	a5,a5,0x30
    80000e04:	9fb9                	addw	a5,a5,a4
    80000e06:	17c2                	slli	a5,a5,0x30
    80000e08:	93c1                	srli	a5,a5,0x30
    80000e0a:	2785                	addiw	a5,a5,1
    80000e0c:	03079713          	slli	a4,a5,0x30
    80000e10:	9341                	srli	a4,a4,0x30
    80000e12:	fe842783          	lw	a5,-24(s0)
    80000e16:	fec42683          	lw	a3,-20(s0)
    80000e1a:	068a                	slli	a3,a3,0x2
    80000e1c:	97b6                	add	a5,a5,a3
    80000e1e:	0786                	slli	a5,a5,0x1
    80000e20:	17c1                	addi	a5,a5,-16
    80000e22:	97a2                	add	a5,a5,s0
    80000e24:	f6e79823          	sh	a4,-144(a5)
      matC[i][j] = 0;
    80000e28:	fe842783          	lw	a5,-24(s0)
    80000e2c:	fec42703          	lw	a4,-20(s0)
    80000e30:	070a                	slli	a4,a4,0x2
    80000e32:	97ba                	add	a5,a5,a4
    80000e34:	0786                	slli	a5,a5,0x1
    80000e36:	17c1                	addi	a5,a5,-16
    80000e38:	97a2                	add	a5,a5,s0
    80000e3a:	f4079823          	sh	zero,-176(a5)
    for (int j = 0;  j < SIZE; j++){
    80000e3e:	fe842783          	lw	a5,-24(s0)
    80000e42:	2785                	addiw	a5,a5,1
    80000e44:	fef42423          	sw	a5,-24(s0)
    80000e48:	fe842783          	lw	a5,-24(s0)
    80000e4c:	0007871b          	sext.w	a4,a5
    80000e50:	478d                	li	a5,3
    80000e52:	f6e7d0e3          	bge	a5,a4,80000db2 <main+0x28>
  for (int i = 0; i < SIZE; i++)
    80000e56:	fec42783          	lw	a5,-20(s0)
    80000e5a:	2785                	addiw	a5,a5,1
    80000e5c:	fef42623          	sw	a5,-20(s0)
    80000e60:	fec42783          	lw	a5,-20(s0)
    80000e64:	0007871b          	sext.w	a4,a5
    80000e68:	478d                	li	a5,3
    80000e6a:	f4e7d1e3          	bge	a5,a4,80000dac <main+0x22>
    }

  // Multiplication
  for (int i = 0; i < SIZE; i++)
    80000e6e:	fe042223          	sw	zero,-28(s0)
    80000e72:	a055                	j	80000f16 <main+0x18c>
    for (int j = 0;  j < SIZE; j++){
    80000e74:	fe042023          	sw	zero,-32(s0)
    80000e78:	a059                	j	80000efe <main+0x174>
      mat_t sum = 0;
    80000e7a:	fc041f23          	sh	zero,-34(s0)
      for (int k = 0; k < SIZE; k++) {
    80000e7e:	fc042c23          	sw	zero,-40(s0)
    80000e82:	a0a9                	j	80000ecc <main+0x142>
        sum += matA[i][k]*matB[k][j]; 
    80000e84:	fd842783          	lw	a5,-40(s0)
    80000e88:	fe442703          	lw	a4,-28(s0)
    80000e8c:	070a                	slli	a4,a4,0x2
    80000e8e:	97ba                	add	a5,a5,a4
    80000e90:	0786                	slli	a5,a5,0x1
    80000e92:	17c1                	addi	a5,a5,-16
    80000e94:	97a2                	add	a5,a5,s0
    80000e96:	f907d703          	lhu	a4,-112(a5)
    80000e9a:	fe042783          	lw	a5,-32(s0)
    80000e9e:	fd842683          	lw	a3,-40(s0)
    80000ea2:	068a                	slli	a3,a3,0x2
    80000ea4:	97b6                	add	a5,a5,a3
    80000ea6:	0786                	slli	a5,a5,0x1
    80000ea8:	17c1                	addi	a5,a5,-16
    80000eaa:	97a2                	add	a5,a5,s0
    80000eac:	f707d783          	lhu	a5,-144(a5)
    80000eb0:	02f707bb          	mulw	a5,a4,a5
    80000eb4:	17c2                	slli	a5,a5,0x30
    80000eb6:	93c1                	srli	a5,a5,0x30
    80000eb8:	fde45703          	lhu	a4,-34(s0)
    80000ebc:	9fb9                	addw	a5,a5,a4
    80000ebe:	fcf41f23          	sh	a5,-34(s0)
      for (int k = 0; k < SIZE; k++) {
    80000ec2:	fd842783          	lw	a5,-40(s0)
    80000ec6:	2785                	addiw	a5,a5,1
    80000ec8:	fcf42c23          	sw	a5,-40(s0)
    80000ecc:	fd842783          	lw	a5,-40(s0)
    80000ed0:	0007871b          	sext.w	a4,a5
    80000ed4:	478d                	li	a5,3
    80000ed6:	fae7d7e3          	bge	a5,a4,80000e84 <main+0xfa>
      }
      matC[i][j] = sum;
    80000eda:	fe042783          	lw	a5,-32(s0)
    80000ede:	fe442703          	lw	a4,-28(s0)
    80000ee2:	070a                	slli	a4,a4,0x2
    80000ee4:	97ba                	add	a5,a5,a4
    80000ee6:	0786                	slli	a5,a5,0x1
    80000ee8:	17c1                	addi	a5,a5,-16
    80000eea:	97a2                	add	a5,a5,s0
    80000eec:	fde45703          	lhu	a4,-34(s0)
    80000ef0:	f4e79823          	sh	a4,-176(a5)
    for (int j = 0;  j < SIZE; j++){
    80000ef4:	fe042783          	lw	a5,-32(s0)
    80000ef8:	2785                	addiw	a5,a5,1
    80000efa:	fef42023          	sw	a5,-32(s0)
    80000efe:	fe042783          	lw	a5,-32(s0)
    80000f02:	0007871b          	sext.w	a4,a5
    80000f06:	478d                	li	a5,3
    80000f08:	f6e7d9e3          	bge	a5,a4,80000e7a <main+0xf0>
  for (int i = 0; i < SIZE; i++)
    80000f0c:	fe442783          	lw	a5,-28(s0)
    80000f10:	2785                	addiw	a5,a5,1
    80000f12:	fef42223          	sw	a5,-28(s0)
    80000f16:	fe442783          	lw	a5,-28(s0)
    80000f1a:	0007871b          	sext.w	a4,a5
    80000f1e:	478d                	li	a5,3
    80000f20:	f4e7dae3          	bge	a5,a4,80000e74 <main+0xea>
    }

  // ======================================================
  // Run matrix multiplication on eight core

  t_start = read_csr(mcycle);
    80000f24:	b00027f3          	csrr	a5,mcycle
    80000f28:	faf43423          	sd	a5,-88(s0)
    80000f2c:	fa843783          	ld	a5,-88(s0)
    80000f30:	faf43023          	sd	a5,-96(s0)
  int k = 0;
    80000f34:	fc042a23          	sw	zero,-44(s0)

  // Split matrix
  for (int i = 0; i < SIZE/2; i++)
    80000f38:	fc042823          	sw	zero,-48(s0)
    80000f3c:	a061                	j	80000fc4 <main+0x23a>
    for (int j = 0; j < SIZE/2; j++) {
    80000f3e:	fc042623          	sw	zero,-52(s0)
    80000f42:	a0ad                	j	80000fac <main+0x222>
      in0[0][k] = matA[i][j];
    80000f44:	fcc42783          	lw	a5,-52(s0)
    80000f48:	fd042703          	lw	a4,-48(s0)
    80000f4c:	070a                	slli	a4,a4,0x2
    80000f4e:	97ba                	add	a5,a5,a4
    80000f50:	0786                	slli	a5,a5,0x1
    80000f52:	17c1                	addi	a5,a5,-16
    80000f54:	97a2                	add	a5,a5,s0
    80000f56:	f907d703          	lhu	a4,-112(a5)
    80000f5a:	00002697          	auipc	a3,0x2
    80000f5e:	0b668693          	addi	a3,a3,182 # 80003010 <in0>
    80000f62:	fd442783          	lw	a5,-44(s0)
    80000f66:	0786                	slli	a5,a5,0x1
    80000f68:	97b6                	add	a5,a5,a3
    80000f6a:	00e79023          	sh	a4,0(a5)
      in1[0][k] = matB[i][j];
    80000f6e:	fcc42783          	lw	a5,-52(s0)
    80000f72:	fd042703          	lw	a4,-48(s0)
    80000f76:	070a                	slli	a4,a4,0x2
    80000f78:	97ba                	add	a5,a5,a4
    80000f7a:	0786                	slli	a5,a5,0x1
    80000f7c:	17c1                	addi	a5,a5,-16
    80000f7e:	97a2                	add	a5,a5,s0
    80000f80:	f707d703          	lhu	a4,-144(a5)
    80000f84:	00002697          	auipc	a3,0x2
    80000f88:	0ac68693          	addi	a3,a3,172 # 80003030 <in1>
    80000f8c:	fd442783          	lw	a5,-44(s0)
    80000f90:	0786                	slli	a5,a5,0x1
    80000f92:	97b6                	add	a5,a5,a3
    80000f94:	00e79023          	sh	a4,0(a5)
      k++;
    80000f98:	fd442783          	lw	a5,-44(s0)
    80000f9c:	2785                	addiw	a5,a5,1
    80000f9e:	fcf42a23          	sw	a5,-44(s0)
    for (int j = 0; j < SIZE/2; j++) {
    80000fa2:	fcc42783          	lw	a5,-52(s0)
    80000fa6:	2785                	addiw	a5,a5,1
    80000fa8:	fcf42623          	sw	a5,-52(s0)
    80000fac:	fcc42783          	lw	a5,-52(s0)
    80000fb0:	0007871b          	sext.w	a4,a5
    80000fb4:	4785                	li	a5,1
    80000fb6:	f8e7d7e3          	bge	a5,a4,80000f44 <main+0x1ba>
  for (int i = 0; i < SIZE/2; i++)
    80000fba:	fd042783          	lw	a5,-48(s0)
    80000fbe:	2785                	addiw	a5,a5,1
    80000fc0:	fcf42823          	sw	a5,-48(s0)
    80000fc4:	fd042783          	lw	a5,-48(s0)
    80000fc8:	0007871b          	sext.w	a4,a5
    80000fcc:	4785                	li	a5,1
    80000fce:	f6e7d8e3          	bge	a5,a4,80000f3e <main+0x1b4>
    }
  k = 0;
    80000fd2:	fc042a23          	sw	zero,-44(s0)
  for (int i = 0; i < SIZE/2; i++)
    80000fd6:	fc042423          	sw	zero,-56(s0)
    80000fda:	a851                	j	8000106e <main+0x2e4>
    for (int j = 0; j < SIZE/2; j++) {
    80000fdc:	fc042223          	sw	zero,-60(s0)
    80000fe0:	a89d                	j	80001056 <main+0x2cc>
      in0[1][k] = matA[i][j+(SIZE/2)];
    80000fe2:	fc442783          	lw	a5,-60(s0)
    80000fe6:	2789                	addiw	a5,a5,2
    80000fe8:	2781                	sext.w	a5,a5
    80000fea:	fc842703          	lw	a4,-56(s0)
    80000fee:	070a                	slli	a4,a4,0x2
    80000ff0:	97ba                	add	a5,a5,a4
    80000ff2:	0786                	slli	a5,a5,0x1
    80000ff4:	17c1                	addi	a5,a5,-16
    80000ff6:	97a2                	add	a5,a5,s0
    80000ff8:	f907d703          	lhu	a4,-112(a5)
    80000ffc:	00002697          	auipc	a3,0x2
    80001000:	01468693          	addi	a3,a3,20 # 80003010 <in0>
    80001004:	fd442783          	lw	a5,-44(s0)
    80001008:	0791                	addi	a5,a5,4
    8000100a:	0786                	slli	a5,a5,0x1
    8000100c:	97b6                	add	a5,a5,a3
    8000100e:	00e79023          	sh	a4,0(a5)
      in1[1][k] = matB[i][j+(SIZE/2)];
    80001012:	fc442783          	lw	a5,-60(s0)
    80001016:	2789                	addiw	a5,a5,2
    80001018:	2781                	sext.w	a5,a5
    8000101a:	fc842703          	lw	a4,-56(s0)
    8000101e:	070a                	slli	a4,a4,0x2
    80001020:	97ba                	add	a5,a5,a4
    80001022:	0786                	slli	a5,a5,0x1
    80001024:	17c1                	addi	a5,a5,-16
    80001026:	97a2                	add	a5,a5,s0
    80001028:	f707d703          	lhu	a4,-144(a5)
    8000102c:	00002697          	auipc	a3,0x2
    80001030:	00468693          	addi	a3,a3,4 # 80003030 <in1>
    80001034:	fd442783          	lw	a5,-44(s0)
    80001038:	0791                	addi	a5,a5,4
    8000103a:	0786                	slli	a5,a5,0x1
    8000103c:	97b6                	add	a5,a5,a3
    8000103e:	00e79023          	sh	a4,0(a5)
      k++;
    80001042:	fd442783          	lw	a5,-44(s0)
    80001046:	2785                	addiw	a5,a5,1
    80001048:	fcf42a23          	sw	a5,-44(s0)
    for (int j = 0; j < SIZE/2; j++) {
    8000104c:	fc442783          	lw	a5,-60(s0)
    80001050:	2785                	addiw	a5,a5,1
    80001052:	fcf42223          	sw	a5,-60(s0)
    80001056:	fc442783          	lw	a5,-60(s0)
    8000105a:	0007871b          	sext.w	a4,a5
    8000105e:	4785                	li	a5,1
    80001060:	f8e7d1e3          	bge	a5,a4,80000fe2 <main+0x258>
  for (int i = 0; i < SIZE/2; i++)
    80001064:	fc842783          	lw	a5,-56(s0)
    80001068:	2785                	addiw	a5,a5,1
    8000106a:	fcf42423          	sw	a5,-56(s0)
    8000106e:	fc842783          	lw	a5,-56(s0)
    80001072:	0007871b          	sext.w	a4,a5
    80001076:	4785                	li	a5,1
    80001078:	f6e7d2e3          	bge	a5,a4,80000fdc <main+0x252>
    }
  k = 0;
    8000107c:	fc042a23          	sw	zero,-44(s0)
  for (int i = 0; i < SIZE/2; i++)
    80001080:	fc042023          	sw	zero,-64(s0)
    80001084:	a861                	j	8000111c <main+0x392>
    for (int j = 0; j < SIZE/2; j++) {
    80001086:	fa042e23          	sw	zero,-68(s0)
    8000108a:	a8ad                	j	80001104 <main+0x37a>
      in0[2][k] = matA[i+(SIZE/2)][j];
    8000108c:	fc042783          	lw	a5,-64(s0)
    80001090:	2789                	addiw	a5,a5,2
    80001092:	0007871b          	sext.w	a4,a5
    80001096:	fbc42783          	lw	a5,-68(s0)
    8000109a:	070a                	slli	a4,a4,0x2
    8000109c:	97ba                	add	a5,a5,a4
    8000109e:	0786                	slli	a5,a5,0x1
    800010a0:	17c1                	addi	a5,a5,-16
    800010a2:	97a2                	add	a5,a5,s0
    800010a4:	f907d703          	lhu	a4,-112(a5)
    800010a8:	00002697          	auipc	a3,0x2
    800010ac:	f6868693          	addi	a3,a3,-152 # 80003010 <in0>
    800010b0:	fd442783          	lw	a5,-44(s0)
    800010b4:	07a1                	addi	a5,a5,8
    800010b6:	0786                	slli	a5,a5,0x1
    800010b8:	97b6                	add	a5,a5,a3
    800010ba:	00e79023          	sh	a4,0(a5)
      in1[2][k] = matB[i+(SIZE/2)][j];
    800010be:	fc042783          	lw	a5,-64(s0)
    800010c2:	2789                	addiw	a5,a5,2
    800010c4:	0007871b          	sext.w	a4,a5
    800010c8:	fbc42783          	lw	a5,-68(s0)
    800010cc:	070a                	slli	a4,a4,0x2
    800010ce:	97ba                	add	a5,a5,a4
    800010d0:	0786                	slli	a5,a5,0x1
    800010d2:	17c1                	addi	a5,a5,-16
    800010d4:	97a2                	add	a5,a5,s0
    800010d6:	f707d703          	lhu	a4,-144(a5)
    800010da:	00002697          	auipc	a3,0x2
    800010de:	f5668693          	addi	a3,a3,-170 # 80003030 <in1>
    800010e2:	fd442783          	lw	a5,-44(s0)
    800010e6:	07a1                	addi	a5,a5,8
    800010e8:	0786                	slli	a5,a5,0x1
    800010ea:	97b6                	add	a5,a5,a3
    800010ec:	00e79023          	sh	a4,0(a5)
      k++;
    800010f0:	fd442783          	lw	a5,-44(s0)
    800010f4:	2785                	addiw	a5,a5,1
    800010f6:	fcf42a23          	sw	a5,-44(s0)
    for (int j = 0; j < SIZE/2; j++) {
    800010fa:	fbc42783          	lw	a5,-68(s0)
    800010fe:	2785                	addiw	a5,a5,1
    80001100:	faf42e23          	sw	a5,-68(s0)
    80001104:	fbc42783          	lw	a5,-68(s0)
    80001108:	0007871b          	sext.w	a4,a5
    8000110c:	4785                	li	a5,1
    8000110e:	f6e7dfe3          	bge	a5,a4,8000108c <main+0x302>
  for (int i = 0; i < SIZE/2; i++)
    80001112:	fc042783          	lw	a5,-64(s0)
    80001116:	2785                	addiw	a5,a5,1
    80001118:	fcf42023          	sw	a5,-64(s0)
    8000111c:	fc042783          	lw	a5,-64(s0)
    80001120:	0007871b          	sext.w	a4,a5
    80001124:	4785                	li	a5,1
    80001126:	f6e7d0e3          	bge	a5,a4,80001086 <main+0x2fc>
    }
  k = 0;
    8000112a:	fc042a23          	sw	zero,-44(s0)
  for (int i = 0; i < SIZE/2; i++)
    8000112e:	fa042c23          	sw	zero,-72(s0)
    80001132:	a045                	j	800011d2 <main+0x448>
    for (int j = 0; j < SIZE/2; j++) {
    80001134:	fa042a23          	sw	zero,-76(s0)
    80001138:	a049                	j	800011ba <main+0x430>
      in0[3][k] = matA[i+(SIZE/2)][j+(SIZE/2)];
    8000113a:	fb842783          	lw	a5,-72(s0)
    8000113e:	2789                	addiw	a5,a5,2
    80001140:	0007871b          	sext.w	a4,a5
    80001144:	fb442783          	lw	a5,-76(s0)
    80001148:	2789                	addiw	a5,a5,2
    8000114a:	2781                	sext.w	a5,a5
    8000114c:	070a                	slli	a4,a4,0x2
    8000114e:	97ba                	add	a5,a5,a4
    80001150:	0786                	slli	a5,a5,0x1
    80001152:	17c1                	addi	a5,a5,-16
    80001154:	97a2                	add	a5,a5,s0
    80001156:	f907d703          	lhu	a4,-112(a5)
    8000115a:	00002697          	auipc	a3,0x2
    8000115e:	eb668693          	addi	a3,a3,-330 # 80003010 <in0>
    80001162:	fd442783          	lw	a5,-44(s0)
    80001166:	07b1                	addi	a5,a5,12
    80001168:	0786                	slli	a5,a5,0x1
    8000116a:	97b6                	add	a5,a5,a3
    8000116c:	00e79023          	sh	a4,0(a5)
      in1[3][k] = matB[i+(SIZE/2)][j+(SIZE/2)];
    80001170:	fb842783          	lw	a5,-72(s0)
    80001174:	2789                	addiw	a5,a5,2
    80001176:	0007871b          	sext.w	a4,a5
    8000117a:	fb442783          	lw	a5,-76(s0)
    8000117e:	2789                	addiw	a5,a5,2
    80001180:	2781                	sext.w	a5,a5
    80001182:	070a                	slli	a4,a4,0x2
    80001184:	97ba                	add	a5,a5,a4
    80001186:	0786                	slli	a5,a5,0x1
    80001188:	17c1                	addi	a5,a5,-16
    8000118a:	97a2                	add	a5,a5,s0
    8000118c:	f707d703          	lhu	a4,-144(a5)
    80001190:	00002697          	auipc	a3,0x2
    80001194:	ea068693          	addi	a3,a3,-352 # 80003030 <in1>
    80001198:	fd442783          	lw	a5,-44(s0)
    8000119c:	07b1                	addi	a5,a5,12
    8000119e:	0786                	slli	a5,a5,0x1
    800011a0:	97b6                	add	a5,a5,a3
    800011a2:	00e79023          	sh	a4,0(a5)
      k++;
    800011a6:	fd442783          	lw	a5,-44(s0)
    800011aa:	2785                	addiw	a5,a5,1
    800011ac:	fcf42a23          	sw	a5,-44(s0)
    for (int j = 0; j < SIZE/2; j++) {
    800011b0:	fb442783          	lw	a5,-76(s0)
    800011b4:	2785                	addiw	a5,a5,1
    800011b6:	faf42a23          	sw	a5,-76(s0)
    800011ba:	fb442783          	lw	a5,-76(s0)
    800011be:	0007871b          	sext.w	a4,a5
    800011c2:	4785                	li	a5,1
    800011c4:	f6e7dbe3          	bge	a5,a4,8000113a <main+0x3b0>
  for (int i = 0; i < SIZE/2; i++)
    800011c8:	fb842783          	lw	a5,-72(s0)
    800011cc:	2785                	addiw	a5,a5,1
    800011ce:	faf42c23          	sw	a5,-72(s0)
    800011d2:	fb842783          	lw	a5,-72(s0)
    800011d6:	0007871b          	sext.w	a4,a5
    800011da:	4785                	li	a5,1
    800011dc:	f4e7dce3          	bge	a5,a4,80001134 <main+0x3aa>
    }

    

  // Init number of thread
  thread_init(8);
    800011e0:	4521                	li	a0,8
    800011e2:	c8aff0ef          	jal	ra,8000066c <thread_init>
  
  // // Multiplicaton
  thread_create(strassen_mul, &in0[0], &in1[0], out[0]);
    800011e6:	00002697          	auipc	a3,0x2
    800011ea:	e6a68693          	addi	a3,a3,-406 # 80003050 <out>
    800011ee:	00002617          	auipc	a2,0x2
    800011f2:	e4260613          	addi	a2,a2,-446 # 80003030 <in1>
    800011f6:	00002597          	auipc	a1,0x2
    800011fa:	e1a58593          	addi	a1,a1,-486 # 80003010 <in0>
    800011fe:	00000517          	auipc	a0,0x0
    80001202:	98e50513          	addi	a0,a0,-1650 # 80000b8c <strassen_mul>
    80001206:	cacff0ef          	jal	ra,800006b2 <thread_create>
  thread_create(strassen_mul, &in0[1], &in1[2], out[1]);
    8000120a:	00002697          	auipc	a3,0x2
    8000120e:	e4e68693          	addi	a3,a3,-434 # 80003058 <out+0x8>
    80001212:	00002617          	auipc	a2,0x2
    80001216:	e2e60613          	addi	a2,a2,-466 # 80003040 <in1+0x10>
    8000121a:	00002597          	auipc	a1,0x2
    8000121e:	dfe58593          	addi	a1,a1,-514 # 80003018 <in0+0x8>
    80001222:	00000517          	auipc	a0,0x0
    80001226:	96a50513          	addi	a0,a0,-1686 # 80000b8c <strassen_mul>
    8000122a:	c88ff0ef          	jal	ra,800006b2 <thread_create>
  thread_create(strassen_mul, &in0[0], &in1[1], out[2]);
    8000122e:	00002697          	auipc	a3,0x2
    80001232:	e3268693          	addi	a3,a3,-462 # 80003060 <out+0x10>
    80001236:	00002617          	auipc	a2,0x2
    8000123a:	e0260613          	addi	a2,a2,-510 # 80003038 <in1+0x8>
    8000123e:	00002597          	auipc	a1,0x2
    80001242:	dd258593          	addi	a1,a1,-558 # 80003010 <in0>
    80001246:	00000517          	auipc	a0,0x0
    8000124a:	94650513          	addi	a0,a0,-1722 # 80000b8c <strassen_mul>
    8000124e:	c64ff0ef          	jal	ra,800006b2 <thread_create>
  thread_create(strassen_mul, &in0[1], &in1[3], out[3]);
    80001252:	00002697          	auipc	a3,0x2
    80001256:	e1668693          	addi	a3,a3,-490 # 80003068 <out+0x18>
    8000125a:	00002617          	auipc	a2,0x2
    8000125e:	dee60613          	addi	a2,a2,-530 # 80003048 <in1+0x18>
    80001262:	00002597          	auipc	a1,0x2
    80001266:	db658593          	addi	a1,a1,-586 # 80003018 <in0+0x8>
    8000126a:	00000517          	auipc	a0,0x0
    8000126e:	92250513          	addi	a0,a0,-1758 # 80000b8c <strassen_mul>
    80001272:	c40ff0ef          	jal	ra,800006b2 <thread_create>
  thread_create(strassen_mul, &in0[2], &in1[0], out[4]);
    80001276:	00002697          	auipc	a3,0x2
    8000127a:	dfa68693          	addi	a3,a3,-518 # 80003070 <out+0x20>
    8000127e:	00002617          	auipc	a2,0x2
    80001282:	db260613          	addi	a2,a2,-590 # 80003030 <in1>
    80001286:	00002597          	auipc	a1,0x2
    8000128a:	d9a58593          	addi	a1,a1,-614 # 80003020 <in0+0x10>
    8000128e:	00000517          	auipc	a0,0x0
    80001292:	8fe50513          	addi	a0,a0,-1794 # 80000b8c <strassen_mul>
    80001296:	c1cff0ef          	jal	ra,800006b2 <thread_create>
  thread_create(strassen_mul, &in0[3], &in1[2], out[5]);
    8000129a:	00002697          	auipc	a3,0x2
    8000129e:	dde68693          	addi	a3,a3,-546 # 80003078 <out+0x28>
    800012a2:	00002617          	auipc	a2,0x2
    800012a6:	d9e60613          	addi	a2,a2,-610 # 80003040 <in1+0x10>
    800012aa:	00002597          	auipc	a1,0x2
    800012ae:	d7e58593          	addi	a1,a1,-642 # 80003028 <in0+0x18>
    800012b2:	00000517          	auipc	a0,0x0
    800012b6:	8da50513          	addi	a0,a0,-1830 # 80000b8c <strassen_mul>
    800012ba:	bf8ff0ef          	jal	ra,800006b2 <thread_create>
  thread_create(strassen_mul, &in0[2], &in1[1], out[6]);
    800012be:	00002697          	auipc	a3,0x2
    800012c2:	dc268693          	addi	a3,a3,-574 # 80003080 <out+0x30>
    800012c6:	00002617          	auipc	a2,0x2
    800012ca:	d7260613          	addi	a2,a2,-654 # 80003038 <in1+0x8>
    800012ce:	00002597          	auipc	a1,0x2
    800012d2:	d5258593          	addi	a1,a1,-686 # 80003020 <in0+0x10>
    800012d6:	00000517          	auipc	a0,0x0
    800012da:	8b650513          	addi	a0,a0,-1866 # 80000b8c <strassen_mul>
    800012de:	bd4ff0ef          	jal	ra,800006b2 <thread_create>
  thread_create(strassen_mul, &in0[3], &in1[3], out[7]);
    800012e2:	00002697          	auipc	a3,0x2
    800012e6:	da668693          	addi	a3,a3,-602 # 80003088 <out+0x38>
    800012ea:	00002617          	auipc	a2,0x2
    800012ee:	d5e60613          	addi	a2,a2,-674 # 80003048 <in1+0x18>
    800012f2:	00002597          	auipc	a1,0x2
    800012f6:	d3658593          	addi	a1,a1,-714 # 80003028 <in0+0x18>
    800012fa:	00000517          	auipc	a0,0x0
    800012fe:	89250513          	addi	a0,a0,-1902 # 80000b8c <strassen_mul>
    80001302:	bb0ff0ef          	jal	ra,800006b2 <thread_create>
  thread_join();
    80001306:	e2aff0ef          	jal	ra,80000930 <thread_join>

  // Addition
  for (int i = 0; i < SIZE; i++) {
    8000130a:	fa042823          	sw	zero,-80(s0)
    8000130e:	aa05                	j	8000143e <main+0x6b4>
    out[0][i] += out[1][i];
    80001310:	00002717          	auipc	a4,0x2
    80001314:	d4070713          	addi	a4,a4,-704 # 80003050 <out>
    80001318:	fb042783          	lw	a5,-80(s0)
    8000131c:	0786                	slli	a5,a5,0x1
    8000131e:	97ba                	add	a5,a5,a4
    80001320:	0007d703          	lhu	a4,0(a5)
    80001324:	00002697          	auipc	a3,0x2
    80001328:	d2c68693          	addi	a3,a3,-724 # 80003050 <out>
    8000132c:	fb042783          	lw	a5,-80(s0)
    80001330:	0791                	addi	a5,a5,4
    80001332:	0786                	slli	a5,a5,0x1
    80001334:	97b6                	add	a5,a5,a3
    80001336:	0007d783          	lhu	a5,0(a5)
    8000133a:	9fb9                	addw	a5,a5,a4
    8000133c:	03079713          	slli	a4,a5,0x30
    80001340:	9341                	srli	a4,a4,0x30
    80001342:	00002697          	auipc	a3,0x2
    80001346:	d0e68693          	addi	a3,a3,-754 # 80003050 <out>
    8000134a:	fb042783          	lw	a5,-80(s0)
    8000134e:	0786                	slli	a5,a5,0x1
    80001350:	97b6                	add	a5,a5,a3
    80001352:	00e79023          	sh	a4,0(a5)
    out[2][i] += out[3][i];
    80001356:	00002717          	auipc	a4,0x2
    8000135a:	cfa70713          	addi	a4,a4,-774 # 80003050 <out>
    8000135e:	fb042783          	lw	a5,-80(s0)
    80001362:	07a1                	addi	a5,a5,8
    80001364:	0786                	slli	a5,a5,0x1
    80001366:	97ba                	add	a5,a5,a4
    80001368:	0007d703          	lhu	a4,0(a5)
    8000136c:	00002697          	auipc	a3,0x2
    80001370:	ce468693          	addi	a3,a3,-796 # 80003050 <out>
    80001374:	fb042783          	lw	a5,-80(s0)
    80001378:	07b1                	addi	a5,a5,12
    8000137a:	0786                	slli	a5,a5,0x1
    8000137c:	97b6                	add	a5,a5,a3
    8000137e:	0007d783          	lhu	a5,0(a5)
    80001382:	9fb9                	addw	a5,a5,a4
    80001384:	03079713          	slli	a4,a5,0x30
    80001388:	9341                	srli	a4,a4,0x30
    8000138a:	00002697          	auipc	a3,0x2
    8000138e:	cc668693          	addi	a3,a3,-826 # 80003050 <out>
    80001392:	fb042783          	lw	a5,-80(s0)
    80001396:	07a1                	addi	a5,a5,8
    80001398:	0786                	slli	a5,a5,0x1
    8000139a:	97b6                	add	a5,a5,a3
    8000139c:	00e79023          	sh	a4,0(a5)
    out[4][i] += out[5][i];
    800013a0:	00002717          	auipc	a4,0x2
    800013a4:	cb070713          	addi	a4,a4,-848 # 80003050 <out>
    800013a8:	fb042783          	lw	a5,-80(s0)
    800013ac:	07c1                	addi	a5,a5,16
    800013ae:	0786                	slli	a5,a5,0x1
    800013b0:	97ba                	add	a5,a5,a4
    800013b2:	0007d703          	lhu	a4,0(a5)
    800013b6:	00002697          	auipc	a3,0x2
    800013ba:	c9a68693          	addi	a3,a3,-870 # 80003050 <out>
    800013be:	fb042783          	lw	a5,-80(s0)
    800013c2:	07d1                	addi	a5,a5,20
    800013c4:	0786                	slli	a5,a5,0x1
    800013c6:	97b6                	add	a5,a5,a3
    800013c8:	0007d783          	lhu	a5,0(a5)
    800013cc:	9fb9                	addw	a5,a5,a4
    800013ce:	03079713          	slli	a4,a5,0x30
    800013d2:	9341                	srli	a4,a4,0x30
    800013d4:	00002697          	auipc	a3,0x2
    800013d8:	c7c68693          	addi	a3,a3,-900 # 80003050 <out>
    800013dc:	fb042783          	lw	a5,-80(s0)
    800013e0:	07c1                	addi	a5,a5,16
    800013e2:	0786                	slli	a5,a5,0x1
    800013e4:	97b6                	add	a5,a5,a3
    800013e6:	00e79023          	sh	a4,0(a5)
    out[6][i] += out[7][i];
    800013ea:	00002717          	auipc	a4,0x2
    800013ee:	c6670713          	addi	a4,a4,-922 # 80003050 <out>
    800013f2:	fb042783          	lw	a5,-80(s0)
    800013f6:	07e1                	addi	a5,a5,24
    800013f8:	0786                	slli	a5,a5,0x1
    800013fa:	97ba                	add	a5,a5,a4
    800013fc:	0007d703          	lhu	a4,0(a5)
    80001400:	00002697          	auipc	a3,0x2
    80001404:	c5068693          	addi	a3,a3,-944 # 80003050 <out>
    80001408:	fb042783          	lw	a5,-80(s0)
    8000140c:	07f1                	addi	a5,a5,28
    8000140e:	0786                	slli	a5,a5,0x1
    80001410:	97b6                	add	a5,a5,a3
    80001412:	0007d783          	lhu	a5,0(a5)
    80001416:	9fb9                	addw	a5,a5,a4
    80001418:	03079713          	slli	a4,a5,0x30
    8000141c:	9341                	srli	a4,a4,0x30
    8000141e:	00002697          	auipc	a3,0x2
    80001422:	c3268693          	addi	a3,a3,-974 # 80003050 <out>
    80001426:	fb042783          	lw	a5,-80(s0)
    8000142a:	07e1                	addi	a5,a5,24
    8000142c:	0786                	slli	a5,a5,0x1
    8000142e:	97b6                	add	a5,a5,a3
    80001430:	00e79023          	sh	a4,0(a5)
  for (int i = 0; i < SIZE; i++) {
    80001434:	fb042783          	lw	a5,-80(s0)
    80001438:	2785                	addiw	a5,a5,1
    8000143a:	faf42823          	sw	a5,-80(s0)
    8000143e:	fb042783          	lw	a5,-80(s0)
    80001442:	0007871b          	sext.w	a4,a5
    80001446:	478d                	li	a5,3
    80001448:	ece7d4e3          	bge	a5,a4,80001310 <main+0x586>
  }
  
  
  // Matched to original matrices
  matC[0][0] = out[0][0];
    8000144c:	00002797          	auipc	a5,0x2
    80001450:	c0478793          	addi	a5,a5,-1020 # 80003050 <out>
    80001454:	0007d783          	lhu	a5,0(a5)
    80001458:	f4f41023          	sh	a5,-192(s0)
  matC[0][1] = out[0][1];
    8000145c:	00002797          	auipc	a5,0x2
    80001460:	bf478793          	addi	a5,a5,-1036 # 80003050 <out>
    80001464:	0027d783          	lhu	a5,2(a5)
    80001468:	f4f41123          	sh	a5,-190(s0)
  matC[0][2] = out[2][0];
    8000146c:	00002797          	auipc	a5,0x2
    80001470:	be478793          	addi	a5,a5,-1052 # 80003050 <out>
    80001474:	0107d783          	lhu	a5,16(a5)
    80001478:	f4f41223          	sh	a5,-188(s0)
  matC[0][3] = out[2][1];
    8000147c:	00002797          	auipc	a5,0x2
    80001480:	bd478793          	addi	a5,a5,-1068 # 80003050 <out>
    80001484:	0127d783          	lhu	a5,18(a5)
    80001488:	f4f41323          	sh	a5,-186(s0)
  matC[1][0] = out[0][2];
    8000148c:	00002797          	auipc	a5,0x2
    80001490:	bc478793          	addi	a5,a5,-1084 # 80003050 <out>
    80001494:	0047d783          	lhu	a5,4(a5)
    80001498:	f4f41423          	sh	a5,-184(s0)
  matC[1][1] = out[0][3];
    8000149c:	00002797          	auipc	a5,0x2
    800014a0:	bb478793          	addi	a5,a5,-1100 # 80003050 <out>
    800014a4:	0067d783          	lhu	a5,6(a5)
    800014a8:	f4f41523          	sh	a5,-182(s0)
  matC[1][2] = out[2][2];
    800014ac:	00002797          	auipc	a5,0x2
    800014b0:	ba478793          	addi	a5,a5,-1116 # 80003050 <out>
    800014b4:	0147d783          	lhu	a5,20(a5)
    800014b8:	f4f41623          	sh	a5,-180(s0)
  matC[1][3] = out[2][3];
    800014bc:	00002797          	auipc	a5,0x2
    800014c0:	b9478793          	addi	a5,a5,-1132 # 80003050 <out>
    800014c4:	0167d783          	lhu	a5,22(a5)
    800014c8:	f4f41723          	sh	a5,-178(s0)
  matC[2][0] = out[4][0];
    800014cc:	00002797          	auipc	a5,0x2
    800014d0:	b8478793          	addi	a5,a5,-1148 # 80003050 <out>
    800014d4:	0207d783          	lhu	a5,32(a5)
    800014d8:	f4f41823          	sh	a5,-176(s0)
  matC[2][1] = out[4][1];
    800014dc:	00002797          	auipc	a5,0x2
    800014e0:	b7478793          	addi	a5,a5,-1164 # 80003050 <out>
    800014e4:	0227d783          	lhu	a5,34(a5)
    800014e8:	f4f41923          	sh	a5,-174(s0)
  matC[2][2] = out[6][0];
    800014ec:	00002797          	auipc	a5,0x2
    800014f0:	b6478793          	addi	a5,a5,-1180 # 80003050 <out>
    800014f4:	0307d783          	lhu	a5,48(a5)
    800014f8:	f4f41a23          	sh	a5,-172(s0)
  matC[2][3] = out[6][1];
    800014fc:	00002797          	auipc	a5,0x2
    80001500:	b5478793          	addi	a5,a5,-1196 # 80003050 <out>
    80001504:	0327d783          	lhu	a5,50(a5)
    80001508:	f4f41b23          	sh	a5,-170(s0)
  matC[3][0] = out[4][2];
    8000150c:	00002797          	auipc	a5,0x2
    80001510:	b4478793          	addi	a5,a5,-1212 # 80003050 <out>
    80001514:	0247d783          	lhu	a5,36(a5)
    80001518:	f4f41c23          	sh	a5,-168(s0)
  matC[3][1] = out[4][3];
    8000151c:	00002797          	auipc	a5,0x2
    80001520:	b3478793          	addi	a5,a5,-1228 # 80003050 <out>
    80001524:	0267d783          	lhu	a5,38(a5)
    80001528:	f4f41d23          	sh	a5,-166(s0)
  matC[3][2] = out[6][2];
    8000152c:	00002797          	auipc	a5,0x2
    80001530:	b2478793          	addi	a5,a5,-1244 # 80003050 <out>
    80001534:	0347d783          	lhu	a5,52(a5)
    80001538:	f4f41e23          	sh	a5,-164(s0)
  matC[3][3] = out[6][3];  
    8000153c:	00002797          	auipc	a5,0x2
    80001540:	b1478793          	addi	a5,a5,-1260 # 80003050 <out>
    80001544:	0367d783          	lhu	a5,54(a5)
    80001548:	f4f41f23          	sh	a5,-162(s0)
	
  while (1);
    8000154c:	0001                	nop
    8000154e:	bffd                	j	8000154c <main+0x7c2>
	...

Disassembly of section .srodata:

0000000080001590 <uart>:
static volatile uint32_t * const uart = (void *)(UART_CTRL_ADDR);
    80001590:	0000                	unimp
    80001592:	6400                	ld	s0,8(s0)
    80001594:	0000                	unimp
	...

0000000080001598 <uart>:
    80001598:	0000                	unimp
    8000159a:	6400                	ld	s0,8(s0)
    8000159c:	0000                	unimp
	...

Disassembly of section .sdata:

00000000800015a0 <thread_queue>:
void **thread_queue = (void *)(THREAD_QUEUE_ADDR + 16);
    800015a0:	3010                	.2byte	0x3010
    800015a2:	4000                	lw	s0,0(s0)
    800015a4:	0000                	unimp
	...

00000000800015a8 <msip>:
static volatile uint32_t *msip  = (uint32_t *)(CLINT_CTRL_ADDR);
    800015a8:	0000                	unimp
    800015aa:	0200                	addi	s0,sp,256
    800015ac:	0000                	unimp
	...

00000000800015b0 <core0>:
static volatile uint32_t *core0 = (void *)(CLINT_CTRL_ADDR + CLINT_MSIP0);
    800015b0:	0000                	unimp
    800015b2:	0200                	addi	s0,sp,256
    800015b4:	0000                	unimp
	...

00000000800015b8 <core1>:
static volatile uint32_t *core1 = (void *)(CLINT_CTRL_ADDR + CLINT_MSIP1);
    800015b8:	0004                	.2byte	0x4
    800015ba:	0200                	addi	s0,sp,256
    800015bc:	0000                	unimp
	...

00000000800015c0 <core2>:
static volatile uint32_t *core2 = (void *)(CLINT_CTRL_ADDR + CLINT_MSIP2);
    800015c0:	0008                	.2byte	0x8
    800015c2:	0200                	addi	s0,sp,256
    800015c4:	0000                	unimp
	...

00000000800015c8 <core3>:
static volatile uint32_t *core3 = (void *)(CLINT_CTRL_ADDR + CLINT_MSIP3);
    800015c8:	000c                	.2byte	0xc
    800015ca:	0200                	addi	s0,sp,256
    800015cc:	0000                	unimp
	...

00000000800015d0 <dump>:
static volatile mat_t *dump  = (mat_t*)(THREAD_QUEUE_ADDR);
    800015d0:	3000                	.2byte	0x3000
    800015d2:	4000                	lw	s0,0(s0)
    800015d4:	0000                	unimp
	...

Disassembly of section .rodata:

00000000800015d8 <.rodata>:
    800015d8:	f01e                	sd	t2,32(sp)
    800015da:	ffff                	.2byte	0xffff
    800015dc:	f038                	sd	a4,96(s0)
    800015de:	ffff                	.2byte	0xffff
    800015e0:	f038                	sd	a4,96(s0)
    800015e2:	ffff                	.2byte	0xffff
    800015e4:	f038                	sd	a4,96(s0)
    800015e6:	ffff                	.2byte	0xffff
    800015e8:	f038                	sd	a4,96(s0)
    800015ea:	ffff                	.2byte	0xffff
    800015ec:	ef52                	sd	s4,408(sp)
    800015ee:	ffff                	.2byte	0xffff
    800015f0:	f038                	sd	a4,96(s0)
    800015f2:	ffff                	.2byte	0xffff
    800015f4:	f038                	sd	a4,96(s0)
    800015f6:	ffff                	.2byte	0xffff
    800015f8:	f038                	sd	a4,96(s0)
    800015fa:	ffff                	.2byte	0xffff
    800015fc:	ee6a                	sd	s10,280(sp)
    800015fe:	ffff                	.2byte	0xffff
    80001600:	f038                	sd	a4,96(s0)
    80001602:	ffff                	.2byte	0xffff
    80001604:	f038                	sd	a4,96(s0)
    80001606:	ffff                	.2byte	0xffff
    80001608:	f038                	sd	a4,96(s0)
    8000160a:	ffff                	.2byte	0xffff
    8000160c:	f038                	sd	a4,96(s0)
    8000160e:	ffff                	.2byte	0xffff
    80001610:	f038                	sd	a4,96(s0)
    80001612:	ffff                	.2byte	0xffff
    80001614:	f038                	sd	a4,96(s0)
    80001616:	ffff                	.2byte	0xffff
    80001618:	f008                	sd	a0,32(s0)
    8000161a:	ffff                	.2byte	0xffff
    8000161c:	f038                	sd	a4,96(s0)
    8000161e:	ffff                	.2byte	0xffff
    80001620:	f038                	sd	a4,96(s0)
    80001622:	ffff                	.2byte	0xffff
    80001624:	f038                	sd	a4,96(s0)
    80001626:	ffff                	.2byte	0xffff
    80001628:	f038                	sd	a4,96(s0)
    8000162a:	ffff                	.2byte	0xffff
    8000162c:	ef5a                	sd	s6,408(sp)
    8000162e:	ffff                	.2byte	0xffff

Disassembly of section .bss:

0000000080003000 <thread_widx>:
volatile uint32_t thread_widx = 0;
    80003000:	0000                	unimp
	...

0000000080003004 <thread_ridx>:
volatile uint32_t thread_ridx = 0;
    80003004:	0000                	unimp
	...

0000000080003008 <thread_cnt>:
	...

0000000080003010 <in0>:
	...

0000000080003030 <in1>:
	...

0000000080003050 <out>:
	...

Disassembly of section .riscv.attributes:

0000000000000000 <.riscv.attributes>:
   0:	2e41                	addiw	t3,t3,16
   2:	0000                	unimp
   4:	7200                	ld	s0,32(a2)
   6:	7369                	lui	t1,0xffffa
   8:	01007663          	bgeu	zero,a6,14 <_prog_start-0x7fffffec>
   c:	0024                	addi	s1,sp,8
   e:	0000                	unimp
  10:	1004                	addi	s1,sp,32
  12:	7205                	lui	tp,0xfffe1
  14:	3676                	.2byte	0x3676
  16:	6934                	ld	a3,80(a0)
  18:	7032                	.2byte	0x7032
  1a:	5f30                	lw	a2,120(a4)
  1c:	326d                	addiw	tp,tp,-5 # fffffffffffe0ffb <out+0xffffffff7ffddfab>
  1e:	3070                	.2byte	0x3070
  20:	615f 7032 5f30      	.byte	0x5f, 0x61, 0x32, 0x70, 0x30, 0x5f
  26:	30703263          	.4byte	0x30703263
  2a:	0800                	addi	s0,sp,16
  2c:	0a01                	addi	s4,s4,0
  2e:	0b              	Address 0x000000000000002e is out of bounds.


Disassembly of section .comment:

0000000000000000 <.comment>:
   0:	3a434347          	.4byte	0x3a434347
   4:	2820                	.2byte	0x2820
   6:	65653267          	.4byte	0x65653267
   a:	6535                	lui	a0,0xd
   c:	3334                	.2byte	0x3334
   e:	3030                	.2byte	0x3030
  10:	3831                	addiw	a6,a6,-20
  12:	2029                	.2byte	0x2029
  14:	3231                	addiw	tp,tp,-20 # ffffffffffffffec <out+0xffffffff7fffcf9c>
  16:	322e                	.2byte	0x322e
  18:	302e                	.2byte	0x302e
	...

Disassembly of section .debug_line:

0000000000000000 <.debug_line>:
       0:	0302                	c.slli64	t1
       2:	0000                	unimp
       4:	0005                	c.nop	1
       6:	0008                	.2byte	0x8
       8:	002e                	c.slli	zero,0xb
       a:	0000                	unimp
       c:	0101                	addi	sp,sp,0
       e:	fb01                	bnez	a4,ffffffffffffff1e <out+0xffffffff7fffcece>
      10:	0d0e                	slli	s10,s10,0x3
      12:	0100                	addi	s0,sp,128
      14:	0101                	addi	sp,sp,0
      16:	0001                	nop
      18:	0000                	unimp
      1a:	0001                	nop
      1c:	0100                	addi	s0,sp,128
      1e:	0101                	addi	sp,sp,0
      20:	021f 0000 0000      	.byte	0x1f, 0x02, 0x00, 0x00, 0x00, 0x00
      26:	0048                	addi	a0,sp,4
      28:	0000                	unimp
      2a:	0102                	c.slli64	sp
      2c:	021f 020f 0094      	.byte	0x1f, 0x02, 0x0f, 0x02, 0x94, 0x00
      32:	0000                	unimp
      34:	9401                	srai	s0,s0,0x20
      36:	0000                	unimp
      38:	0100                	addi	s0,sp,128
      3a:	0900                	addi	s0,sp,144
      3c:	0002                	c.slli64	zero
      3e:	0000                	unimp
      40:	0080                	addi	s0,sp,64
      42:	0000                	unimp
      44:	0300                	addi	s0,sp,384
      46:	010c                	addi	a1,sp,128
      48:	04090103          	lb	sp,64(s2)
      4c:	0100                	addi	s0,sp,128
      4e:	04090103          	lb	sp,64(s2)
      52:	0100                	addi	s0,sp,128
      54:	04090103          	lb	sp,64(s2)
      58:	0100                	addi	s0,sp,128
      5a:	04090103          	lb	sp,64(s2)
      5e:	0100                	addi	s0,sp,128
      60:	04090103          	lb	sp,64(s2)
      64:	0100                	addi	s0,sp,128
      66:	04090203          	lb	tp,64(s2)
      6a:	0100                	addi	s0,sp,128
      6c:	04090603          	lb	a2,64(s2)
      70:	0100                	addi	s0,sp,128
      72:	04090103          	lb	sp,64(s2)
      76:	0100                	addi	s0,sp,128
      78:	04090103          	lb	sp,64(s2)
      7c:	0100                	addi	s0,sp,128
      7e:	08090103          	lb	sp,128(s2)
      82:	0100                	addi	s0,sp,128
      84:	04090103          	lb	sp,64(s2)
      88:	0100                	addi	s0,sp,128
      8a:	04090203          	lb	tp,64(s2)
      8e:	0100                	addi	s0,sp,128
      90:	04090103          	lb	sp,64(s2)
      94:	0100                	addi	s0,sp,128
      96:	04090103          	lb	sp,64(s2)
      9a:	0100                	addi	s0,sp,128
      9c:	08090103          	lb	sp,128(s2)
      a0:	0100                	addi	s0,sp,128
      a2:	04090103          	lb	sp,64(s2)
      a6:	0100                	addi	s0,sp,128
      a8:	04090203          	lb	tp,64(s2)
      ac:	0100                	addi	s0,sp,128
      ae:	04090103          	lb	sp,64(s2)
      b2:	0100                	addi	s0,sp,128
      b4:	04090103          	lb	sp,64(s2)
      b8:	0100                	addi	s0,sp,128
      ba:	04090203          	lb	tp,64(s2)
      be:	0100                	addi	s0,sp,128
      c0:	04090103          	lb	sp,64(s2)
      c4:	0100                	addi	s0,sp,128
      c6:	04090103          	lb	sp,64(s2)
      ca:	0100                	addi	s0,sp,128
      cc:	04090103          	lb	sp,64(s2)
      d0:	0100                	addi	s0,sp,128
      d2:	04090103          	lb	sp,64(s2)
      d6:	0100                	addi	s0,sp,128
      d8:	04090103          	lb	sp,64(s2)
      dc:	0100                	addi	s0,sp,128
      de:	04090303          	lb	t1,64(s2)
      e2:	0100                	addi	s0,sp,128
      e4:	04090103          	lb	sp,64(s2)
      e8:	0100                	addi	s0,sp,128
      ea:	04090103          	lb	sp,64(s2)
      ee:	0100                	addi	s0,sp,128
      f0:	04090103          	lb	sp,64(s2)
      f4:	0100                	addi	s0,sp,128
      f6:	04090103          	lb	sp,64(s2)
      fa:	0100                	addi	s0,sp,128
      fc:	04090103          	lb	sp,64(s2)
     100:	0100                	addi	s0,sp,128
     102:	04090103          	lb	sp,64(s2)
     106:	0100                	addi	s0,sp,128
     108:	04090103          	lb	sp,64(s2)
     10c:	0100                	addi	s0,sp,128
     10e:	04090103          	lb	sp,64(s2)
     112:	0100                	addi	s0,sp,128
     114:	04090103          	lb	sp,64(s2)
     118:	0100                	addi	s0,sp,128
     11a:	04090103          	lb	sp,64(s2)
     11e:	0100                	addi	s0,sp,128
     120:	04090103          	lb	sp,64(s2)
     124:	0100                	addi	s0,sp,128
     126:	04090103          	lb	sp,64(s2)
     12a:	0100                	addi	s0,sp,128
     12c:	04090103          	lb	sp,64(s2)
     130:	0100                	addi	s0,sp,128
     132:	04090103          	lb	sp,64(s2)
     136:	0100                	addi	s0,sp,128
     138:	04090103          	lb	sp,64(s2)
     13c:	0100                	addi	s0,sp,128
     13e:	04090103          	lb	sp,64(s2)
     142:	0100                	addi	s0,sp,128
     144:	04090103          	lb	sp,64(s2)
     148:	0100                	addi	s0,sp,128
     14a:	04090103          	lb	sp,64(s2)
     14e:	0100                	addi	s0,sp,128
     150:	04090103          	lb	sp,64(s2)
     154:	0100                	addi	s0,sp,128
     156:	04090103          	lb	sp,64(s2)
     15a:	0100                	addi	s0,sp,128
     15c:	04090103          	lb	sp,64(s2)
     160:	0100                	addi	s0,sp,128
     162:	04090103          	lb	sp,64(s2)
     166:	0100                	addi	s0,sp,128
     168:	04090103          	lb	sp,64(s2)
     16c:	0100                	addi	s0,sp,128
     16e:	04090103          	lb	sp,64(s2)
     172:	0100                	addi	s0,sp,128
     174:	04090103          	lb	sp,64(s2)
     178:	0100                	addi	s0,sp,128
     17a:	04090103          	lb	sp,64(s2)
     17e:	0100                	addi	s0,sp,128
     180:	04090103          	lb	sp,64(s2)
     184:	0100                	addi	s0,sp,128
     186:	04090103          	lb	sp,64(s2)
     18a:	0100                	addi	s0,sp,128
     18c:	04090103          	lb	sp,64(s2)
     190:	0100                	addi	s0,sp,128
     192:	04090103          	lb	sp,64(s2)
     196:	0100                	addi	s0,sp,128
     198:	04090103          	lb	sp,64(s2)
     19c:	0100                	addi	s0,sp,128
     19e:	04090103          	lb	sp,64(s2)
     1a2:	0100                	addi	s0,sp,128
     1a4:	04090203          	lb	tp,64(s2)
     1a8:	0100                	addi	s0,sp,128
     1aa:	08090103          	lb	sp,128(s2)
     1ae:	0100                	addi	s0,sp,128
     1b0:	04090103          	lb	sp,64(s2)
     1b4:	0100                	addi	s0,sp,128
     1b6:	08090103          	lb	sp,128(s2)
     1ba:	0100                	addi	s0,sp,128
     1bc:	04090203          	lb	tp,64(s2)
     1c0:	0100                	addi	s0,sp,128
     1c2:	04090103          	lb	sp,64(s2)
     1c6:	0100                	addi	s0,sp,128
     1c8:	04090203          	lb	tp,64(s2)
     1cc:	0100                	addi	s0,sp,128
     1ce:	04090103          	lb	sp,64(s2)
     1d2:	0100                	addi	s0,sp,128
     1d4:	04090303          	lb	t1,64(s2)
     1d8:	0100                	addi	s0,sp,128
     1da:	08090103          	lb	sp,128(s2)
     1de:	0100                	addi	s0,sp,128
     1e0:	04090103          	lb	sp,64(s2)
     1e4:	0100                	addi	s0,sp,128
     1e6:	04090103          	lb	sp,64(s2)
     1ea:	0100                	addi	s0,sp,128
     1ec:	04090103          	lb	sp,64(s2)
     1f0:	0100                	addi	s0,sp,128
     1f2:	04090103          	lb	sp,64(s2)
     1f6:	0100                	addi	s0,sp,128
     1f8:	04090103          	lb	sp,64(s2)
     1fc:	0100                	addi	s0,sp,128
     1fe:	04090103          	lb	sp,64(s2)
     202:	0100                	addi	s0,sp,128
     204:	04090103          	lb	sp,64(s2)
     208:	0100                	addi	s0,sp,128
     20a:	04090103          	lb	sp,64(s2)
     20e:	0100                	addi	s0,sp,128
     210:	04090103          	lb	sp,64(s2)
     214:	0100                	addi	s0,sp,128
     216:	04090103          	lb	sp,64(s2)
     21a:	0100                	addi	s0,sp,128
     21c:	04090103          	lb	sp,64(s2)
     220:	0100                	addi	s0,sp,128
     222:	04090103          	lb	sp,64(s2)
     226:	0100                	addi	s0,sp,128
     228:	04090103          	lb	sp,64(s2)
     22c:	0100                	addi	s0,sp,128
     22e:	04090103          	lb	sp,64(s2)
     232:	0100                	addi	s0,sp,128
     234:	04090103          	lb	sp,64(s2)
     238:	0100                	addi	s0,sp,128
     23a:	04090103          	lb	sp,64(s2)
     23e:	0100                	addi	s0,sp,128
     240:	04090103          	lb	sp,64(s2)
     244:	0100                	addi	s0,sp,128
     246:	04090103          	lb	sp,64(s2)
     24a:	0100                	addi	s0,sp,128
     24c:	04090103          	lb	sp,64(s2)
     250:	0100                	addi	s0,sp,128
     252:	04090103          	lb	sp,64(s2)
     256:	0100                	addi	s0,sp,128
     258:	04090103          	lb	sp,64(s2)
     25c:	0100                	addi	s0,sp,128
     25e:	04090103          	lb	sp,64(s2)
     262:	0100                	addi	s0,sp,128
     264:	04090103          	lb	sp,64(s2)
     268:	0100                	addi	s0,sp,128
     26a:	04090103          	lb	sp,64(s2)
     26e:	0100                	addi	s0,sp,128
     270:	04090103          	lb	sp,64(s2)
     274:	0100                	addi	s0,sp,128
     276:	04090103          	lb	sp,64(s2)
     27a:	0100                	addi	s0,sp,128
     27c:	04090103          	lb	sp,64(s2)
     280:	0100                	addi	s0,sp,128
     282:	04090103          	lb	sp,64(s2)
     286:	0100                	addi	s0,sp,128
     288:	04090103          	lb	sp,64(s2)
     28c:	0100                	addi	s0,sp,128
     28e:	04090103          	lb	sp,64(s2)
     292:	0100                	addi	s0,sp,128
     294:	04090103          	lb	sp,64(s2)
     298:	0100                	addi	s0,sp,128
     29a:	04090103          	lb	sp,64(s2)
     29e:	0100                	addi	s0,sp,128
     2a0:	04090103          	lb	sp,64(s2)
     2a4:	0100                	addi	s0,sp,128
     2a6:	04090203          	lb	tp,64(s2)
     2aa:	0100                	addi	s0,sp,128
     2ac:	04090103          	lb	sp,64(s2)
     2b0:	0100                	addi	s0,sp,128
     2b2:	04090103          	lb	sp,64(s2)
     2b6:	0100                	addi	s0,sp,128
     2b8:	04090103          	lb	sp,64(s2)
     2bc:	0100                	addi	s0,sp,128
     2be:	04090103          	lb	sp,64(s2)
     2c2:	0100                	addi	s0,sp,128
     2c4:	04090103          	lb	sp,64(s2)
     2c8:	0100                	addi	s0,sp,128
     2ca:	08090103          	lb	sp,128(s2)
     2ce:	0100                	addi	s0,sp,128
     2d0:	04090103          	lb	sp,64(s2)
     2d4:	0100                	addi	s0,sp,128
     2d6:	04090103          	lb	sp,64(s2)
     2da:	0100                	addi	s0,sp,128
     2dc:	04090203          	lb	tp,64(s2)
     2e0:	0100                	addi	s0,sp,128
     2e2:	04090103          	lb	sp,64(s2)
     2e6:	0100                	addi	s0,sp,128
     2e8:	04090103          	lb	sp,64(s2)
     2ec:	0100                	addi	s0,sp,128
     2ee:	10090103          	lb	sp,256(s2)
     2f2:	0100                	addi	s0,sp,128
     2f4:	04090203          	lb	tp,64(s2)
     2f8:	0100                	addi	s0,sp,128
     2fa:	04090103          	lb	sp,64(s2)
     2fe:	0100                	addi	s0,sp,128
     300:	0409                	addi	s0,s0,2
     302:	0000                	unimp
     304:	0101                	addi	sp,sp,0
     306:	01d6                	slli	gp,gp,0x15
     308:	0000                	unimp
     30a:	0005                	c.nop	1
     30c:	0008                	.2byte	0x8
     30e:	002e                	c.slli	zero,0xb
     310:	0000                	unimp
     312:	0101                	addi	sp,sp,0
     314:	fb01                	bnez	a4,224 <_prog_start-0x7ffffddc>
     316:	0d0e                	slli	s10,s10,0x3
     318:	0100                	addi	s0,sp,128
     31a:	0101                	addi	sp,sp,0
     31c:	0001                	nop
     31e:	0000                	unimp
     320:	0001                	nop
     322:	0100                	addi	s0,sp,128
     324:	0101                	addi	sp,sp,0
     326:	021f 0000 0000      	.byte	0x1f, 0x02, 0x00, 0x00, 0x00, 0x00
     32c:	0048                	addi	a0,sp,4
     32e:	0000                	unimp
     330:	0102                	c.slli64	sp
     332:	021f 020f 009b      	.byte	0x1f, 0x02, 0x0f, 0x02, 0x9b, 0x00
     338:	0000                	unimp
     33a:	9b01                	andi	a4,a4,-32
     33c:	0000                	unimp
     33e:	0100                	addi	s0,sp,128
     340:	0900                	addi	s0,sp,144
     342:	f802                	sd	zero,48(sp)
     344:	0001                	nop
     346:	0080                	addi	s0,sp,64
     348:	0000                	unimp
     34a:	0300                	addi	s0,sp,384
     34c:	0116                	slli	sp,sp,0x5
     34e:	04090103          	lb	sp,64(s2)
     352:	0100                	addi	s0,sp,128
     354:	04090103          	lb	sp,64(s2)
     358:	0100                	addi	s0,sp,128
     35a:	04090103          	lb	sp,64(s2)
     35e:	0100                	addi	s0,sp,128
     360:	04090103          	lb	sp,64(s2)
     364:	0100                	addi	s0,sp,128
     366:	04090103          	lb	sp,64(s2)
     36a:	0100                	addi	s0,sp,128
     36c:	04090203          	lb	tp,64(s2)
     370:	0100                	addi	s0,sp,128
     372:	04090103          	lb	sp,64(s2)
     376:	0100                	addi	s0,sp,128
     378:	04090103          	lb	sp,64(s2)
     37c:	0100                	addi	s0,sp,128
     37e:	04090103          	lb	sp,64(s2)
     382:	0100                	addi	s0,sp,128
     384:	04090103          	lb	sp,64(s2)
     388:	0100                	addi	s0,sp,128
     38a:	04090103          	lb	sp,64(s2)
     38e:	0100                	addi	s0,sp,128
     390:	04090103          	lb	sp,64(s2)
     394:	0100                	addi	s0,sp,128
     396:	04090103          	lb	sp,64(s2)
     39a:	0100                	addi	s0,sp,128
     39c:	04090103          	lb	sp,64(s2)
     3a0:	0100                	addi	s0,sp,128
     3a2:	04090403          	lb	s0,64(s2)
     3a6:	0100                	addi	s0,sp,128
     3a8:	04090103          	lb	sp,64(s2)
     3ac:	0100                	addi	s0,sp,128
     3ae:	04090103          	lb	sp,64(s2)
     3b2:	0100                	addi	s0,sp,128
     3b4:	04090103          	lb	sp,64(s2)
     3b8:	0100                	addi	s0,sp,128
     3ba:	04090103          	lb	sp,64(s2)
     3be:	0100                	addi	s0,sp,128
     3c0:	04090103          	lb	sp,64(s2)
     3c4:	0100                	addi	s0,sp,128
     3c6:	04090103          	lb	sp,64(s2)
     3ca:	0100                	addi	s0,sp,128
     3cc:	04090103          	lb	sp,64(s2)
     3d0:	0100                	addi	s0,sp,128
     3d2:	04090203          	lb	tp,64(s2)
     3d6:	0100                	addi	s0,sp,128
     3d8:	04090103          	lb	sp,64(s2)
     3dc:	0100                	addi	s0,sp,128
     3de:	04090103          	lb	sp,64(s2)
     3e2:	0100                	addi	s0,sp,128
     3e4:	04090103          	lb	sp,64(s2)
     3e8:	0100                	addi	s0,sp,128
     3ea:	04090403          	lb	s0,64(s2)
     3ee:	0100                	addi	s0,sp,128
     3f0:	04090103          	lb	sp,64(s2)
     3f4:	0100                	addi	s0,sp,128
     3f6:	04090403          	lb	s0,64(s2)
     3fa:	0100                	addi	s0,sp,128
     3fc:	04090103          	lb	sp,64(s2)
     400:	0100                	addi	s0,sp,128
     402:	04090103          	lb	sp,64(s2)
     406:	0100                	addi	s0,sp,128
     408:	04090103          	lb	sp,64(s2)
     40c:	0100                	addi	s0,sp,128
     40e:	04090103          	lb	sp,64(s2)
     412:	0100                	addi	s0,sp,128
     414:	04090103          	lb	sp,64(s2)
     418:	0100                	addi	s0,sp,128
     41a:	04090403          	lb	s0,64(s2)
     41e:	0100                	addi	s0,sp,128
     420:	04090103          	lb	sp,64(s2)
     424:	0100                	addi	s0,sp,128
     426:	04090103          	lb	sp,64(s2)
     42a:	0100                	addi	s0,sp,128
     42c:	04090103          	lb	sp,64(s2)
     430:	0100                	addi	s0,sp,128
     432:	04090103          	lb	sp,64(s2)
     436:	0100                	addi	s0,sp,128
     438:	04090103          	lb	sp,64(s2)
     43c:	0100                	addi	s0,sp,128
     43e:	04090103          	lb	sp,64(s2)
     442:	0100                	addi	s0,sp,128
     444:	04090103          	lb	sp,64(s2)
     448:	0100                	addi	s0,sp,128
     44a:	04090103          	lb	sp,64(s2)
     44e:	0100                	addi	s0,sp,128
     450:	04090103          	lb	sp,64(s2)
     454:	0100                	addi	s0,sp,128
     456:	04090103          	lb	sp,64(s2)
     45a:	0100                	addi	s0,sp,128
     45c:	04090103          	lb	sp,64(s2)
     460:	0100                	addi	s0,sp,128
     462:	04090103          	lb	sp,64(s2)
     466:	0100                	addi	s0,sp,128
     468:	04090403          	lb	s0,64(s2)
     46c:	0100                	addi	s0,sp,128
     46e:	04090103          	lb	sp,64(s2)
     472:	0100                	addi	s0,sp,128
     474:	04090103          	lb	sp,64(s2)
     478:	0100                	addi	s0,sp,128
     47a:	04090103          	lb	sp,64(s2)
     47e:	0100                	addi	s0,sp,128
     480:	04090103          	lb	sp,64(s2)
     484:	0100                	addi	s0,sp,128
     486:	04090103          	lb	sp,64(s2)
     48a:	0100                	addi	s0,sp,128
     48c:	04090103          	lb	sp,64(s2)
     490:	0100                	addi	s0,sp,128
     492:	04090403          	lb	s0,64(s2)
     496:	0100                	addi	s0,sp,128
     498:	04090103          	lb	sp,64(s2)
     49c:	0100                	addi	s0,sp,128
     49e:	04090103          	lb	sp,64(s2)
     4a2:	0100                	addi	s0,sp,128
     4a4:	04090203          	lb	tp,64(s2)
     4a8:	0100                	addi	s0,sp,128
     4aa:	08090103          	lb	sp,128(s2)
     4ae:	0100                	addi	s0,sp,128
     4b0:	04090103          	lb	sp,64(s2)
     4b4:	0100                	addi	s0,sp,128
     4b6:	04090203          	lb	tp,64(s2)
     4ba:	0100                	addi	s0,sp,128
     4bc:	08090103          	lb	sp,128(s2)
     4c0:	0100                	addi	s0,sp,128
     4c2:	04090103          	lb	sp,64(s2)
     4c6:	0100                	addi	s0,sp,128
     4c8:	04090203          	lb	tp,64(s2)
     4cc:	0100                	addi	s0,sp,128
     4ce:	08090103          	lb	sp,128(s2)
     4d2:	0100                	addi	s0,sp,128
     4d4:	04090103          	lb	sp,64(s2)
     4d8:	0100                	addi	s0,sp,128
     4da:	0409                	addi	s0,s0,2
     4dc:	0000                	unimp
     4de:	0101                	addi	sp,sp,0
     4e0:	0396                	slli	t2,t2,0x5
     4e2:	0000                	unimp
     4e4:	0005                	c.nop	1
     4e6:	0008                	.2byte	0x8
     4e8:	0052                	c.slli	zero,0x14
     4ea:	0000                	unimp
     4ec:	0101                	addi	sp,sp,0
     4ee:	fb01                	bnez	a4,3fe <_prog_start-0x7ffffc02>
     4f0:	0d0e                	slli	s10,s10,0x3
     4f2:	0100                	addi	s0,sp,128
     4f4:	0101                	addi	sp,sp,0
     4f6:	0001                	nop
     4f8:	0000                	unimp
     4fa:	0001                	nop
     4fc:	0100                	addi	s0,sp,128
     4fe:	0101                	addi	sp,sp,0
     500:	061f 0000 0000      	.byte	0x1f, 0x06, 0x00, 0x00, 0x00, 0x00
     506:	0048                	addi	a0,sp,4
     508:	0000                	unimp
     50a:	00fa                	slli	ra,ra,0x1e
     50c:	0000                	unimp
     50e:	014a                	slli	sp,sp,0x12
     510:	0000                	unimp
     512:	01be                	slli	gp,gp,0xf
     514:	0000                	unimp
     516:	0000022b          	.4byte	0x22b
     51a:	0102                	c.slli64	sp
     51c:	021f 060f 00f0      	.byte	0x1f, 0x02, 0x0f, 0x06, 0xf0, 0x00
     522:	0000                	unimp
     524:	9401                	srai	s0,s0,0x20
     526:	0002                	c.slli64	zero
     528:	0200                	addi	s0,sp,256
     52a:	00f0                	addi	a2,sp,76
     52c:	0000                	unimp
     52e:	9e01                	subw	a2,a2,s0
     530:	0002                	c.slli64	zero
     532:	0300                	addi	s0,sp,384
     534:	000002a7          	.4byte	0x2a7
     538:	b804                	.2byte	0xb804
     53a:	0002                	c.slli64	zero
     53c:	0500                	addi	s0,sp,640
     53e:	0105                	addi	sp,sp,1
     540:	0900                	addi	s0,sp,144
     542:	1002                	c.slli	zero,0x20
     544:	00800003          	lb	zero,8(zero) # 8 <_prog_start-0x7ffffff8>
     548:	0000                	unimp
     54a:	0300                	addi	s0,sp,384
     54c:	0115                	addi	sp,sp,5
     54e:	1505                	addi	a0,a0,-31 # cfe1 <_prog_start-0x7fff301f>
     550:	0c090103          	lb	sp,192(s2)
     554:	0100                	addi	s0,sp,128
     556:	0305                	addi	t1,t1,1 # ffffffffffffa001 <out+0xffffffff7fff6fb1>
     558:	0200                	addi	s0,sp,256
     55a:	0104                	addi	s1,sp,128
     55c:	08090403          	lb	s0,128(s2)
     560:	0100                	addi	s0,sp,128
     562:	0d05                	addi	s10,s10,1
     564:	0200                	addi	s0,sp,256
     566:	0104                	addi	s1,sp,128
     568:	16090403          	lb	s0,352(s2)
     56c:	0100                	addi	s0,sp,128
     56e:	0105                	addi	sp,sp,1
     570:	0a090503          	lb	a0,160(s2)
     574:	0100                	addi	s0,sp,128
     576:	0204                	addi	s1,sp,256
     578:	0a096503          	lwu	a0,160(s2)
     57c:	0100                	addi	s0,sp,128
     57e:	0205                	addi	tp,tp,1 # 1 <_prog_start-0x7fffffff>
     580:	0c090203          	lb	tp,192(s2)
     584:	0100                	addi	s0,sp,128
     586:	0305                	addi	t1,t1,1
     588:	0200                	addi	s0,sp,256
     58a:	0204                	addi	s1,sp,256
     58c:	02090103          	lb	sp,32(s2)
     590:	0100                	addi	s0,sp,128
     592:	1c05                	addi	s8,s8,-31
     594:	0200                	addi	s0,sp,256
     596:	0204                	addi	s1,sp,256
     598:	0a097f03          	.4byte	0xa097f03
     59c:	0100                	addi	s0,sp,128
     59e:	0c05                	addi	s8,s8,1
     5a0:	0200                	addi	s0,sp,256
     5a2:	0104                	addi	s1,sp,128
     5a4:	0a090003          	lb	zero,160(s2)
     5a8:	0100                	addi	s0,sp,128
     5aa:	1205                	addi	tp,tp,-31 # ffffffffffffffe1 <out+0xffffffff7fffcf91>
     5ac:	0200                	addi	s0,sp,256
     5ae:	0104                	addi	s1,sp,128
     5b0:	0c090003          	lb	zero,192(s2)
     5b4:	0100                	addi	s0,sp,128
     5b6:	0105                	addi	sp,sp,1
     5b8:	0a090203          	lb	tp,160(s2)
     5bc:	0100                	addi	s0,sp,128
     5be:	0c090303          	lb	t1,192(s2)
     5c2:	0100                	addi	s0,sp,128
     5c4:	0205                	addi	tp,tp,1 # 1 <_prog_start-0x7fffffff>
     5c6:	0c090103          	lb	sp,192(s2)
     5ca:	0100                	addi	s0,sp,128
     5cc:	08090103          	lb	sp,128(s2)
     5d0:	0100                	addi	s0,sp,128
     5d2:	06090103          	lb	sp,96(s2)
     5d6:	0100                	addi	s0,sp,128
     5d8:	0105                	addi	sp,sp,1
     5da:	06090103          	lb	sp,96(s2)
     5de:	0100                	addi	s0,sp,128
     5e0:	0a090303          	lb	t1,160(s2)
     5e4:	0100                	addi	s0,sp,128
     5e6:	0205                	addi	tp,tp,1 # 1 <_prog_start-0x7fffffff>
     5e8:	1e090503          	lb	a0,480(s2)
     5ec:	0100                	addi	s0,sp,128
     5ee:	0c05                	addi	s8,s8,1
     5f0:	14090103          	lb	sp,320(s2)
     5f4:	0100                	addi	s0,sp,128
     5f6:	0a05                	addi	s4,s4,1
     5f8:	04090103          	lb	sp,64(s2)
     5fc:	0100                	addi	s0,sp,128
     5fe:	04090103          	lb	sp,64(s2)
     602:	0100                	addi	s0,sp,128
     604:	0805                	addi	a6,a6,1
     606:	04090103          	lb	sp,64(s2)
     60a:	0100                	addi	s0,sp,128
     60c:	0605                	addi	a2,a2,1
     60e:	02090103          	lb	sp,32(s2)
     612:	0100                	addi	s0,sp,128
     614:	0405                	addi	s0,s0,1
     616:	0c090103          	lb	sp,192(s2)
     61a:	0100                	addi	s0,sp,128
     61c:	0705                	addi	a4,a4,1
     61e:	3a090303          	lb	t1,928(s2)
     622:	0100                	addi	s0,sp,128
     624:	0e05                	addi	t3,t3,1
     626:	12090203          	lb	tp,288(s2)
     62a:	0100                	addi	s0,sp,128
     62c:	0505                	addi	a0,a0,1
     62e:	04090003          	lb	zero,64(s2)
     632:	0100                	addi	s0,sp,128
     634:	2805                	addiw	a6,a6,1
     636:	0200                	addi	s0,sp,256
     638:	0304                	addi	s1,sp,384
     63a:	02090003          	lb	zero,32(s2)
     63e:	0100                	addi	s0,sp,128
     640:	1f05                	addi	t5,t5,-31
     642:	0200                	addi	s0,sp,256
     644:	0304                	addi	s1,sp,384
     646:	0c090003          	lb	zero,192(s2)
     64a:	0100                	addi	s0,sp,128
     64c:	1705                	addi	a4,a4,-31
     64e:	0200                	addi	s0,sp,256
     650:	0104                	addi	s1,sp,128
     652:	0a090003          	lb	zero,160(s2)
     656:	0100                	addi	s0,sp,128
     658:	0805                	addi	a6,a6,1
     65a:	10090103          	lb	sp,256(s2)
     65e:	0100                	addi	s0,sp,128
     660:	0605                	addi	a2,a2,1
     662:	06090103          	lb	sp,96(s2)
     666:	0100                	addi	s0,sp,128
     668:	08090103          	lb	sp,128(s2)
     66c:	0100                	addi	s0,sp,128
     66e:	0f05                	addi	t5,t5,1
     670:	02090303          	lb	t1,32(s2)
     674:	0100                	addi	s0,sp,128
     676:	0605                	addi	a2,a2,1
     678:	08090003          	lb	zero,128(s2)
     67c:	0100                	addi	s0,sp,128
     67e:	2d05                	addiw	s10,s10,1
     680:	0200                	addi	s0,sp,256
     682:	0304                	addi	s1,sp,384
     684:	02090003          	lb	zero,32(s2)
     688:	0100                	addi	s0,sp,128
     68a:	2b05                	addiw	s6,s6,1
     68c:	0200                	addi	s0,sp,256
     68e:	0304                	addi	s1,sp,384
     690:	08090003          	lb	zero,128(s2)
     694:	0100                	addi	s0,sp,128
     696:	2805                	addiw	a6,a6,1
     698:	0200                	addi	s0,sp,256
     69a:	0304                	addi	s1,sp,384
     69c:	08090003          	lb	zero,128(s2)
     6a0:	0100                	addi	s0,sp,128
     6a2:	1f05                	addi	t5,t5,-31
     6a4:	0200                	addi	s0,sp,256
     6a6:	0304                	addi	s1,sp,384
     6a8:	0c090003          	lb	zero,192(s2)
     6ac:	0100                	addi	s0,sp,128
     6ae:	1905                	addi	s2,s2,-31
     6b0:	0200                	addi	s0,sp,256
     6b2:	0104                	addi	s1,sp,128
     6b4:	0a090003          	lb	zero,160(s2)
     6b8:	0100                	addi	s0,sp,128
     6ba:	1505                	addi	a0,a0,-31
     6bc:	0a090103          	lb	sp,160(s2)
     6c0:	0100                	addi	s0,sp,128
     6c2:	1105                	addi	sp,sp,-31
     6c4:	0a090003          	lb	zero,160(s2)
     6c8:	0100                	addi	s0,sp,128
     6ca:	0b05                	addi	s6,s6,1
     6cc:	0c090003          	lb	zero,192(s2)
     6d0:	0100                	addi	s0,sp,128
     6d2:	0805                	addi	a6,a6,1
     6d4:	04090103          	lb	sp,64(s2)
     6d8:	0100                	addi	s0,sp,128
     6da:	0d05                	addi	s10,s10,1
     6dc:	0e097d03          	.4byte	0xe097d03
     6e0:	0100                	addi	s0,sp,128
     6e2:	0e05                	addi	t3,t3,1
     6e4:	06090503          	lb	a0,96(s2)
     6e8:	0100                	addi	s0,sp,128
     6ea:	0505                	addi	a0,a0,1
     6ec:	04090003          	lb	zero,64(s2)
     6f0:	0100                	addi	s0,sp,128
     6f2:	2505                	addiw	a0,a0,1
     6f4:	0200                	addi	s0,sp,256
     6f6:	0304                	addi	s1,sp,384
     6f8:	02090003          	lb	zero,32(s2)
     6fc:	0100                	addi	s0,sp,128
     6fe:	2105                	addiw	sp,sp,1
     700:	0200                	addi	s0,sp,256
     702:	0304                	addi	s1,sp,384
     704:	12090003          	lb	zero,288(s2)
     708:	0100                	addi	s0,sp,128
     70a:	1605                	addi	a2,a2,-31
     70c:	0200                	addi	s0,sp,256
     70e:	0104                	addi	s1,sp,128
     710:	0a090003          	lb	zero,160(s2)
     714:	0100                	addi	s0,sp,128
     716:	1a05                	addi	s4,s4,-31
     718:	0200                	addi	s0,sp,256
     71a:	0104                	addi	s1,sp,128
     71c:	0c090003          	lb	zero,192(s2)
     720:	0100                	addi	s0,sp,128
     722:	0505                	addi	a0,a0,1
     724:	02090103          	lb	sp,32(s2)
     728:	0100                	addi	s0,sp,128
     72a:	0d05                	addi	s10,s10,1
     72c:	0200                	addi	s0,sp,256
     72e:	0104                	addi	s1,sp,128
     730:	02090203          	lb	tp,32(s2)
     734:	0100                	addi	s0,sp,128
     736:	0805                	addi	a6,a6,1
     738:	08090503          	lb	a0,128(s2)
     73c:	0100                	addi	s0,sp,128
     73e:	0a090103          	lb	sp,160(s2)
     742:	0100                	addi	s0,sp,128
     744:	12090103          	lb	sp,288(s2)
     748:	0100                	addi	s0,sp,128
     74a:	0a05                	addi	s4,s4,1
     74c:	0a090203          	lb	tp,160(s2)
     750:	0100                	addi	s0,sp,128
     752:	0805                	addi	a6,a6,1
     754:	0e090003          	lb	zero,224(s2)
     758:	0100                	addi	s0,sp,128
     75a:	1605                	addi	a2,a2,-31
     75c:	08090103          	lb	sp,128(s2)
     760:	0100                	addi	s0,sp,128
     762:	0200                	addi	s0,sp,256
     764:	0104                	addi	s1,sp,128
     766:	0306                	slli	t1,t1,0x1
     768:	0900                	addi	s0,sp,144
     76a:	000a                	c.slli	zero,0x2
     76c:	0001                	nop
     76e:	0402                	c.slli64	s0
     770:	0302                	c.slli64	t1
     772:	0900                	addi	s0,sp,144
     774:	0004                	.2byte	0x4
     776:	0501                	addi	a0,a0,0
     778:	0008                	.2byte	0x8
     77a:	0402                	c.slli64	s0
     77c:	0604                	addi	s1,sp,768
     77e:	02090003          	lb	zero,32(s2)
     782:	0100                	addi	s0,sp,128
     784:	0505                	addi	a0,a0,1
     786:	0200                	addi	s0,sp,256
     788:	0404                	addi	s1,sp,512
     78a:	04090203          	lb	tp,64(s2)
     78e:	0100                	addi	s0,sp,128
     790:	0d05                	addi	s10,s10,1
     792:	02090203          	lb	tp,32(s2)
     796:	0100                	addi	s0,sp,128
     798:	0805                	addi	a6,a6,1
     79a:	10090003          	lb	zero,256(s2)
     79e:	0100                	addi	s0,sp,128
     7a0:	0605                	addi	a2,a2,1
     7a2:	06090103          	lb	sp,96(s2)
     7a6:	0100                	addi	s0,sp,128
     7a8:	1905                	addi	s2,s2,-31
     7aa:	0200                	addi	s0,sp,256
     7ac:	0104                	addi	s1,sp,128
     7ae:	0a090003          	lb	zero,160(s2)
     7b2:	0100                	addi	s0,sp,128
     7b4:	0605                	addi	a2,a2,1
     7b6:	0200                	addi	s0,sp,256
     7b8:	0104                	addi	s1,sp,128
     7ba:	08090003          	lb	zero,128(s2)
     7be:	0100                	addi	s0,sp,128
     7c0:	2705                	addiw	a4,a4,1
     7c2:	0200                	addi	s0,sp,256
     7c4:	0204                	addi	s1,sp,256
     7c6:	0a090003          	lb	zero,160(s2)
     7ca:	0100                	addi	s0,sp,128
     7cc:	0605                	addi	a2,a2,1
     7ce:	0200                	addi	s0,sp,256
     7d0:	0204                	addi	s1,sp,256
     7d2:	08090003          	lb	zero,128(s2)
     7d6:	0100                	addi	s0,sp,128
     7d8:	0200                	addi	s0,sp,256
     7da:	0404                	addi	s1,sp,512
     7dc:	0306                	slli	t1,t1,0x1
     7de:	0900                	addi	s0,sp,144
     7e0:	0008                	.2byte	0x8
     7e2:	0501                	addi	a0,a0,0
     7e4:	0016                	c.slli	zero,0x5
     7e6:	0402                	c.slli64	s0
     7e8:	0604                	addi	s1,sp,768
     7ea:	06097d03          	.4byte	0x6097d03
     7ee:	0100                	addi	s0,sp,128
     7f0:	0e05                	addi	t3,t3,1
     7f2:	0200                	addi	s0,sp,256
     7f4:	0104                	addi	s1,sp,128
     7f6:	0a090003          	lb	zero,160(s2)
     7fa:	0100                	addi	s0,sp,128
     7fc:	0505                	addi	a0,a0,1
     7fe:	08090503          	lb	a0,128(s2)
     802:	0100                	addi	s0,sp,128
     804:	02090303          	lb	t1,32(s2)
     808:	0100                	addi	s0,sp,128
     80a:	14090103          	lb	sp,320(s2)
     80e:	0100                	addi	s0,sp,128
     810:	0b05                	addi	s6,s6,1
     812:	02090203          	lb	tp,32(s2)
     816:	0100                	addi	s0,sp,128
     818:	0505                	addi	a0,a0,1
     81a:	0e090003          	lb	zero,224(s2)
     81e:	0100                	addi	s0,sp,128
     820:	0a090103          	lb	sp,160(s2)
     824:	0100                	addi	s0,sp,128
     826:	0e05                	addi	t3,t3,1
     828:	02090203          	lb	tp,32(s2)
     82c:	0100                	addi	s0,sp,128
     82e:	0c05                	addi	s8,s8,1
     830:	04090103          	lb	sp,64(s2)
     834:	0100                	addi	s0,sp,128
     836:	04090103          	lb	sp,64(s2)
     83a:	0100                	addi	s0,sp,128
     83c:	0d05                	addi	s10,s10,1
     83e:	06090103          	lb	sp,96(s2)
     842:	0100                	addi	s0,sp,128
     844:	0e05                	addi	t3,t3,1
     846:	10090103          	lb	sp,256(s2)
     84a:	0100                	addi	s0,sp,128
     84c:	0405                	addi	s0,s0,1
     84e:	08090203          	lb	tp,128(s2)
     852:	0100                	addi	s0,sp,128
     854:	1205                	addi	tp,tp,-31 # ffffffffffffffe1 <out+0xffffffff7fffcf91>
     856:	0a094c03          	lbu	s8,160(s2)
     85a:	0100                	addi	s0,sp,128
     85c:	0c05                	addi	s8,s8,1
     85e:	0c090003          	lb	zero,192(s2)
     862:	0100                	addi	s0,sp,128
     864:	1605                	addi	a2,a2,-31
     866:	08090003          	lb	zero,128(s2)
     86a:	0100                	addi	s0,sp,128
     86c:	0105                	addi	sp,sp,1
     86e:	0c093803          	ld	a6,192(s2)
     872:	0100                	addi	s0,sp,128
     874:	0c09                	addi	s8,s8,2
     876:	0000                	unimp
     878:	0101                	addi	sp,sp,0
     87a:	0ce1                	addi	s9,s9,24
     87c:	0000                	unimp
     87e:	0005                	c.nop	1
     880:	0008                	.2byte	0x8
     882:	004e                	c.slli	zero,0x13
     884:	0000                	unimp
     886:	0101                	addi	sp,sp,0
     888:	fb01                	bnez	a4,798 <_prog_start-0x7ffff868>
     88a:	0d0e                	slli	s10,s10,0x3
     88c:	0100                	addi	s0,sp,128
     88e:	0101                	addi	sp,sp,0
     890:	0001                	nop
     892:	0000                	unimp
     894:	0001                	nop
     896:	0100                	addi	s0,sp,128
     898:	0101                	addi	sp,sp,0
     89a:	051f 0000 0000      	.byte	0x1f, 0x05, 0x00, 0x00, 0x00, 0x00
     8a0:	0048                	addi	a0,sp,4
     8a2:	0000                	unimp
     8a4:	00fa                	slli	ra,ra,0x1e
     8a6:	0000                	unimp
     8a8:	01be                	slli	gp,gp,0xf
     8aa:	0000                	unimp
     8ac:	0000022b          	.4byte	0x22b
     8b0:	0102                	c.slli64	sp
     8b2:	021f 060f 030e      	.byte	0x1f, 0x02, 0x0f, 0x06, 0x0e, 0x03
     8b8:	0000                	unimp
     8ba:	1501                	addi	a0,a0,-32
     8bc:	02000003          	lb	zero,32(zero) # 20 <_prog_start-0x7fffffe0>
     8c0:	030e                	slli	t1,t1,0x3
     8c2:	0000                	unimp
     8c4:	a701                	j	fc4 <_prog_start-0x7ffff03c>
     8c6:	0002                	c.slli64	zero
     8c8:	0300                	addi	s0,sp,384
     8ca:	02b8                	addi	a4,sp,328
     8cc:	0000                	unimp
     8ce:	9404                	.2byte	0x9404
     8d0:	0002                	c.slli64	zero
     8d2:	0200                	addi	s0,sp,256
     8d4:	2905                	addiw	s2,s2,1
     8d6:	0900                	addi	s0,sp,144
     8d8:	6c02                	ld	s8,0(sp)
     8da:	0006                	c.slli	zero,0x1
     8dc:	0080                	addi	s0,sp,64
     8de:	0000                	unimp
     8e0:	0300                	addi	s0,sp,384
     8e2:	0121                	addi	sp,sp,8
     8e4:	0505                	addi	a0,a0,1
     8e6:	0e090103          	lb	sp,224(s2)
     8ea:	0100                	addi	s0,sp,128
     8ec:	1005                	c.nop	-31
     8ee:	04090103          	lb	sp,64(s2)
     8f2:	0100                	addi	s0,sp,128
     8f4:	1105                	addi	sp,sp,-31
     8f6:	0e090103          	lb	sp,224(s2)
     8fa:	0100                	addi	s0,sp,128
     8fc:	0c090103          	lb	sp,192(s2)
     900:	0100                	addi	s0,sp,128
     902:	0505                	addi	a0,a0,1
     904:	0c090103          	lb	sp,192(s2)
     908:	0100                	addi	s0,sp,128
     90a:	0105                	addi	sp,sp,1
     90c:	04090203          	lb	tp,64(s2)
     910:	0100                	addi	s0,sp,128
     912:	4505                	li	a0,1
     914:	0a090203          	lb	tp,160(s2)
     918:	0100                	addi	s0,sp,128
     91a:	0505                	addi	a0,a0,1
     91c:	18090103          	lb	sp,384(s2)
     920:	0100                	addi	s0,sp,128
     922:	1105                	addi	sp,sp,-31
     924:	04090103          	lb	sp,64(s2)
     928:	0100                	addi	s0,sp,128
     92a:	1d05                	addi	s10,s10,-31
     92c:	0a090003          	lb	zero,160(s2)
     930:	0100                	addi	s0,sp,128
     932:	1105                	addi	sp,sp,-31
     934:	24090003          	lb	zero,576(s2)
     938:	0100                	addi	s0,sp,128
     93a:	2105                	addiw	sp,sp,1
     93c:	04090003          	lb	zero,64(s2)
     940:	0100                	addi	s0,sp,128
     942:	1105                	addi	sp,sp,-31
     944:	06090103          	lb	sp,96(s2)
     948:	0100                	addi	s0,sp,128
     94a:	1d05                	addi	s10,s10,-31
     94c:	0a090003          	lb	zero,160(s2)
     950:	0100                	addi	s0,sp,128
     952:	1105                	addi	sp,sp,-31
     954:	24090003          	lb	zero,576(s2)
     958:	0100                	addi	s0,sp,128
     95a:	2105                	addiw	sp,sp,1
     95c:	04090003          	lb	zero,64(s2)
     960:	0100                	addi	s0,sp,128
     962:	1105                	addi	sp,sp,-31
     964:	06090103          	lb	sp,96(s2)
     968:	0100                	addi	s0,sp,128
     96a:	1d05                	addi	s10,s10,-31
     96c:	0a090003          	lb	zero,160(s2)
     970:	0100                	addi	s0,sp,128
     972:	1105                	addi	sp,sp,-31
     974:	24090003          	lb	zero,576(s2)
     978:	0100                	addi	s0,sp,128
     97a:	2105                	addiw	sp,sp,1
     97c:	04090003          	lb	zero,64(s2)
     980:	0100                	addi	s0,sp,128
     982:	1105                	addi	sp,sp,-31
     984:	06090103          	lb	sp,96(s2)
     988:	0100                	addi	s0,sp,128
     98a:	1d05                	addi	s10,s10,-31
     98c:	0a090003          	lb	zero,160(s2)
     990:	0100                	addi	s0,sp,128
     992:	1105                	addi	sp,sp,-31
     994:	24090003          	lb	zero,576(s2)
     998:	0100                	addi	s0,sp,128
     99a:	2105                	addiw	sp,sp,1
     99c:	04090003          	lb	zero,64(s2)
     9a0:	0100                	addi	s0,sp,128
     9a2:	0505                	addi	a0,a0,1
     9a4:	06090103          	lb	sp,96(s2)
     9a8:	0100                	addi	s0,sp,128
     9aa:	0105                	addi	sp,sp,1
     9ac:	04090103          	lb	sp,64(s2)
     9b0:	0100                	addi	s0,sp,128
     9b2:	1305                	addi	t1,t1,-31
     9b4:	0a090203          	lb	tp,160(s2)
     9b8:	0100                	addi	s0,sp,128
     9ba:	0905                	addi	s2,s2,1
     9bc:	08090203          	lb	tp,128(s2)
     9c0:	0100                	addi	s0,sp,128
     9c2:	1a05                	addi	s4,s4,-31
     9c4:	04090103          	lb	sp,64(s2)
     9c8:	0100                	addi	s0,sp,128
     9ca:	0c05                	addi	s8,s8,1
     9cc:	1a090003          	lb	zero,416(s2)
     9d0:	0100                	addi	s0,sp,128
     9d2:	3805                	addiw	a6,a6,-31
     9d4:	0200                	addi	s0,sp,256
     9d6:	0104                	addi	s1,sp,128
     9d8:	04090003          	lb	zero,64(s2)
     9dc:	0100                	addi	s0,sp,128
     9de:	2905                	addiw	s2,s2,1
     9e0:	0200                	addi	s0,sp,256
     9e2:	0104                	addi	s1,sp,128
     9e4:	0c090003          	lb	zero,192(s2)
     9e8:	0100                	addi	s0,sp,128
     9ea:	2105                	addiw	sp,sp,1
     9ec:	04090203          	lb	tp,64(s2)
     9f0:	0100                	addi	s0,sp,128
     9f2:	2d05                	addiw	s10,s10,1
     9f4:	0a090003          	lb	zero,160(s2)
     9f8:	0100                	addi	s0,sp,128
     9fa:	2105                	addiw	sp,sp,1
     9fc:	24090003          	lb	zero,576(s2)
     a00:	0100                	addi	s0,sp,128
     a02:	1305                	addi	t1,t1,-31
     a04:	06090003          	lb	zero,96(s2)
     a08:	0100                	addi	s0,sp,128
     a0a:	2605                	addiw	a2,a2,1
     a0c:	04090103          	lb	sp,64(s2)
     a10:	0100                	addi	s0,sp,128
     a12:	3205                	addiw	tp,tp,-31 # ffffffffffffffe1 <out+0xffffffff7fffcf91>
     a14:	0a090003          	lb	zero,160(s2)
     a18:	0100                	addi	s0,sp,128
     a1a:	2605                	addiw	a2,a2,1
     a1c:	24090003          	lb	zero,576(s2)
     a20:	0100                	addi	s0,sp,128
     a22:	1305                	addi	t1,t1,-31
     a24:	04090003          	lb	zero,64(s2)
     a28:	0100                	addi	s0,sp,128
     a2a:	2605                	addiw	a2,a2,1
     a2c:	06090103          	lb	sp,96(s2)
     a30:	0100                	addi	s0,sp,128
     a32:	3205                	addiw	tp,tp,-31 # ffffffffffffffe1 <out+0xffffffff7fffcf91>
     a34:	0a090003          	lb	zero,160(s2)
     a38:	0100                	addi	s0,sp,128
     a3a:	2605                	addiw	a2,a2,1
     a3c:	24090003          	lb	zero,576(s2)
     a40:	0100                	addi	s0,sp,128
     a42:	1305                	addi	t1,t1,-31
     a44:	04090003          	lb	zero,64(s2)
     a48:	0100                	addi	s0,sp,128
     a4a:	2605                	addiw	a2,a2,1
     a4c:	06090103          	lb	sp,96(s2)
     a50:	0100                	addi	s0,sp,128
     a52:	3205                	addiw	tp,tp,-31 # ffffffffffffffe1 <out+0xffffffff7fffcf91>
     a54:	0a090003          	lb	zero,160(s2)
     a58:	0100                	addi	s0,sp,128
     a5a:	2605                	addiw	a2,a2,1
     a5c:	24090003          	lb	zero,576(s2)
     a60:	0100                	addi	s0,sp,128
     a62:	1305                	addi	t1,t1,-31
     a64:	04090003          	lb	zero,64(s2)
     a68:	0100                	addi	s0,sp,128
     a6a:	1705                	addi	a4,a4,-31
     a6c:	06090103          	lb	sp,96(s2)
     a70:	0100                	addi	s0,sp,128
     a72:	0d05                	addi	s10,s10,1
     a74:	1c090103          	lb	sp,448(s2)
     a78:	0100                	addi	s0,sp,128
     a7a:	04090103          	lb	sp,64(s2)
     a7e:	0100                	addi	s0,sp,128
     a80:	3d05                	addiw	s10,s10,-31
     a82:	12097803          	.4byte	0x12097803
     a86:	0100                	addi	s0,sp,128
     a88:	1d05                	addi	s10,s10,-31
     a8a:	02090a03          	lb	s4,32(s2)
     a8e:	0100                	addi	s0,sp,128
     a90:	1105                	addi	sp,sp,-31
     a92:	0c090003          	lb	zero,192(s2)
     a96:	0100                	addi	s0,sp,128
     a98:	0d05                	addi	s10,s10,1
     a9a:	02090103          	lb	sp,32(s2)
     a9e:	0100                	addi	s0,sp,128
     aa0:	06090303          	lb	t1,96(s2)
     aa4:	0100                	addi	s0,sp,128
     aa6:	04090103          	lb	sp,64(s2)
     aaa:	0100                	addi	s0,sp,128
     aac:	0905                	addi	s2,s2,1
     aae:	02097003          	.4byte	0x2097003
     ab2:	0100                	addi	s0,sp,128
     ab4:	0505                	addi	a0,a0,1
     ab6:	02091303          	lh	t1,32(s2)
     aba:	0100                	addi	s0,sp,128
     abc:	0105                	addi	sp,sp,1
     abe:	02090103          	lb	sp,32(s2)
     ac2:	0100                	addi	s0,sp,128
     ac4:	1405                	addi	s0,s0,-31
     ac6:	08090203          	lb	tp,128(s2)
     aca:	0100                	addi	s0,sp,128
     acc:	0505                	addi	a0,a0,1
     ace:	08090103          	lb	sp,128(s2)
     ad2:	0100                	addi	s0,sp,128
     ad4:	0e05                	addi	t3,t3,1
     ad6:	04090203          	lb	tp,64(s2)
     ada:	0100                	addi	s0,sp,128
     adc:	1505                	addi	a0,a0,-31
     ade:	04090303          	lb	t1,64(s2)
     ae2:	0100                	addi	s0,sp,128
     ae4:	1805                	addi	a6,a6,-31
     ae6:	04090103          	lb	sp,64(s2)
     aea:	0100                	addi	s0,sp,128
     aec:	1505                	addi	a0,a0,-31
     aee:	08090003          	lb	zero,128(s2)
     af2:	0100                	addi	s0,sp,128
     af4:	0c05                	addi	s8,s8,1
     af6:	0a090803          	lb	a6,160(s2)
     afa:	0100                	addi	s0,sp,128
     afc:	1505                	addi	a0,a0,-31
     afe:	08097703          	.4byte	0x8097703
     b02:	0100                	addi	s0,sp,128
     b04:	1f05                	addi	t5,t5,-31
     b06:	02090903          	lb	s2,32(s2)
     b0a:	0100                	addi	s0,sp,128
     b0c:	0105                	addi	sp,sp,1
     b0e:	02090203          	lb	tp,32(s2)
     b12:	0100                	addi	s0,sp,128
     b14:	0204                	addi	s1,sp,256
     b16:	2405                	addiw	s0,s0,1
     b18:	097fb903          	ld	s2,151(t6)
     b1c:	000a                	c.slli	zero,0x2
     b1e:	0501                	addi	a0,a0,0
     b20:	030a                	slli	t1,t1,0x2
     b22:	0905                	addi	s2,s2,1
     b24:	0010                	.2byte	0x10
     b26:	0501                	addi	a0,a0,0
     b28:	030c                	addi	a1,sp,384
     b2a:	00080903          	lb	s2,0(a6)
     b2e:	0501                	addi	a0,a0,0
     b30:	09000303          	lb	t1,144(zero) # 90 <_prog_start-0x7fffff70>
     b34:	0004                	.2byte	0x4
     b36:	0501                	addi	a0,a0,0
     b38:	030e                	slli	t1,t1,0x3
     b3a:	0901                	addi	s2,s2,0
     b3c:	0002                	c.slli64	zero
     b3e:	0501                	addi	a0,a0,0
     b40:	0305                	addi	t1,t1,1
     b42:	0900                	addi	s0,sp,144
     b44:	0004                	.2byte	0x4
     b46:	0501                	addi	a0,a0,0
     b48:	0402001b          	addiw	zero,tp,64 # 40 <_prog_start-0x7fffffc0>
     b4c:	09010303          	lb	t1,144(sp)
     b50:	0002                	c.slli64	zero
     b52:	0501                	addi	a0,a0,0
     b54:	0012                	c.slli	zero,0x4
     b56:	0402                	c.slli64	s0
     b58:	09000303          	lb	t1,144(zero) # 90 <_prog_start-0x7fffff70>
     b5c:	0022                	c.slli	zero,0x8
     b5e:	0501                	addi	a0,a0,0
     b60:	0402001b          	addiw	zero,tp,64 # 40 <_prog_start-0x7fffffc0>
     b64:	09010303          	lb	t1,144(sp)
     b68:	0016                	c.slli	zero,0x5
     b6a:	0501                	addi	a0,a0,0
     b6c:	0012                	c.slli	zero,0x4
     b6e:	0402                	c.slli64	s0
     b70:	09000303          	lb	t1,144(zero) # 90 <_prog_start-0x7fffff70>
     b74:	0022                	c.slli	zero,0x8
     b76:	0001                	nop
     b78:	0402                	c.slli64	s0
     b7a:	09010303          	lb	t1,144(sp)
     b7e:	0016                	c.slli	zero,0x5
     b80:	0501                	addi	a0,a0,0
     b82:	0021                	c.nop	8
     b84:	0402                	c.slli64	s0
     b86:	097d0303          	lb	t1,151(s10)
     b8a:	0016                	c.slli	zero,0x5
     b8c:	0501                	addi	a0,a0,0
     b8e:	0018                	.2byte	0x18
     b90:	0402                	c.slli64	s0
     b92:	0301                	addi	t1,t1,0
     b94:	0900                	addi	s0,sp,144
     b96:	000a                	c.slli	zero,0x2
     b98:	0501                	addi	a0,a0,0
     b9a:	001e                	c.slli	zero,0x7
     b9c:	0402                	c.slli64	s0
     b9e:	0302                	c.slli64	t1
     ba0:	097f                	.2byte	0x97f
     ba2:	000e                	c.slli	zero,0x3
     ba4:	0501                	addi	a0,a0,0
     ba6:	0015                	c.nop	5
     ba8:	0402                	c.slli64	s0
     baa:	0301                	addi	t1,t1,0
     bac:	0900                	addi	s0,sp,144
     bae:	000a                	c.slli	zero,0x2
     bb0:	0501                	addi	a0,a0,0
     bb2:	030c                	addi	a1,sp,384
     bb4:	0908                	addi	a0,sp,144
     bb6:	000e                	c.slli	zero,0x3
     bb8:	0501                	addi	a0,a0,0
     bba:	09000303          	lb	t1,144(zero) # 90 <_prog_start-0x7fffff70>
     bbe:	0004                	.2byte	0x4
     bc0:	0501                	addi	a0,a0,0
     bc2:	030e                	slli	t1,t1,0x3
     bc4:	0901                	addi	s2,s2,0
     bc6:	0002                	c.slli64	zero
     bc8:	0501                	addi	a0,a0,0
     bca:	0305                	addi	t1,t1,1
     bcc:	0900                	addi	s0,sp,144
     bce:	0004                	.2byte	0x4
     bd0:	0501                	addi	a0,a0,0
     bd2:	030d                	addi	t1,t1,3
     bd4:	0901                	addi	s2,s2,0
     bd6:	0002                	c.slli64	zero
     bd8:	0501                	addi	a0,a0,0
     bda:	0310                	addi	a2,sp,384
     bdc:	0901                	addi	s2,s2,0
     bde:	0004                	.2byte	0x4
     be0:	0501                	addi	a0,a0,0
     be2:	09000307          	.4byte	0x9000307
     be6:	0004                	.2byte	0x4
     be8:	0501                	addi	a0,a0,0
     bea:	04020017          	auipc	zero,0x4020
     bee:	09010303          	lb	t1,144(sp)
     bf2:	0002                	c.slli64	zero
     bf4:	0501                	addi	a0,a0,0
     bf6:	0022                	c.slli	zero,0x8
     bf8:	0402                	c.slli64	s0
     bfa:	09000303          	lb	t1,144(zero) # 90 <_prog_start-0x7fffff70>
     bfe:	0016                	c.slli	zero,0x5
     c00:	0501                	addi	a0,a0,0
     c02:	001a                	c.slli	zero,0x6
     c04:	0402                	c.slli64	s0
     c06:	09000303          	lb	t1,144(zero) # 90 <_prog_start-0x7fffff70>
     c0a:	0016                	c.slli	zero,0x5
     c0c:	0501                	addi	a0,a0,0
     c0e:	000d                	c.nop	3
     c10:	0402                	c.slli64	s0
     c12:	09000303          	lb	t1,144(zero) # 90 <_prog_start-0x7fffff70>
     c16:	0008                	.2byte	0x8
     c18:	0501                	addi	a0,a0,0
     c1a:	0022                	c.slli	zero,0x8
     c1c:	0402                	c.slli64	s0
     c1e:	097f0303          	lb	t1,151(t5)
     c22:	000a                	c.slli	zero,0x2
     c24:	0501                	addi	a0,a0,0
     c26:	0019                	c.nop	6
     c28:	0402                	c.slli64	s0
     c2a:	0301                	addi	t1,t1,0
     c2c:	0900                	addi	s0,sp,144
     c2e:	000a                	c.slli	zero,0x2
     c30:	0501                	addi	a0,a0,0
     c32:	0012                	c.slli	zero,0x4
     c34:	0402                	c.slli64	s0
     c36:	0302                	c.slli64	t1
     c38:	000e0903          	lb	s2,0(t3)
     c3c:	0501                	addi	a0,a0,0
     c3e:	0021                	c.nop	8
     c40:	0402                	c.slli64	s0
     c42:	0302                	c.slli64	t1
     c44:	001a097b          	.4byte	0x1a097b
     c48:	0501                	addi	a0,a0,0
     c4a:	0018                	.2byte	0x18
     c4c:	0402                	c.slli64	s0
     c4e:	0301                	addi	t1,t1,0
     c50:	0900                	addi	s0,sp,144
     c52:	000a                	c.slli	zero,0x2
     c54:	0501                	addi	a0,a0,0
     c56:	001e                	c.slli	zero,0x7
     c58:	0402                	c.slli64	s0
     c5a:	0302                	c.slli64	t1
     c5c:	097f                	.2byte	0x97f
     c5e:	000e                	c.slli	zero,0x3
     c60:	0501                	addi	a0,a0,0
     c62:	0015                	c.nop	5
     c64:	0402                	c.slli64	s0
     c66:	0301                	addi	t1,t1,0
     c68:	0900                	addi	s0,sp,144
     c6a:	000a                	c.slli	zero,0x2
     c6c:	0501                	addi	a0,a0,0
     c6e:	030c                	addi	a1,sp,384
     c70:	090a                	slli	s2,s2,0x2
     c72:	000e                	c.slli	zero,0x3
     c74:	0501                	addi	a0,a0,0
     c76:	09000303          	lb	t1,144(zero) # 90 <_prog_start-0x7fffff70>
     c7a:	0004                	.2byte	0x4
     c7c:	0501                	addi	a0,a0,0
     c7e:	030e                	slli	t1,t1,0x3
     c80:	0901                	addi	s2,s2,0
     c82:	0002                	c.slli64	zero
     c84:	0501                	addi	a0,a0,0
     c86:	0305                	addi	t1,t1,1
     c88:	0900                	addi	s0,sp,144
     c8a:	0004                	.2byte	0x4
     c8c:	0501                	addi	a0,a0,0
     c8e:	0402000f          	.4byte	0x402000f
     c92:	09010303          	lb	t1,144(sp)
     c96:	0002                	c.slli64	zero
     c98:	0501                	addi	a0,a0,0
     c9a:	0015                	c.nop	5
     c9c:	0402                	c.slli64	s0
     c9e:	09000303          	lb	t1,144(zero) # 90 <_prog_start-0x7fffff70>
     ca2:	000a                	c.slli	zero,0x2
     ca4:	0501                	addi	a0,a0,0
     ca6:	000d                	c.nop	3
     ca8:	0402                	c.slli64	s0
     caa:	09000303          	lb	t1,144(zero) # 90 <_prog_start-0x7fffff70>
     cae:	0008                	.2byte	0x8
     cb0:	0501                	addi	a0,a0,0
     cb2:	04020023          	sb	zero,64(tp) # 40 <_prog_start-0x7fffffc0>
     cb6:	09000303          	lb	t1,144(zero) # 90 <_prog_start-0x7fffff70>
     cba:	0008                	.2byte	0x8
     cbc:	0501                	addi	a0,a0,0
     cbe:	001a                	c.slli	zero,0x6
     cc0:	0402                	c.slli64	s0
     cc2:	09000303          	lb	t1,144(zero) # 90 <_prog_start-0x7fffff70>
     cc6:	0016                	c.slli	zero,0x5
     cc8:	0501                	addi	a0,a0,0
     cca:	0021                	c.nop	8
     ccc:	0402                	c.slli64	s0
     cce:	097f0303          	lb	t1,151(t5)
     cd2:	0004                	.2byte	0x4
     cd4:	0501                	addi	a0,a0,0
     cd6:	0018                	.2byte	0x18
     cd8:	0402                	c.slli64	s0
     cda:	0301                	addi	t1,t1,0
     cdc:	0900                	addi	s0,sp,144
     cde:	000a                	c.slli	zero,0x2
     ce0:	0501                	addi	a0,a0,0
     ce2:	001e                	c.slli	zero,0x7
     ce4:	0402                	c.slli64	s0
     ce6:	0302                	c.slli64	t1
     ce8:	097f                	.2byte	0x97f
     cea:	000e                	c.slli	zero,0x3
     cec:	0501                	addi	a0,a0,0
     cee:	0015                	c.nop	5
     cf0:	0402                	c.slli64	s0
     cf2:	0301                	addi	t1,t1,0
     cf4:	0900                	addi	s0,sp,144
     cf6:	000a                	c.slli	zero,0x2
     cf8:	0501                	addi	a0,a0,0
     cfa:	0905030f          	.4byte	0x905030f
     cfe:	000e                	c.slli	zero,0x3
     d00:	0501                	addi	a0,a0,0
     d02:	030d                	addi	t1,t1,3
     d04:	0900                	addi	s0,sp,144
     d06:	0008                	.2byte	0x8
     d08:	0501                	addi	a0,a0,0
     d0a:	0301                	addi	t1,t1,0
     d0c:	0901                	addi	s2,s2,0
     d0e:	000e                	c.slli	zero,0x3
     d10:	0501                	addi	a0,a0,0
     d12:	09020337          	lui	t1,0x9020
     d16:	000a                	c.slli	zero,0x2
     d18:	0501                	addi	a0,a0,0
     d1a:	030a                	slli	t1,t1,0x2
     d1c:	0905                	addi	s2,s2,1
     d1e:	0012                	c.slli	zero,0x4
     d20:	0301                	addi	t1,t1,0 # 9020000 <_prog_start-0x76fe0000>
     d22:	0901                	addi	s2,s2,0
     d24:	0008                	.2byte	0x8
     d26:	0301                	addi	t1,t1,0
     d28:	0902                	c.slli64	s2
     d2a:	0008                	.2byte	0x8
     d2c:	0501                	addi	a0,a0,0
     d2e:	030c                	addi	a1,sp,384
     d30:	00080903          	lb	s2,0(a6)
     d34:	0501                	addi	a0,a0,0
     d36:	09000303          	lb	t1,144(zero) # 90 <_prog_start-0x7fffff70>
     d3a:	0004                	.2byte	0x4
     d3c:	0501                	addi	a0,a0,0
     d3e:	030e                	slli	t1,t1,0x3
     d40:	0901                	addi	s2,s2,0
     d42:	0002                	c.slli64	zero
     d44:	0501                	addi	a0,a0,0
     d46:	0305                	addi	t1,t1,1
     d48:	0900                	addi	s0,sp,144
     d4a:	0004                	.2byte	0x4
     d4c:	0501                	addi	a0,a0,0
     d4e:	001a                	c.slli	zero,0x6
     d50:	0402                	c.slli64	s0
     d52:	09010303          	lb	t1,144(sp)
     d56:	0002                	c.slli64	zero
     d58:	0501                	addi	a0,a0,0
     d5a:	04020023          	sb	zero,64(tp) # 40 <_prog_start-0x7fffffc0>
     d5e:	09000303          	lb	t1,144(zero) # 90 <_prog_start-0x7fffff70>
     d62:	000a                	c.slli	zero,0x2
     d64:	0501                	addi	a0,a0,0
     d66:	0018                	.2byte	0x18
     d68:	0402                	c.slli64	s0
     d6a:	09000303          	lb	t1,144(zero) # 90 <_prog_start-0x7fffff70>
     d6e:	0008                	.2byte	0x8
     d70:	0501                	addi	a0,a0,0
     d72:	0012                	c.slli	zero,0x4
     d74:	0402                	c.slli64	s0
     d76:	09000303          	lb	t1,144(zero) # 90 <_prog_start-0x7fffff70>
     d7a:	000c                	.2byte	0xc
     d7c:	0501                	addi	a0,a0,0
     d7e:	001a                	c.slli	zero,0x6
     d80:	0402                	c.slli64	s0
     d82:	09010303          	lb	t1,144(sp)
     d86:	0016                	c.slli	zero,0x5
     d88:	0501                	addi	a0,a0,0
     d8a:	04020023          	sb	zero,64(tp) # 40 <_prog_start-0x7fffffc0>
     d8e:	09000303          	lb	t1,144(zero) # 90 <_prog_start-0x7fffff70>
     d92:	000a                	c.slli	zero,0x2
     d94:	0501                	addi	a0,a0,0
     d96:	0018                	.2byte	0x18
     d98:	0402                	c.slli64	s0
     d9a:	09000303          	lb	t1,144(zero) # 90 <_prog_start-0x7fffff70>
     d9e:	0008                	.2byte	0x8
     da0:	0501                	addi	a0,a0,0
     da2:	0012                	c.slli	zero,0x4
     da4:	0402                	c.slli64	s0
     da6:	09000303          	lb	t1,144(zero) # 90 <_prog_start-0x7fffff70>
     daa:	000c                	.2byte	0xc
     dac:	0501                	addi	a0,a0,0
     dae:	04020023          	sb	zero,64(tp) # 40 <_prog_start-0x7fffffc0>
     db2:	097e0303          	lb	t1,151(t3)
     db6:	0016                	c.slli	zero,0x5
     db8:	0501                	addi	a0,a0,0
     dba:	0018                	.2byte	0x18
     dbc:	0402                	c.slli64	s0
     dbe:	0301                	addi	t1,t1,0
     dc0:	0900                	addi	s0,sp,144
     dc2:	000a                	c.slli	zero,0x2
     dc4:	0501                	addi	a0,a0,0
     dc6:	0020                	addi	s0,sp,8
     dc8:	0402                	c.slli64	s0
     dca:	0302                	c.slli64	t1
     dcc:	097f                	.2byte	0x97f
     dce:	000e                	c.slli	zero,0x3
     dd0:	0501                	addi	a0,a0,0
     dd2:	0015                	c.nop	5
     dd4:	0402                	c.slli64	s0
     dd6:	0301                	addi	t1,t1,0
     dd8:	0900                	addi	s0,sp,144
     dda:	000a                	c.slli	zero,0x2
     ddc:	0501                	addi	a0,a0,0
     dde:	030c                	addi	a1,sp,384
     de0:	000e0907          	.4byte	0xe0907
     de4:	0501                	addi	a0,a0,0
     de6:	09000303          	lb	t1,144(zero) # 90 <_prog_start-0x7fffff70>
     dea:	0004                	.2byte	0x4
     dec:	0501                	addi	a0,a0,0
     dee:	030e                	slli	t1,t1,0x3
     df0:	0901                	addi	s2,s2,0
     df2:	0002                	c.slli64	zero
     df4:	0501                	addi	a0,a0,0
     df6:	0305                	addi	t1,t1,1
     df8:	0900                	addi	s0,sp,144
     dfa:	0004                	.2byte	0x4
     dfc:	0501                	addi	a0,a0,0
     dfe:	030d                	addi	t1,t1,3
     e00:	0901                	addi	s2,s2,0
     e02:	0002                	c.slli64	zero
     e04:	0501                	addi	a0,a0,0
     e06:	0310                	addi	a2,sp,384
     e08:	0901                	addi	s2,s2,0
     e0a:	0004                	.2byte	0x4
     e0c:	0501                	addi	a0,a0,0
     e0e:	09000307          	.4byte	0x9000307
     e12:	0004                	.2byte	0x4
     e14:	0501                	addi	a0,a0,0
     e16:	04020017          	auipc	zero,0x4020
     e1a:	09010303          	lb	t1,144(sp)
     e1e:	0002                	c.slli64	zero
     e20:	0501                	addi	a0,a0,0
     e22:	0022                	c.slli	zero,0x8
     e24:	0402                	c.slli64	s0
     e26:	09000303          	lb	t1,144(zero) # 90 <_prog_start-0x7fffff70>
     e2a:	0016                	c.slli	zero,0x5
     e2c:	0501                	addi	a0,a0,0
     e2e:	001a                	c.slli	zero,0x6
     e30:	0402                	c.slli64	s0
     e32:	09000303          	lb	t1,144(zero) # 90 <_prog_start-0x7fffff70>
     e36:	0016                	c.slli	zero,0x5
     e38:	0501                	addi	a0,a0,0
     e3a:	000d                	c.nop	3
     e3c:	0402                	c.slli64	s0
     e3e:	09000303          	lb	t1,144(zero) # 90 <_prog_start-0x7fffff70>
     e42:	0008                	.2byte	0x8
     e44:	0501                	addi	a0,a0,0
     e46:	0024                	addi	s1,sp,8
     e48:	0402                	c.slli64	s0
     e4a:	097f0303          	lb	t1,151(t5)
     e4e:	000a                	c.slli	zero,0x2
     e50:	0501                	addi	a0,a0,0
     e52:	0019                	c.nop	6
     e54:	0402                	c.slli64	s0
     e56:	0301                	addi	t1,t1,0
     e58:	0900                	addi	s0,sp,144
     e5a:	000a                	c.slli	zero,0x2
     e5c:	0501                	addi	a0,a0,0
     e5e:	0012                	c.slli	zero,0x4
     e60:	0402                	c.slli64	s0
     e62:	0302                	c.slli64	t1
     e64:	000e0903          	lb	s2,0(t3)
     e68:	0501                	addi	a0,a0,0
     e6a:	04020023          	sb	zero,64(tp) # 40 <_prog_start-0x7fffffc0>
     e6e:	0302                	c.slli64	t1
     e70:	001a097b          	.4byte	0x1a097b
     e74:	0501                	addi	a0,a0,0
     e76:	0018                	.2byte	0x18
     e78:	0402                	c.slli64	s0
     e7a:	0301                	addi	t1,t1,0
     e7c:	0900                	addi	s0,sp,144
     e7e:	000a                	c.slli	zero,0x2
     e80:	0501                	addi	a0,a0,0
     e82:	0020                	addi	s0,sp,8
     e84:	0402                	c.slli64	s0
     e86:	0302                	c.slli64	t1
     e88:	097f                	.2byte	0x97f
     e8a:	000e                	c.slli	zero,0x3
     e8c:	0501                	addi	a0,a0,0
     e8e:	0015                	c.nop	5
     e90:	0402                	c.slli64	s0
     e92:	0301                	addi	t1,t1,0
     e94:	0900                	addi	s0,sp,144
     e96:	000a                	c.slli	zero,0x2
     e98:	0501                	addi	a0,a0,0
     e9a:	030c                	addi	a1,sp,384
     e9c:	090a                	slli	s2,s2,0x2
     e9e:	000e                	c.slli	zero,0x3
     ea0:	0501                	addi	a0,a0,0
     ea2:	09000303          	lb	t1,144(zero) # 90 <_prog_start-0x7fffff70>
     ea6:	0004                	.2byte	0x4
     ea8:	0501                	addi	a0,a0,0
     eaa:	030e                	slli	t1,t1,0x3
     eac:	0901                	addi	s2,s2,0
     eae:	0002                	c.slli64	zero
     eb0:	0501                	addi	a0,a0,0
     eb2:	0305                	addi	t1,t1,1
     eb4:	0900                	addi	s0,sp,144
     eb6:	0004                	.2byte	0x4
     eb8:	0501                	addi	a0,a0,0
     eba:	0402000f          	.4byte	0x402000f
     ebe:	09010303          	lb	t1,144(sp)
     ec2:	0002                	c.slli64	zero
     ec4:	0501                	addi	a0,a0,0
     ec6:	0019                	c.nop	6
     ec8:	0402                	c.slli64	s0
     eca:	09000303          	lb	t1,144(zero) # 90 <_prog_start-0x7fffff70>
     ece:	000a                	c.slli	zero,0x2
     ed0:	0501                	addi	a0,a0,0
     ed2:	000d                	c.nop	3
     ed4:	0402                	c.slli64	s0
     ed6:	09000303          	lb	t1,144(zero) # 90 <_prog_start-0x7fffff70>
     eda:	0008                	.2byte	0x8
     edc:	0501                	addi	a0,a0,0
     ede:	04020027          	.4byte	0x4020027
     ee2:	09000303          	lb	t1,144(zero) # 90 <_prog_start-0x7fffff70>
     ee6:	0008                	.2byte	0x8
     ee8:	0501                	addi	a0,a0,0
     eea:	001e                	c.slli	zero,0x7
     eec:	0402                	c.slli64	s0
     eee:	09000303          	lb	t1,144(zero) # 90 <_prog_start-0x7fffff70>
     ef2:	0016                	c.slli	zero,0x5
     ef4:	0501                	addi	a0,a0,0
     ef6:	04020023          	sb	zero,64(tp) # 40 <_prog_start-0x7fffffc0>
     efa:	097f0303          	lb	t1,151(t5)
     efe:	0004                	.2byte	0x4
     f00:	0501                	addi	a0,a0,0
     f02:	0018                	.2byte	0x18
     f04:	0402                	c.slli64	s0
     f06:	0301                	addi	t1,t1,0
     f08:	0900                	addi	s0,sp,144
     f0a:	000a                	c.slli	zero,0x2
     f0c:	0501                	addi	a0,a0,0
     f0e:	0020                	addi	s0,sp,8
     f10:	0402                	c.slli64	s0
     f12:	0302                	c.slli64	t1
     f14:	097f                	.2byte	0x97f
     f16:	000e                	c.slli	zero,0x3
     f18:	0501                	addi	a0,a0,0
     f1a:	0015                	c.nop	5
     f1c:	0402                	c.slli64	s0
     f1e:	0301                	addi	t1,t1,0
     f20:	0900                	addi	s0,sp,144
     f22:	000a                	c.slli	zero,0x2
     f24:	0501                	addi	a0,a0,0
     f26:	0301                	addi	t1,t1,0
     f28:	0904                	addi	s1,sp,144
     f2a:	000e                	c.slli	zero,0x3
     f2c:	0501                	addi	a0,a0,0
     f2e:	09020323          	sb	a6,134(tp) # 86 <_prog_start-0x7fffff7a>
     f32:	000a                	c.slli	zero,0x2
     f34:	0501                	addi	a0,a0,0
     f36:	09020303          	lb	t1,144(tp) # 90 <_prog_start-0x7fffff70>
     f3a:	0012                	c.slli	zero,0x4
     f3c:	0501                	addi	a0,a0,0
     f3e:	0320                	addi	s0,sp,392
     f40:	0900                	addi	s0,sp,144
     f42:	0006                	c.slli	zero,0x1
     f44:	0501                	addi	a0,a0,0
     f46:	030c                	addi	a1,sp,384
     f48:	090a                	slli	s2,s2,0x2
     f4a:	0004                	.2byte	0x4
     f4c:	0501                	addi	a0,a0,0
     f4e:	09000303          	lb	t1,144(zero) # 90 <_prog_start-0x7fffff70>
     f52:	0004                	.2byte	0x4
     f54:	0501                	addi	a0,a0,0
     f56:	030e                	slli	t1,t1,0x3
     f58:	0901                	addi	s2,s2,0
     f5a:	0002                	c.slli64	zero
     f5c:	0501                	addi	a0,a0,0
     f5e:	0305                	addi	t1,t1,1
     f60:	0900                	addi	s0,sp,144
     f62:	0004                	.2byte	0x4
     f64:	0501                	addi	a0,a0,0
     f66:	0402001b          	addiw	zero,tp,64 # 40 <_prog_start-0x7fffffc0>
     f6a:	09010303          	lb	t1,144(sp)
     f6e:	0002                	c.slli64	zero
     f70:	0501                	addi	a0,a0,0
     f72:	0012                	c.slli	zero,0x4
     f74:	0402                	c.slli64	s0
     f76:	09000303          	lb	t1,144(zero) # 90 <_prog_start-0x7fffff70>
     f7a:	0022                	c.slli	zero,0x8
     f7c:	0501                	addi	a0,a0,0
     f7e:	0402001b          	addiw	zero,tp,64 # 40 <_prog_start-0x7fffffc0>
     f82:	09010303          	lb	t1,144(sp)
     f86:	0016                	c.slli	zero,0x5
     f88:	0501                	addi	a0,a0,0
     f8a:	001f 0402 0303      	.byte	0x1f, 0x00, 0x02, 0x04, 0x03, 0x03
     f90:	0900                	addi	s0,sp,144
     f92:	0020                	addi	s0,sp,8
     f94:	0501                	addi	a0,a0,0
     f96:	0012                	c.slli	zero,0x4
     f98:	0402                	c.slli64	s0
     f9a:	09000303          	lb	t1,144(zero) # 90 <_prog_start-0x7fffff70>
     f9e:	0008                	.2byte	0x8
     fa0:	0001                	nop
     fa2:	0402                	c.slli64	s0
     fa4:	09010303          	lb	t1,144(sp)
     fa8:	0016                	c.slli	zero,0x5
     faa:	0501                	addi	a0,a0,0
     fac:	0021                	c.nop	8
     fae:	0402                	c.slli64	s0
     fb0:	097d0303          	lb	t1,151(s10)
     fb4:	0016                	c.slli	zero,0x5
     fb6:	0501                	addi	a0,a0,0
     fb8:	0018                	.2byte	0x18
     fba:	0402                	c.slli64	s0
     fbc:	0301                	addi	t1,t1,0
     fbe:	0900                	addi	s0,sp,144
     fc0:	000a                	c.slli	zero,0x2
     fc2:	0501                	addi	a0,a0,0
     fc4:	001e                	c.slli	zero,0x7
     fc6:	0402                	c.slli64	s0
     fc8:	0302                	c.slli64	t1
     fca:	097f                	.2byte	0x97f
     fcc:	000e                	c.slli	zero,0x3
     fce:	0501                	addi	a0,a0,0
     fd0:	0015                	c.nop	5
     fd2:	0402                	c.slli64	s0
     fd4:	0301                	addi	t1,t1,0
     fd6:	0900                	addi	s0,sp,144
     fd8:	000a                	c.slli	zero,0x2
     fda:	0501                	addi	a0,a0,0
     fdc:	030c                	addi	a1,sp,384
     fde:	0908                	addi	a0,sp,144
     fe0:	000e                	c.slli	zero,0x3
     fe2:	0501                	addi	a0,a0,0
     fe4:	09000303          	lb	t1,144(zero) # 90 <_prog_start-0x7fffff70>
     fe8:	0004                	.2byte	0x4
     fea:	0501                	addi	a0,a0,0
     fec:	030e                	slli	t1,t1,0x3
     fee:	0901                	addi	s2,s2,0
     ff0:	0002                	c.slli64	zero
     ff2:	0501                	addi	a0,a0,0
     ff4:	0305                	addi	t1,t1,1
     ff6:	0900                	addi	s0,sp,144
     ff8:	0004                	.2byte	0x4
     ffa:	0501                	addi	a0,a0,0
     ffc:	030d                	addi	t1,t1,3
     ffe:	0901                	addi	s2,s2,0
    1000:	0002                	c.slli64	zero
    1002:	0501                	addi	a0,a0,0
    1004:	0310                	addi	a2,sp,384
    1006:	0901                	addi	s2,s2,0
    1008:	0004                	.2byte	0x4
    100a:	0501                	addi	a0,a0,0
    100c:	09000307          	.4byte	0x9000307
    1010:	0004                	.2byte	0x4
    1012:	0501                	addi	a0,a0,0
    1014:	04020017          	auipc	zero,0x4020
    1018:	09010303          	lb	t1,144(sp)
    101c:	0002                	c.slli64	zero
    101e:	0501                	addi	a0,a0,0
    1020:	0022                	c.slli	zero,0x8
    1022:	0402                	c.slli64	s0
    1024:	09000303          	lb	t1,144(zero) # 90 <_prog_start-0x7fffff70>
    1028:	0016                	c.slli	zero,0x5
    102a:	0501                	addi	a0,a0,0
    102c:	001a                	c.slli	zero,0x6
    102e:	0402                	c.slli64	s0
    1030:	09000303          	lb	t1,144(zero) # 90 <_prog_start-0x7fffff70>
    1034:	0016                	c.slli	zero,0x5
    1036:	0501                	addi	a0,a0,0
    1038:	000d                	c.nop	3
    103a:	0402                	c.slli64	s0
    103c:	09000303          	lb	t1,144(zero) # 90 <_prog_start-0x7fffff70>
    1040:	0008                	.2byte	0x8
    1042:	0501                	addi	a0,a0,0
    1044:	0022                	c.slli	zero,0x8
    1046:	0402                	c.slli64	s0
    1048:	097f0303          	lb	t1,151(t5)
    104c:	000a                	c.slli	zero,0x2
    104e:	0501                	addi	a0,a0,0
    1050:	0019                	c.nop	6
    1052:	0402                	c.slli64	s0
    1054:	0301                	addi	t1,t1,0
    1056:	0900                	addi	s0,sp,144
    1058:	000a                	c.slli	zero,0x2
    105a:	0501                	addi	a0,a0,0
    105c:	0012                	c.slli	zero,0x4
    105e:	0402                	c.slli64	s0
    1060:	0302                	c.slli64	t1
    1062:	000e0903          	lb	s2,0(t3)
    1066:	0501                	addi	a0,a0,0
    1068:	0021                	c.nop	8
    106a:	0402                	c.slli64	s0
    106c:	0302                	c.slli64	t1
    106e:	001a097b          	.4byte	0x1a097b
    1072:	0501                	addi	a0,a0,0
    1074:	0018                	.2byte	0x18
    1076:	0402                	c.slli64	s0
    1078:	0301                	addi	t1,t1,0
    107a:	0900                	addi	s0,sp,144
    107c:	000a                	c.slli	zero,0x2
    107e:	0501                	addi	a0,a0,0
    1080:	001e                	c.slli	zero,0x7
    1082:	0402                	c.slli64	s0
    1084:	0302                	c.slli64	t1
    1086:	097f                	.2byte	0x97f
    1088:	000e                	c.slli	zero,0x3
    108a:	0501                	addi	a0,a0,0
    108c:	0015                	c.nop	5
    108e:	0402                	c.slli64	s0
    1090:	0301                	addi	t1,t1,0
    1092:	0900                	addi	s0,sp,144
    1094:	000a                	c.slli	zero,0x2
    1096:	0501                	addi	a0,a0,0
    1098:	030d                	addi	t1,t1,3
    109a:	090c                	addi	a1,sp,144
    109c:	000e                	c.slli	zero,0x3
    109e:	0501                	addi	a0,a0,0
    10a0:	0900030b          	.4byte	0x900030b
    10a4:	000c                	.2byte	0xc
    10a6:	0501                	addi	a0,a0,0
    10a8:	09010307          	.4byte	0x9010307
    10ac:	0004                	.2byte	0x4
    10ae:	0501                	addi	a0,a0,0
    10b0:	030c                	addi	a1,sp,384
    10b2:	00040903          	lb	s2,0(s0)
    10b6:	0501                	addi	a0,a0,0
    10b8:	09000303          	lb	t1,144(zero) # 90 <_prog_start-0x7fffff70>
    10bc:	0004                	.2byte	0x4
    10be:	0501                	addi	a0,a0,0
    10c0:	030e                	slli	t1,t1,0x3
    10c2:	0901                	addi	s2,s2,0
    10c4:	0002                	c.slli64	zero
    10c6:	0501                	addi	a0,a0,0
    10c8:	0305                	addi	t1,t1,1
    10ca:	0900                	addi	s0,sp,144
    10cc:	0004                	.2byte	0x4
    10ce:	0501                	addi	a0,a0,0
    10d0:	001a                	c.slli	zero,0x6
    10d2:	0402                	c.slli64	s0
    10d4:	09010303          	lb	t1,144(sp)
    10d8:	0002                	c.slli64	zero
    10da:	0501                	addi	a0,a0,0
    10dc:	0011                	c.nop	4
    10de:	0402                	c.slli64	s0
    10e0:	09000303          	lb	t1,144(zero) # 90 <_prog_start-0x7fffff70>
    10e4:	0016                	c.slli	zero,0x5
    10e6:	0501                	addi	a0,a0,0
    10e8:	001a                	c.slli	zero,0x6
    10ea:	0402                	c.slli64	s0
    10ec:	09010303          	lb	t1,144(sp)
    10f0:	0014                	.2byte	0x14
    10f2:	0501                	addi	a0,a0,0
    10f4:	0011                	c.nop	4
    10f6:	0402                	c.slli64	s0
    10f8:	09000303          	lb	t1,144(zero) # 90 <_prog_start-0x7fffff70>
    10fc:	0016                	c.slli	zero,0x5
    10fe:	0501                	addi	a0,a0,0
    1100:	0008                	.2byte	0x8
    1102:	0402                	c.slli64	s0
    1104:	09010303          	lb	t1,144(sp)
    1108:	0014                	.2byte	0x14
    110a:	0501                	addi	a0,a0,0
    110c:	0022                	c.slli	zero,0x8
    110e:	0402                	c.slli64	s0
    1110:	097d0303          	lb	t1,151(s10)
    1114:	000a                	c.slli	zero,0x2
    1116:	0501                	addi	a0,a0,0
    1118:	04020017          	auipc	zero,0x4020
    111c:	0301                	addi	t1,t1,0
    111e:	0900                	addi	s0,sp,144
    1120:	000a                	c.slli	zero,0x2
    1122:	0501                	addi	a0,a0,0
    1124:	0020                	addi	s0,sp,8
    1126:	0402                	c.slli64	s0
    1128:	0302                	c.slli64	t1
    112a:	097f                	.2byte	0x97f
    112c:	000e                	c.slli	zero,0x3
    112e:	0501                	addi	a0,a0,0
    1130:	0015                	c.nop	5
    1132:	0402                	c.slli64	s0
    1134:	0301                	addi	t1,t1,0
    1136:	0900                	addi	s0,sp,144
    1138:	000a                	c.slli	zero,0x2
    113a:	0501                	addi	a0,a0,0
    113c:	0305                	addi	t1,t1,1
    113e:	0906                	slli	s2,s2,0x1
    1140:	000e                	c.slli	zero,0x3
    1142:	0501                	addi	a0,a0,0
    1144:	030c                	addi	a1,sp,384
    1146:	0901                	addi	s2,s2,0
    1148:	0004                	.2byte	0x4
    114a:	0501                	addi	a0,a0,0
    114c:	09000303          	lb	t1,144(zero) # 90 <_prog_start-0x7fffff70>
    1150:	0004                	.2byte	0x4
    1152:	0501                	addi	a0,a0,0
    1154:	030e                	slli	t1,t1,0x3
    1156:	0901                	addi	s2,s2,0
    1158:	0002                	c.slli64	zero
    115a:	0501                	addi	a0,a0,0
    115c:	0305                	addi	t1,t1,1
    115e:	0900                	addi	s0,sp,144
    1160:	0004                	.2byte	0x4
    1162:	0501                	addi	a0,a0,0
    1164:	001c                	.2byte	0x1c
    1166:	0402                	c.slli64	s0
    1168:	09010303          	lb	t1,144(sp)
    116c:	0002                	c.slli64	zero
    116e:	0501                	addi	a0,a0,0
    1170:	001a                	c.slli	zero,0x6
    1172:	0402                	c.slli64	s0
    1174:	09000303          	lb	t1,144(zero) # 90 <_prog_start-0x7fffff70>
    1178:	0008                	.2byte	0x8
    117a:	0501                	addi	a0,a0,0
    117c:	0011                	c.nop	4
    117e:	0402                	c.slli64	s0
    1180:	09000303          	lb	t1,144(zero) # 90 <_prog_start-0x7fffff70>
    1184:	0012                	c.slli	zero,0x4
    1186:	0501                	addi	a0,a0,0
    1188:	001c                	.2byte	0x1c
    118a:	0402                	c.slli64	s0
    118c:	09010303          	lb	t1,144(sp)
    1190:	0016                	c.slli	zero,0x5
    1192:	0501                	addi	a0,a0,0
    1194:	001a                	c.slli	zero,0x6
    1196:	0402                	c.slli64	s0
    1198:	09000303          	lb	t1,144(zero) # 90 <_prog_start-0x7fffff70>
    119c:	0008                	.2byte	0x8
    119e:	0501                	addi	a0,a0,0
    11a0:	0011                	c.nop	4
    11a2:	0402                	c.slli64	s0
    11a4:	09000303          	lb	t1,144(zero) # 90 <_prog_start-0x7fffff70>
    11a8:	0012                	c.slli	zero,0x4
    11aa:	0501                	addi	a0,a0,0
    11ac:	0008                	.2byte	0x8
    11ae:	0402                	c.slli64	s0
    11b0:	09010303          	lb	t1,144(sp)
    11b4:	0016                	c.slli	zero,0x5
    11b6:	0501                	addi	a0,a0,0
    11b8:	0022                	c.slli	zero,0x8
    11ba:	0402                	c.slli64	s0
    11bc:	097d0303          	lb	t1,151(s10)
    11c0:	000a                	c.slli	zero,0x2
    11c2:	0501                	addi	a0,a0,0
    11c4:	04020017          	auipc	zero,0x4020
    11c8:	0301                	addi	t1,t1,0
    11ca:	0900                	addi	s0,sp,144
    11cc:	000a                	c.slli	zero,0x2
    11ce:	0501                	addi	a0,a0,0
    11d0:	0020                	addi	s0,sp,8
    11d2:	0402                	c.slli64	s0
    11d4:	0302                	c.slli64	t1
    11d6:	097f                	.2byte	0x97f
    11d8:	000e                	c.slli	zero,0x3
    11da:	0501                	addi	a0,a0,0
    11dc:	0015                	c.nop	5
    11de:	0402                	c.slli64	s0
    11e0:	0301                	addi	t1,t1,0
    11e2:	0900                	addi	s0,sp,144
    11e4:	000a                	c.slli	zero,0x2
    11e6:	0501                	addi	a0,a0,0
    11e8:	0305                	addi	t1,t1,1
    11ea:	0906                	slli	s2,s2,0x1
    11ec:	000e                	c.slli	zero,0x3
    11ee:	0501                	addi	a0,a0,0
    11f0:	030c                	addi	a1,sp,384
    11f2:	0901                	addi	s2,s2,0
    11f4:	0004                	.2byte	0x4
    11f6:	0501                	addi	a0,a0,0
    11f8:	09000303          	lb	t1,144(zero) # 90 <_prog_start-0x7fffff70>
    11fc:	0004                	.2byte	0x4
    11fe:	0501                	addi	a0,a0,0
    1200:	030e                	slli	t1,t1,0x3
    1202:	0901                	addi	s2,s2,0
    1204:	0002                	c.slli64	zero
    1206:	0501                	addi	a0,a0,0
    1208:	0305                	addi	t1,t1,1
    120a:	0900                	addi	s0,sp,144
    120c:	0004                	.2byte	0x4
    120e:	0501                	addi	a0,a0,0
    1210:	0019                	c.nop	6
    1212:	0402                	c.slli64	s0
    1214:	09010303          	lb	t1,144(sp)
    1218:	0002                	c.slli64	zero
    121a:	0501                	addi	a0,a0,0
    121c:	04020023          	sb	zero,64(tp) # 40 <_prog_start-0x7fffffc0>
    1220:	09000303          	lb	t1,144(zero) # 90 <_prog_start-0x7fffff70>
    1224:	000a                	c.slli	zero,0x2
    1226:	0501                	addi	a0,a0,0
    1228:	0011                	c.nop	4
    122a:	0402                	c.slli64	s0
    122c:	09000303          	lb	t1,144(zero) # 90 <_prog_start-0x7fffff70>
    1230:	0012                	c.slli	zero,0x4
    1232:	0501                	addi	a0,a0,0
    1234:	0019                	c.nop	6
    1236:	0402                	c.slli64	s0
    1238:	09010303          	lb	t1,144(sp)
    123c:	0016                	c.slli	zero,0x5
    123e:	0501                	addi	a0,a0,0
    1240:	04020023          	sb	zero,64(tp) # 40 <_prog_start-0x7fffffc0>
    1244:	09000303          	lb	t1,144(zero) # 90 <_prog_start-0x7fffff70>
    1248:	000a                	c.slli	zero,0x2
    124a:	0501                	addi	a0,a0,0
    124c:	0011                	c.nop	4
    124e:	0402                	c.slli64	s0
    1250:	09000303          	lb	t1,144(zero) # 90 <_prog_start-0x7fffff70>
    1254:	0012                	c.slli	zero,0x4
    1256:	0501                	addi	a0,a0,0
    1258:	0008                	.2byte	0x8
    125a:	0402                	c.slli64	s0
    125c:	09010303          	lb	t1,144(sp)
    1260:	0016                	c.slli	zero,0x5
    1262:	0501                	addi	a0,a0,0
    1264:	0022                	c.slli	zero,0x8
    1266:	0402                	c.slli64	s0
    1268:	097d0303          	lb	t1,151(s10)
    126c:	000a                	c.slli	zero,0x2
    126e:	0501                	addi	a0,a0,0
    1270:	04020017          	auipc	zero,0x4020
    1274:	0301                	addi	t1,t1,0
    1276:	0900                	addi	s0,sp,144
    1278:	000a                	c.slli	zero,0x2
    127a:	0501                	addi	a0,a0,0
    127c:	0020                	addi	s0,sp,8
    127e:	0402                	c.slli64	s0
    1280:	0302                	c.slli64	t1
    1282:	097f                	.2byte	0x97f
    1284:	000e                	c.slli	zero,0x3
    1286:	0501                	addi	a0,a0,0
    1288:	0015                	c.nop	5
    128a:	0402                	c.slli64	s0
    128c:	0301                	addi	t1,t1,0
    128e:	0900                	addi	s0,sp,144
    1290:	000a                	c.slli	zero,0x2
    1292:	0501                	addi	a0,a0,0
    1294:	0305                	addi	t1,t1,1
    1296:	0906                	slli	s2,s2,0x1
    1298:	000e                	c.slli	zero,0x3
    129a:	0501                	addi	a0,a0,0
    129c:	030c                	addi	a1,sp,384
    129e:	0901                	addi	s2,s2,0
    12a0:	0004                	.2byte	0x4
    12a2:	0501                	addi	a0,a0,0
    12a4:	09000303          	lb	t1,144(zero) # 90 <_prog_start-0x7fffff70>
    12a8:	0004                	.2byte	0x4
    12aa:	0501                	addi	a0,a0,0
    12ac:	030e                	slli	t1,t1,0x3
    12ae:	0901                	addi	s2,s2,0
    12b0:	0002                	c.slli64	zero
    12b2:	0501                	addi	a0,a0,0
    12b4:	0305                	addi	t1,t1,1
    12b6:	0900                	addi	s0,sp,144
    12b8:	0004                	.2byte	0x4
    12ba:	0501                	addi	a0,a0,0
    12bc:	0019                	c.nop	6
    12be:	0402                	c.slli64	s0
    12c0:	09010303          	lb	t1,144(sp)
    12c4:	0002                	c.slli64	zero
    12c6:	0501                	addi	a0,a0,0
    12c8:	0025                	c.nop	9
    12ca:	0402                	c.slli64	s0
    12cc:	09000303          	lb	t1,144(zero) # 90 <_prog_start-0x7fffff70>
    12d0:	000a                	c.slli	zero,0x2
    12d2:	0501                	addi	a0,a0,0
    12d4:	04020023          	sb	zero,64(tp) # 40 <_prog_start-0x7fffffc0>
    12d8:	09000303          	lb	t1,144(zero) # 90 <_prog_start-0x7fffff70>
    12dc:	0008                	.2byte	0x8
    12de:	0501                	addi	a0,a0,0
    12e0:	0011                	c.nop	4
    12e2:	0402                	c.slli64	s0
    12e4:	09000303          	lb	t1,144(zero) # 90 <_prog_start-0x7fffff70>
    12e8:	000e                	c.slli	zero,0x3
    12ea:	0501                	addi	a0,a0,0
    12ec:	0019                	c.nop	6
    12ee:	0402                	c.slli64	s0
    12f0:	09010303          	lb	t1,144(sp)
    12f4:	0016                	c.slli	zero,0x5
    12f6:	0501                	addi	a0,a0,0
    12f8:	0025                	c.nop	9
    12fa:	0402                	c.slli64	s0
    12fc:	09000303          	lb	t1,144(zero) # 90 <_prog_start-0x7fffff70>
    1300:	000a                	c.slli	zero,0x2
    1302:	0501                	addi	a0,a0,0
    1304:	04020023          	sb	zero,64(tp) # 40 <_prog_start-0x7fffffc0>
    1308:	09000303          	lb	t1,144(zero) # 90 <_prog_start-0x7fffff70>
    130c:	0008                	.2byte	0x8
    130e:	0501                	addi	a0,a0,0
    1310:	0011                	c.nop	4
    1312:	0402                	c.slli64	s0
    1314:	09000303          	lb	t1,144(zero) # 90 <_prog_start-0x7fffff70>
    1318:	000e                	c.slli	zero,0x3
    131a:	0501                	addi	a0,a0,0
    131c:	0008                	.2byte	0x8
    131e:	0402                	c.slli64	s0
    1320:	09010303          	lb	t1,144(sp)
    1324:	0016                	c.slli	zero,0x5
    1326:	0501                	addi	a0,a0,0
    1328:	0022                	c.slli	zero,0x8
    132a:	0402                	c.slli64	s0
    132c:	097d0303          	lb	t1,151(s10)
    1330:	000a                	c.slli	zero,0x2
    1332:	0501                	addi	a0,a0,0
    1334:	04020017          	auipc	zero,0x4020
    1338:	0301                	addi	t1,t1,0
    133a:	0900                	addi	s0,sp,144
    133c:	000a                	c.slli	zero,0x2
    133e:	0501                	addi	a0,a0,0
    1340:	0020                	addi	s0,sp,8
    1342:	0402                	c.slli64	s0
    1344:	0302                	c.slli64	t1
    1346:	097f                	.2byte	0x97f
    1348:	000e                	c.slli	zero,0x3
    134a:	0501                	addi	a0,a0,0
    134c:	0015                	c.nop	5
    134e:	0402                	c.slli64	s0
    1350:	0301                	addi	t1,t1,0
    1352:	0900                	addi	s0,sp,144
    1354:	000a                	c.slli	zero,0x2
    1356:	0501                	addi	a0,a0,0
    1358:	090a0303          	lb	t1,144(s4)
    135c:	000e                	c.slli	zero,0x3
    135e:	0301                	addi	t1,t1,0
    1360:	00060903          	lb	s2,0(a2)
    1364:	0301                	addi	t1,t1,0
    1366:	0901                	addi	s2,s2,0
    1368:	0024                	addi	s1,sp,8
    136a:	0301                	addi	t1,t1,0
    136c:	0901                	addi	s2,s2,0
    136e:	0024                	addi	s1,sp,8
    1370:	0301                	addi	t1,t1,0
    1372:	0901                	addi	s2,s2,0
    1374:	0024                	addi	s1,sp,8
    1376:	0301                	addi	t1,t1,0
    1378:	0901                	addi	s2,s2,0
    137a:	0024                	addi	s1,sp,8
    137c:	0301                	addi	t1,t1,0
    137e:	0901                	addi	s2,s2,0
    1380:	0024                	addi	s1,sp,8
    1382:	0301                	addi	t1,t1,0
    1384:	0901                	addi	s2,s2,0
    1386:	0024                	addi	s1,sp,8
    1388:	0301                	addi	t1,t1,0
    138a:	0901                	addi	s2,s2,0
    138c:	0024                	addi	s1,sp,8
    138e:	0301                	addi	t1,t1,0
    1390:	0901                	addi	s2,s2,0
    1392:	0024                	addi	s1,sp,8
    1394:	0501                	addi	a0,a0,0
    1396:	030c                	addi	a1,sp,384
    1398:	00040903          	lb	s2,0(s0)
    139c:	0501                	addi	a0,a0,0
    139e:	09000303          	lb	t1,144(zero) # 90 <_prog_start-0x7fffff70>
    13a2:	0004                	.2byte	0x4
    13a4:	0501                	addi	a0,a0,0
    13a6:	0402000b          	.4byte	0x402000b
    13aa:	09010303          	lb	t1,144(sp)
    13ae:	0002                	c.slli64	zero
    13b0:	0501                	addi	a0,a0,0
    13b2:	0018                	.2byte	0x18
    13b4:	0402                	c.slli64	s0
    13b6:	09000303          	lb	t1,144(zero) # 90 <_prog_start-0x7fffff70>
    13ba:	0014                	.2byte	0x14
    13bc:	0501                	addi	a0,a0,0
    13be:	0402000f          	.4byte	0x402000f
    13c2:	09000303          	lb	t1,144(zero) # 90 <_prog_start-0x7fffff70>
    13c6:	0016                	c.slli	zero,0x5
    13c8:	0501                	addi	a0,a0,0
    13ca:	0402000b          	.4byte	0x402000b
    13ce:	09010303          	lb	t1,144(sp)
    13d2:	001c                	.2byte	0x1c
    13d4:	0501                	addi	a0,a0,0
    13d6:	0018                	.2byte	0x18
    13d8:	0402                	c.slli64	s0
    13da:	09000303          	lb	t1,144(zero) # 90 <_prog_start-0x7fffff70>
    13de:	0016                	c.slli	zero,0x5
    13e0:	0501                	addi	a0,a0,0
    13e2:	0402000f          	.4byte	0x402000f
    13e6:	09000303          	lb	t1,144(zero) # 90 <_prog_start-0x7fffff70>
    13ea:	0016                	c.slli	zero,0x5
    13ec:	0501                	addi	a0,a0,0
    13ee:	0402000b          	.4byte	0x402000b
    13f2:	09010303          	lb	t1,144(sp)
    13f6:	001e                	c.slli	zero,0x7
    13f8:	0501                	addi	a0,a0,0
    13fa:	0018                	.2byte	0x18
    13fc:	0402                	c.slli64	s0
    13fe:	09000303          	lb	t1,144(zero) # 90 <_prog_start-0x7fffff70>
    1402:	0016                	c.slli	zero,0x5
    1404:	0501                	addi	a0,a0,0
    1406:	0402000f          	.4byte	0x402000f
    140a:	09000303          	lb	t1,144(zero) # 90 <_prog_start-0x7fffff70>
    140e:	0016                	c.slli	zero,0x5
    1410:	0501                	addi	a0,a0,0
    1412:	0402000b          	.4byte	0x402000b
    1416:	09010303          	lb	t1,144(sp)
    141a:	001e                	c.slli	zero,0x7
    141c:	0501                	addi	a0,a0,0
    141e:	0018                	.2byte	0x18
    1420:	0402                	c.slli64	s0
    1422:	09000303          	lb	t1,144(zero) # 90 <_prog_start-0x7fffff70>
    1426:	0016                	c.slli	zero,0x5
    1428:	0501                	addi	a0,a0,0
    142a:	0402000f          	.4byte	0x402000f
    142e:	09000303          	lb	t1,144(zero) # 90 <_prog_start-0x7fffff70>
    1432:	0016                	c.slli	zero,0x5
    1434:	0501                	addi	a0,a0,0
    1436:	001e                	c.slli	zero,0x7
    1438:	0402                	c.slli64	s0
    143a:	097c0303          	lb	t1,151(s8)
    143e:	001e                	c.slli	zero,0x7
    1440:	0501                	addi	a0,a0,0
    1442:	0015                	c.nop	5
    1444:	0402                	c.slli64	s0
    1446:	0301                	addi	t1,t1,0
    1448:	0900                	addi	s0,sp,144
    144a:	000a                	c.slli	zero,0x2
    144c:	0501                	addi	a0,a0,0
    144e:	0316                	slli	t1,t1,0x5
    1450:	0909                	addi	s2,s2,2
    1452:	000e                	c.slli	zero,0x3
    1454:	0501                	addi	a0,a0,0
    1456:	030e                	slli	t1,t1,0x3
    1458:	0900                	addi	s0,sp,144
    145a:	000c                	.2byte	0xc
    145c:	0501                	addi	a0,a0,0
    145e:	0316                	slli	t1,t1,0x5
    1460:	0901                	addi	s2,s2,0
    1462:	0004                	.2byte	0x4
    1464:	0501                	addi	a0,a0,0
    1466:	030e                	slli	t1,t1,0x3
    1468:	0900                	addi	s0,sp,144
    146a:	000c                	.2byte	0xc
    146c:	0501                	addi	a0,a0,0
    146e:	0316                	slli	t1,t1,0x5
    1470:	0901                	addi	s2,s2,0
    1472:	0004                	.2byte	0x4
    1474:	0501                	addi	a0,a0,0
    1476:	030e                	slli	t1,t1,0x3
    1478:	0900                	addi	s0,sp,144
    147a:	000c                	.2byte	0xc
    147c:	0501                	addi	a0,a0,0
    147e:	0316                	slli	t1,t1,0x5
    1480:	0901                	addi	s2,s2,0
    1482:	0004                	.2byte	0x4
    1484:	0501                	addi	a0,a0,0
    1486:	030e                	slli	t1,t1,0x3
    1488:	0900                	addi	s0,sp,144
    148a:	000c                	.2byte	0xc
    148c:	0501                	addi	a0,a0,0
    148e:	0316                	slli	t1,t1,0x5
    1490:	0901                	addi	s2,s2,0
    1492:	0004                	.2byte	0x4
    1494:	0501                	addi	a0,a0,0
    1496:	030e                	slli	t1,t1,0x3
    1498:	0900                	addi	s0,sp,144
    149a:	000c                	.2byte	0xc
    149c:	0501                	addi	a0,a0,0
    149e:	0316                	slli	t1,t1,0x5
    14a0:	0901                	addi	s2,s2,0
    14a2:	0004                	.2byte	0x4
    14a4:	0501                	addi	a0,a0,0
    14a6:	030e                	slli	t1,t1,0x3
    14a8:	0900                	addi	s0,sp,144
    14aa:	000c                	.2byte	0xc
    14ac:	0501                	addi	a0,a0,0
    14ae:	0316                	slli	t1,t1,0x5
    14b0:	0901                	addi	s2,s2,0
    14b2:	0004                	.2byte	0x4
    14b4:	0501                	addi	a0,a0,0
    14b6:	030e                	slli	t1,t1,0x3
    14b8:	0900                	addi	s0,sp,144
    14ba:	000c                	.2byte	0xc
    14bc:	0501                	addi	a0,a0,0
    14be:	0316                	slli	t1,t1,0x5
    14c0:	0901                	addi	s2,s2,0
    14c2:	0004                	.2byte	0x4
    14c4:	0501                	addi	a0,a0,0
    14c6:	030e                	slli	t1,t1,0x3
    14c8:	0900                	addi	s0,sp,144
    14ca:	000c                	.2byte	0xc
    14cc:	0501                	addi	a0,a0,0
    14ce:	0316                	slli	t1,t1,0x5
    14d0:	0901                	addi	s2,s2,0
    14d2:	0004                	.2byte	0x4
    14d4:	0501                	addi	a0,a0,0
    14d6:	030e                	slli	t1,t1,0x3
    14d8:	0900                	addi	s0,sp,144
    14da:	000c                	.2byte	0xc
    14dc:	0501                	addi	a0,a0,0
    14de:	0316                	slli	t1,t1,0x5
    14e0:	0901                	addi	s2,s2,0
    14e2:	0004                	.2byte	0x4
    14e4:	0501                	addi	a0,a0,0
    14e6:	030e                	slli	t1,t1,0x3
    14e8:	0900                	addi	s0,sp,144
    14ea:	000c                	.2byte	0xc
    14ec:	0501                	addi	a0,a0,0
    14ee:	0316                	slli	t1,t1,0x5
    14f0:	0901                	addi	s2,s2,0
    14f2:	0004                	.2byte	0x4
    14f4:	0501                	addi	a0,a0,0
    14f6:	030e                	slli	t1,t1,0x3
    14f8:	0900                	addi	s0,sp,144
    14fa:	000c                	.2byte	0xc
    14fc:	0501                	addi	a0,a0,0
    14fe:	0316                	slli	t1,t1,0x5
    1500:	0901                	addi	s2,s2,0
    1502:	0004                	.2byte	0x4
    1504:	0501                	addi	a0,a0,0
    1506:	030e                	slli	t1,t1,0x3
    1508:	0900                	addi	s0,sp,144
    150a:	000c                	.2byte	0xc
    150c:	0501                	addi	a0,a0,0
    150e:	0316                	slli	t1,t1,0x5
    1510:	0901                	addi	s2,s2,0
    1512:	0004                	.2byte	0x4
    1514:	0501                	addi	a0,a0,0
    1516:	030e                	slli	t1,t1,0x3
    1518:	0900                	addi	s0,sp,144
    151a:	000c                	.2byte	0xc
    151c:	0501                	addi	a0,a0,0
    151e:	0316                	slli	t1,t1,0x5
    1520:	0901                	addi	s2,s2,0
    1522:	0004                	.2byte	0x4
    1524:	0501                	addi	a0,a0,0
    1526:	030e                	slli	t1,t1,0x3
    1528:	0900                	addi	s0,sp,144
    152a:	000c                	.2byte	0xc
    152c:	0501                	addi	a0,a0,0
    152e:	0316                	slli	t1,t1,0x5
    1530:	0901                	addi	s2,s2,0
    1532:	0004                	.2byte	0x4
    1534:	0501                	addi	a0,a0,0
    1536:	030e                	slli	t1,t1,0x3
    1538:	0900                	addi	s0,sp,144
    153a:	000c                	.2byte	0xc
    153c:	0501                	addi	a0,a0,0
    153e:	0316                	slli	t1,t1,0x5
    1540:	0901                	addi	s2,s2,0
    1542:	0004                	.2byte	0x4
    1544:	0501                	addi	a0,a0,0
    1546:	030e                	slli	t1,t1,0x3
    1548:	0900                	addi	s0,sp,144
    154a:	000c                	.2byte	0xc
    154c:	0501                	addi	a0,a0,0
    154e:	0009                	c.nop	2
    1550:	0402                	c.slli64	s0
    1552:	0301                	addi	t1,t1,0
    1554:	0902                	c.slli64	s2
    1556:	0004                	.2byte	0x4
    1558:	0901                	addi	s2,s2,0
    155a:	0004                	.2byte	0x4
    155c:	0100                	addi	s0,sp,128
    155e:	01              	Address 0x000000000000155e is out of bounds.


Disassembly of section .debug_line_str:

0000000000000000 <.debug_line_str>:
   0:	6d6f682f          	.4byte	0x6d6f682f
   4:	2f65                	addiw	t5,t5,25
   6:	6962                	ld	s2,24(sp)
   8:	686e                	ld	a6,216(sp)
   a:	7565696b          	.4byte	0x7565696b
   e:	6f64                	ld	s1,216(a4)
  10:	726f572f          	.4byte	0x726f572f
  14:	6170736b          	.4byte	0x6170736b
  18:	502f6563          	bltu	t5,sp,522 <_prog_start-0x7ffffade>
  1c:	4468                	lw	a0,76(s0)
  1e:	6854                	ld	a3,144(s0)
  20:	7365                	lui	t1,0xffff9
  22:	7369                	lui	t1,0xffffa
  24:	77654e2f          	.4byte	0x77654e2f
  28:	7246                	ld	tp,112(sp)
  2a:	6d61                	lui	s10,0x18
  2c:	7765                	lui	a4,0xffff9
  2e:	2f6b726f          	jal	tp,b7324 <_prog_start-0x7ff48cdc>
  32:	7266                	ld	tp,120(sp)
  34:	6d61                	lui	s10,0x18
  36:	7765                	lui	a4,0xffff9
  38:	2f6b726f          	jal	tp,b732e <_prog_start-0x7ff48cd2>
  3c:	6564                	ld	s1,200(a0)
  3e:	6f6d                	lui	t5,0x1b
  40:	74614d2f          	.4byte	0x74614d2f
  44:	754d                	lui	a0,0xffff3
  46:	006c                	addi	a1,sp,12
  48:	6d6f682f          	.4byte	0x6d6f682f
  4c:	2f65                	addiw	t5,t5,25 # 1b019 <_prog_start-0x7ffe4fe7>
  4e:	6962                	ld	s2,24(sp)
  50:	686e                	ld	a6,216(sp)
  52:	7565696b          	.4byte	0x7565696b
  56:	6f64                	ld	s1,216(a4)
  58:	726f572f          	.4byte	0x726f572f
  5c:	6170736b          	.4byte	0x6170736b
  60:	502f6563          	bltu	t5,sp,56a <_prog_start-0x7ffffa96>
  64:	4468                	lw	a0,76(s0)
  66:	6854                	ld	a3,144(s0)
  68:	7365                	lui	t1,0xffff9
  6a:	7369                	lui	t1,0xffffa
  6c:	77654e2f          	.4byte	0x77654e2f
  70:	7246                	ld	tp,112(sp)
  72:	6d61                	lui	s10,0x18
  74:	7765                	lui	a4,0xffff9
  76:	2f6b726f          	jal	tp,b736c <_prog_start-0x7ff48c94>
  7a:	7266                	ld	tp,120(sp)
  7c:	6d61                	lui	s10,0x18
  7e:	7765                	lui	a4,0xffff9
  80:	2f6b726f          	jal	tp,b7376 <_prog_start-0x7ff48c8a>
  84:	6564                	ld	s1,200(a0)
  86:	6f6d                	lui	t5,0x1b
  88:	74614d2f          	.4byte	0x74614d2f
  8c:	754d                	lui	a0,0xffff3
  8e:	2f6c                	.2byte	0x2f6c
  90:	00637273          	csrrci	tp,0x6,6
  94:	30747263          	bgeu	s0,t2,398 <_prog_start-0x7ffffc68>
  98:	532e                	lw	t1,232(sp)
  9a:	7400                	ld	s0,40(s0)
  9c:	7268                	ld	a0,224(a2)
  9e:	6165                	addi	sp,sp,112
  a0:	2e64                	.2byte	0x2e64
  a2:	682f0053          	.4byte	0x682f0053
  a6:	2f656d6f          	jal	s10,5639c <_prog_start-0x7ffa9c64>
  aa:	6962                	ld	s2,24(sp)
  ac:	686e                	ld	a6,216(sp)
  ae:	7565696b          	.4byte	0x7565696b
  b2:	6f64                	ld	s1,216(a4)
  b4:	726f572f          	.4byte	0x726f572f
  b8:	6170736b          	.4byte	0x6170736b
  bc:	502f6563          	bltu	t5,sp,5c6 <_prog_start-0x7ffffa3a>
  c0:	4468                	lw	a0,76(s0)
  c2:	6854                	ld	a3,144(s0)
  c4:	7365                	lui	t1,0xffff9
  c6:	7369                	lui	t1,0xffffa
  c8:	77654e2f          	.4byte	0x77654e2f
  cc:	7246                	ld	tp,112(sp)
  ce:	6d61                	lui	s10,0x18
  d0:	7765                	lui	a4,0xffff9
  d2:	2f6b726f          	jal	tp,b73c8 <_prog_start-0x7ff48c38>
  d6:	7266                	ld	tp,120(sp)
  d8:	6d61                	lui	s10,0x18
  da:	7765                	lui	a4,0xffff9
  dc:	2f6b726f          	jal	tp,b73d2 <_prog_start-0x7ff48c2e>
  e0:	6564                	ld	s1,200(a0)
  e2:	6f6d                	lui	t5,0x1b
  e4:	74614d2f          	.4byte	0x74614d2f
  e8:	754d                	lui	a0,0xffff3
  ea:	2f6c                	.2byte	0x2f6c
  ec:	2f637273          	csrrci	tp,0x2f6,6
  f0:	6972706b          	.4byte	0x6972706b
  f4:	746e                	ld	s0,248(sp)
  f6:	2e66                	.2byte	0x2e66
  f8:	682f0063          	beq	t5,sp,778 <_prog_start-0x7ffff888>
  fc:	2f656d6f          	jal	s10,563f2 <_prog_start-0x7ffa9c0e>
 100:	6962                	ld	s2,24(sp)
 102:	686e                	ld	a6,216(sp)
 104:	7565696b          	.4byte	0x7565696b
 108:	6f64                	ld	s1,216(a4)
 10a:	726f572f          	.4byte	0x726f572f
 10e:	6170736b          	.4byte	0x6170736b
 112:	502f6563          	bltu	t5,sp,61c <_prog_start-0x7ffff9e4>
 116:	4468                	lw	a0,76(s0)
 118:	6854                	ld	a3,144(s0)
 11a:	7365                	lui	t1,0xffff9
 11c:	7369                	lui	t1,0xffffa
 11e:	77654e2f          	.4byte	0x77654e2f
 122:	7246                	ld	tp,112(sp)
 124:	6d61                	lui	s10,0x18
 126:	7765                	lui	a4,0xffff9
 128:	2f6b726f          	jal	tp,b741e <_prog_start-0x7ff48be2>
 12c:	7266                	ld	tp,120(sp)
 12e:	6d61                	lui	s10,0x18
 130:	7765                	lui	a4,0xffff9
 132:	2f6b726f          	jal	tp,b7428 <_prog_start-0x7ff48bd8>
 136:	6564                	ld	s1,200(a0)
 138:	6f6d                	lui	t5,0x1b
 13a:	74614d2f          	.4byte	0x74614d2f
 13e:	754d                	lui	a0,0xffff3
 140:	2f6c                	.2byte	0x2f6c
 142:	6e69                	lui	t3,0x1a
 144:	64756c63          	bltu	a0,t2,79c <_prog_start-0x7ffff864>
 148:	0065                	c.nop	25
 14a:	6d6f682f          	.4byte	0x6d6f682f
 14e:	2f65                	addiw	t5,t5,25 # 1b019 <_prog_start-0x7ffe4fe7>
 150:	6962                	ld	s2,24(sp)
 152:	686e                	ld	a6,216(sp)
 154:	7565696b          	.4byte	0x7565696b
 158:	6f64                	ld	s1,216(a4)
 15a:	726f572f          	.4byte	0x726f572f
 15e:	6170736b          	.4byte	0x6170736b
 162:	502f6563          	bltu	t5,sp,66c <_prog_start-0x7ffff994>
 166:	4468                	lw	a0,76(s0)
 168:	6854                	ld	a3,144(s0)
 16a:	7365                	lui	t1,0xffff9
 16c:	7369                	lui	t1,0xffffa
 16e:	77654e2f          	.4byte	0x77654e2f
 172:	7246                	ld	tp,112(sp)
 174:	6d61                	lui	s10,0x18
 176:	7765                	lui	a4,0xffff9
 178:	2f6b726f          	jal	tp,b746e <_prog_start-0x7ff48b92>
 17c:	632e                	ld	t1,200(sp)
 17e:	61646e6f          	jal	t3,46794 <_prog_start-0x7ffb986c>
 182:	652d                	lui	a0,0xb
 184:	766e                	ld	a2,248(sp)
 186:	7369722f          	.4byte	0x7369722f
 18a:	742d7663          	bgeu	s10,sp,8d6 <_prog_start-0x7ffff72a>
 18e:	736c6f6f          	jal	t5,c68c4 <_prog_start-0x7ff3973c>
 192:	62696c2f          	.4byte	0x62696c2f
 196:	6363672f          	.4byte	0x6363672f
 19a:	7369722f          	.4byte	0x7369722f
 19e:	34367663          	bgeu	a2,gp,4ea <_prog_start-0x7ffffb16>
 1a2:	752d                	lui	a0,0xfffeb
 1a4:	6b6e                	ld	s6,216(sp)
 1a6:	6f6e                	ld	t5,216(sp)
 1a8:	652d6e77          	.4byte	0x652d6e77
 1ac:	666c                	ld	a1,200(a2)
 1ae:	2e32312f          	.4byte	0x2e32312f
 1b2:	2e32                	.2byte	0x2e32
 1b4:	2f30                	.2byte	0x2f30
 1b6:	6e69                	lui	t3,0x1a
 1b8:	64756c63          	bltu	a0,t2,810 <_prog_start-0x7ffff7f0>
 1bc:	0065                	c.nop	25
 1be:	6d6f682f          	.4byte	0x6d6f682f
 1c2:	2f65                	addiw	t5,t5,25
 1c4:	6962                	ld	s2,24(sp)
 1c6:	686e                	ld	a6,216(sp)
 1c8:	7565696b          	.4byte	0x7565696b
 1cc:	6f64                	ld	s1,216(a4)
 1ce:	726f572f          	.4byte	0x726f572f
 1d2:	6170736b          	.4byte	0x6170736b
 1d6:	502f6563          	bltu	t5,sp,6e0 <_prog_start-0x7ffff920>
 1da:	4468                	lw	a0,76(s0)
 1dc:	6854                	ld	a3,144(s0)
 1de:	7365                	lui	t1,0xffff9
 1e0:	7369                	lui	t1,0xffffa
 1e2:	77654e2f          	.4byte	0x77654e2f
 1e6:	7246                	ld	tp,112(sp)
 1e8:	6d61                	lui	s10,0x18
 1ea:	7765                	lui	a4,0xffff9
 1ec:	2f6b726f          	jal	tp,b74e2 <_prog_start-0x7ff48b1e>
 1f0:	632e                	ld	t1,200(sp)
 1f2:	61646e6f          	jal	t3,46808 <_prog_start-0x7ffb97f8>
 1f6:	652d                	lui	a0,0xb
 1f8:	766e                	ld	a2,248(sp)
 1fa:	7369722f          	.4byte	0x7369722f
 1fe:	742d7663          	bgeu	s10,sp,94a <_prog_start-0x7ffff6b6>
 202:	736c6f6f          	jal	t5,c6938 <_prog_start-0x7ff396c8>
 206:	7369722f          	.4byte	0x7369722f
 20a:	34367663          	bgeu	a2,gp,556 <_prog_start-0x7ffffaaa>
 20e:	752d                	lui	a0,0xfffeb
 210:	6b6e                	ld	s6,216(sp)
 212:	6f6e                	ld	t5,216(sp)
 214:	652d6e77          	.4byte	0x652d6e77
 218:	666c                	ld	a1,200(a2)
 21a:	636e692f          	.4byte	0x636e692f
 21e:	756c                	ld	a1,232(a0)
 220:	6564                	ld	s1,200(a0)
 222:	63616d2f          	.4byte	0x63616d2f
 226:	6968                	ld	a0,208(a0)
 228:	656e                	ld	a0,216(sp)
 22a:	2f00                	.2byte	0x2f00
 22c:	6f68                	ld	a0,216(a4)
 22e:	656d                	lui	a0,0x1b
 230:	6e69622f          	.4byte	0x6e69622f
 234:	6b68                	ld	a0,208(a4)
 236:	6569                	lui	a0,0x1a
 238:	6475                	lui	s0,0x1d
 23a:	6f572f6f          	jal	t5,7312e <_prog_start-0x7ff8ced2>
 23e:	6b72                	ld	s6,280(sp)
 240:	63617073          	csrci	0x636,2
 244:	2f65                	addiw	t5,t5,25
 246:	6850                	ld	a2,144(s0)
 248:	5444                	lw	s1,44(s0)
 24a:	6568                	ld	a0,200(a0)
 24c:	2f736973          	csrrsi	s2,0x2f7,6
 250:	654e                	ld	a0,208(sp)
 252:	61724677          	.4byte	0x61724677
 256:	656d                	lui	a0,0x1b
 258:	6b726f77          	.4byte	0x6b726f77
 25c:	6f632e2f          	.4byte	0x6f632e2f
 260:	646e                	ld	s0,216(sp)
 262:	2d61                	addiw	s10,s10,24 # 18018 <_prog_start-0x7ffe7fe8>
 264:	6e65                	lui	t3,0x19
 266:	2f76                	.2byte	0x2f76
 268:	6972                	ld	s2,280(sp)
 26a:	2d766373          	csrrsi	t1,0x2d7,12
 26e:	6f74                	ld	a3,216(a4)
 270:	2f736c6f          	jal	s8,36d66 <_prog_start-0x7ffc929a>
 274:	6972                	ld	s2,280(sp)
 276:	36766373          	csrrsi	t1,0x367,12
 27a:	2d34                	.2byte	0x2d34
 27c:	6e75                	lui	t3,0x1d
 27e:	776f6e6b          	.4byte	0x776f6e6b
 282:	2d6e                	.2byte	0x2d6e
 284:	6c65                	lui	s8,0x19
 286:	2f66                	.2byte	0x2f66
 288:	6e69                	lui	t3,0x1a
 28a:	64756c63          	bltu	a0,t2,8e2 <_prog_start-0x7ffff71e>
 28e:	2f65                	addiw	t5,t5,25
 290:	00737973          	csrrci	s2,0x7,6
 294:	6972706b          	.4byte	0x6972706b
 298:	746e                	ld	s0,248(sp)
 29a:	2e66                	.2byte	0x2e66
 29c:	0068                	addi	a0,sp,12
 29e:	61647473          	csrrci	s0,0x616,8
 2a2:	6772                	ld	a4,280(sp)
 2a4:	682e                	ld	a6,200(sp)
 2a6:	5f00                	lw	s0,56(a4)
 2a8:	6564                	ld	s1,200(a0)
 2aa:	6166                	ld	sp,88(sp)
 2ac:	6c75                	lui	s8,0x1d
 2ae:	5f74                	lw	a3,124(a4)
 2b0:	7974                	ld	a3,240(a0)
 2b2:	6570                	ld	a2,200(a0)
 2b4:	00682e73          	csrrs	t3,0x6,a6
 2b8:	735f 6474 6e69      	.byte	0x5f, 0x73, 0x74, 0x64, 0x69, 0x6e
 2be:	2e74                	.2byte	0x2e74
 2c0:	0068                	addi	a0,sp,12
 2c2:	6d6f682f          	.4byte	0x6d6f682f
 2c6:	2f65                	addiw	t5,t5,25
 2c8:	6962                	ld	s2,24(sp)
 2ca:	686e                	ld	a6,216(sp)
 2cc:	7565696b          	.4byte	0x7565696b
 2d0:	6f64                	ld	s1,216(a4)
 2d2:	726f572f          	.4byte	0x726f572f
 2d6:	6170736b          	.4byte	0x6170736b
 2da:	502f6563          	bltu	t5,sp,7e4 <_prog_start-0x7ffff81c>
 2de:	4468                	lw	a0,76(s0)
 2e0:	6854                	ld	a3,144(s0)
 2e2:	7365                	lui	t1,0xffff9
 2e4:	7369                	lui	t1,0xffffa
 2e6:	77654e2f          	.4byte	0x77654e2f
 2ea:	7246                	ld	tp,112(sp)
 2ec:	6d61                	lui	s10,0x18
 2ee:	7765                	lui	a4,0xffff9
 2f0:	2f6b726f          	jal	tp,b75e6 <_prog_start-0x7ff48a1a>
 2f4:	7266                	ld	tp,120(sp)
 2f6:	6d61                	lui	s10,0x18
 2f8:	7765                	lui	a4,0xffff9
 2fa:	2f6b726f          	jal	tp,b75f0 <_prog_start-0x7ff48a10>
 2fe:	6564                	ld	s1,200(a0)
 300:	6f6d                	lui	t5,0x1b
 302:	74614d2f          	.4byte	0x74614d2f
 306:	754d                	lui	a0,0xffff3
 308:	2f6c                	.2byte	0x2f6c
 30a:	2f637273          	csrrci	tp,0x2f6,6
 30e:	616d                	addi	sp,sp,240
 310:	6e69                	lui	t3,0x1a
 312:	632e                	ld	t1,200(sp)
 314:	7400                	ld	s0,40(s0)
 316:	7268                	ld	a0,224(a2)
 318:	6165                	addi	sp,sp,112
 31a:	2e64                	.2byte	0x2e64
 31c:	0068                	addi	a0,sp,12

Disassembly of section .debug_info:

0000000000000000 <.debug_info>:
   0:	0025                	c.nop	9
   2:	0000                	unimp
   4:	0005                	c.nop	1
   6:	0801                	addi	a6,a6,0
   8:	0000                	unimp
   a:	0000                	unimp
   c:	0001                	nop
   e:	0000                	unimp
  10:	0000                	unimp
  12:	0000                	unimp
  14:	0080                	addi	s0,sp,64
  16:	0000                	unimp
  18:	8800                	.2byte	0x8800
  1a:	0004                	.2byte	0x4
  1c:	0000                	unimp
  1e:	5300                	lw	s0,32(a4)
  20:	0000                	unimp
  22:	9b00                	.2byte	0x9b00
  24:	0000                	unimp
  26:	0100                	addi	s0,sp,128
  28:	2580                	.2byte	0x2580
  2a:	0000                	unimp
  2c:	0500                	addi	s0,sp,640
  2e:	0100                	addi	s0,sp,128
  30:	1408                	addi	a0,sp,544
  32:	0000                	unimp
  34:	0100                	addi	s0,sp,128
  36:	0306                	slli	t1,t1,0x1
  38:	0000                	unimp
  3a:	01f8                	addi	a4,sp,204
  3c:	8000                	.2byte	0x8000
  3e:	0000                	unimp
  40:	0000                	unimp
  42:	0298                	addi	a4,sp,320
  44:	000000a7          	.4byte	0xa7
  48:	00000053          	.4byte	0x53
  4c:	0000009b          	sext.w	ra,zero
  50:	8001                	c.srli64	s0
  52:	00000307          	.4byte	0x307
  56:	0005                	c.nop	1
  58:	0801                	addi	a6,a6,0
  5a:	0028                	addi	a0,sp,8
  5c:	0000                	unimp
  5e:	0001970b          	.4byte	0x1970b
  62:	1d00                	addi	s0,sp,688
  64:	00a4                	addi	s1,sp,72
  66:	0000                	unimp
  68:	0000                	unimp
  6a:	0000                	unimp
  6c:	0310                	addi	a2,sp,384
  6e:	8000                	.2byte	0x8000
  70:	0000                	unimp
  72:	0000                	unimp
  74:	035c                	addi	a5,sp,388
  76:	0000                	unimp
  78:	0000                	unimp
  7a:	0000                	unimp
  7c:	04e0                	addi	s0,sp,588
  7e:	0000                	unimp
  80:	00013003          	ld	zero,0(sp)
  84:	0300                	addi	s0,sp,384
  86:	1b28                	addi	a0,sp,440
  88:	003a                	c.slli	zero,0xe
  8a:	0000                	unimp
  8c:	080c                	addi	a1,sp,16
  8e:	0104                	addi	s1,sp,128
  90:	0000                	unimp
  92:	00013703          	ld	a4,0(sp)
  96:	0300                	addi	s0,sp,384
  98:	002e1863          	bne	t3,sp,a8 <_prog_start-0x7fffff58>
  9c:	0000                	unimp
  9e:	0102                	c.slli64	sp
  a0:	4106                	lw	sp,64(sp)
  a2:	0001                	nop
  a4:	0200                	addi	s0,sp,256
  a6:	0801                	addi	a6,a6,0
  a8:	0000013f 75050202 	.8byte	0x750502020000013f
  b0:	0001                	nop
  b2:	0200                	addi	s0,sp,256
  b4:	0702                	c.slli64	a4
  b6:	014d                	addi	sp,sp,19
  b8:	0000                	unimp
  ba:	00011603          	lh	a2,0(sp)
  be:	0400                	addi	s0,sp,512
  c0:	184d                	addi	a6,a6,-13
  c2:	0074                	addi	a3,sp,12
  c4:	0000                	unimp
  c6:	040d                	addi	s0,s0,3 # 1d003 <_prog_start-0x7ffe2ffd>
  c8:	6905                	lui	s2,0x1
  ca:	746e                	ld	s0,248(sp)
  cc:	0300                	addi	s0,sp,384
  ce:	0160                	addi	s0,sp,140
  d0:	0000                	unimp
  d2:	4f04                	lw	s1,24(a4)
  d4:	8719                	srai	a4,a4,0x6
  d6:	0000                	unimp
  d8:	0200                	addi	s0,sp,256
  da:	0704                	addi	s1,sp,896
  dc:	00000247          	.4byte	0x247
  e0:	0802                	c.slli64	a6
  e2:	6605                	lui	a2,0x1
  e4:	0002                	c.slli64	zero
  e6:	0200                	addi	s0,sp,256
  e8:	0708                	addi	a0,sp,896
  ea:	0242                	slli	tp,tp,0x10
  ec:	0000                	unimp
  ee:	00011803          	lh	a6,0(sp)
  f2:	0500                	addi	s0,sp,640
  f4:	132c                	addi	a1,sp,424
  f6:	0068                	addi	a0,sp,12
  f8:	0000                	unimp
  fa:	00016203          	lwu	tp,0(sp)
  fe:	0500                	addi	s0,sp,640
 100:	1430                	addi	a2,sp,552
 102:	0000007b          	.4byte	0x7b
 106:	a80e                	.2byte	0xa80e
 108:	0000                	unimp
 10a:	0400                	addi	s0,sp,512
 10c:	0186                	slli	gp,gp,0x1
 10e:	0000                	unimp
 110:	1301                	addi	t1,t1,-32 # ffffffffffff9fe0 <out+0xffffffff7fff6f90>
 112:	d422                	sw	s0,40(sp)
 114:	0000                	unimp
 116:	0900                	addi	s0,sp,144
 118:	00159003          	lh	zero,1(a1)
 11c:	0080                	addi	s0,sp,64
 11e:	0000                	unimp
 120:	0800                	addi	s0,sp,16
 122:	00b4                	addi	a3,sp,72
 124:	0000                	unimp
 126:	cf09                	beqz	a4,140 <_prog_start-0x7ffffec0>
 128:	0000                	unimp
 12a:	0a00                	addi	s0,sp,272
 12c:	0128                	addi	a0,sp,136
 12e:	0000                	unimp
 130:	bc16                	.2byte	0xbc16
 132:	00800003          	lb	zero,8(zero) # 8 <_prog_start-0x7ffffff8>
 136:	0000                	unimp
 138:	b000                	.2byte	0xb000
 13a:	0002                	c.slli64	zero
 13c:	0000                	unimp
 13e:	0000                	unimp
 140:	0100                	addi	s0,sp,128
 142:	3c9c                	.2byte	0x3c9c
 144:	0002                	c.slli64	zero
 146:	0500                	addi	s0,sp,640
 148:	6d66                	ld	s10,88(sp)
 14a:	0074                	addi	a3,sp,12
 14c:	1602                	slli	a2,a2,0x20
 14e:	3c1a                	.2byte	0x3c1a
 150:	0002                	c.slli64	zero
 152:	0300                	addi	s0,sp,384
 154:	9891                	andi	s1,s1,-28
 156:	0f7e                	slli	t5,t5,0x1f
 158:	7601                	lui	a2,0xfffe0
 15a:	006c                	addi	a1,sp,12
 15c:	1802                	slli	a6,a6,0x20
 15e:	0000400b          	.4byte	0x400b
 162:	0300                	addi	s0,sp,384
 164:	e891                	bnez	s1,178 <_prog_start-0x7ffffe88>
 166:	047e                	slli	s0,s0,0x1f
 168:	0000016b          	.4byte	0x16b
 16c:	1902                	slli	s2,s2,0x20
 16e:	00024d07          	.4byte	0x24d07
 172:	0300                	addi	s0,sp,384
 174:	af91                	j	8c8 <_prog_start-0x7ffff738>
 176:	047f                	.2byte	0x47f
 178:	0120                	addi	s0,sp,136
 17a:	0000                	unimp
 17c:	1902                	slli	s2,s2,0x20
 17e:	4d12                	lw	s10,4(sp)
 180:	0002                	c.slli64	zero
 182:	0300                	addi	s0,sp,384
 184:	ae91                	j	4d8 <_prog_start-0x7ffffb28>
 186:	047f                	.2byte	0x47f
 188:	00fc                	addi	a5,sp,76
 18a:	0000                	unimp
 18c:	1902                	slli	s2,s2,0x20
 18e:	00024d1b          	.4byte	0x24d1b
 192:	0300                	addi	s0,sp,384
 194:	ad91                	j	7e8 <_prog_start-0x7ffff818>
 196:	017f                	.2byte	0x17f
 198:	1a020063          	beqz	tp,338 <_prog_start-0x7ffffcc8>
 19c:	00024107          	.4byte	0x24107
 1a0:	0300                	addi	s0,sp,384
 1a2:	ff91                	bnez	a5,be <_prog_start-0x7fffff42>
 1a4:	067e                	slli	a2,a2,0x1f
 1a6:	0442                	slli	s0,s0,0x10
 1a8:	8000                	.2byte	0x8000
 1aa:	0000                	unimp
 1ac:	0000                	unimp
 1ae:	01ce                	slli	gp,gp,0x13
 1b0:	0000                	unimp
 1b2:	0000                	unimp
 1b4:	0000                	unimp
 1b6:	6e01                	.2byte	0x6e01
 1b8:	0200                	addi	s0,sp,256
 1ba:	1324                	addi	s1,sp,424
 1bc:	0095                	addi	ra,ra,5
 1be:	0000                	unimp
 1c0:	7fa09103          	lh	sp,2042(ra)
 1c4:	6301                	.2byte	0x6301
 1c6:	0200                	addi	s0,sp,256
 1c8:	0a26                	slli	s4,s4,0x9
 1ca:	0254                	addi	a3,sp,260
 1cc:	0000                	unimp
 1ce:	7ea89103          	lh	sp,2026(a7)
 1d2:	00045407          	.4byte	0x45407
 1d6:	0080                	addi	s0,sp,64
 1d8:	0000                	unimp
 1da:	2c00                	.2byte	0x2c00
 1dc:	0000                	unimp
 1de:	0000                	unimp
 1e0:	0000                	unimp
 1e2:	a400                	.2byte	0xa400
 1e4:	0001                	nop
 1e6:	0100                	addi	s0,sp,128
 1e8:	0069                	c.nop	26
 1ea:	2702                	.2byte	0x2702
 1ec:	740e                	ld	s0,224(sp)
 1ee:	0000                	unimp
 1f0:	0300                	addi	s0,sp,384
 1f2:	9c91                	subw	s1,s1,a2
 1f4:	007f                	.2byte	0x7f
 1f6:	00049007          	.4byte	0x49007
 1fa:	0080                	addi	s0,sp,64
 1fc:	0000                	unimp
 1fe:	3a00                	.2byte	0x3a00
 200:	0000                	unimp
 202:	0000                	unimp
 204:	0000                	unimp
 206:	c800                	sw	s0,16(s0)
 208:	0001                	nop
 20a:	0100                	addi	s0,sp,128
 20c:	0069                	c.nop	26
 20e:	2d02                	.2byte	0x2d02
 210:	0000740f          	.4byte	0x740f
 214:	0300                	addi	s0,sp,384
 216:	9891                	andi	s1,s1,-28
 218:	007f                	.2byte	0x7f
 21a:	0004f807          	.4byte	0x4f807
 21e:	0080                	addi	s0,sp,64
 220:	0000                	unimp
 222:	3000                	.2byte	0x3000
 224:	0000                	unimp
 226:	0000                	unimp
 228:	0000                	unimp
 22a:	ec00                	sd	s0,24(s0)
 22c:	0001                	nop
 22e:	0100                	addi	s0,sp,128
 230:	0069                	c.nop	26
 232:	3102                	.2byte	0x3102
 234:	740e                	ld	s0,224(sp)
 236:	0000                	unimp
 238:	0300                	addi	s0,sp,384
 23a:	9491                	srai	s1,s1,0x24
 23c:	007f                	.2byte	0x7f
 23e:	3206                	.2byte	0x3206
 240:	0005                	c.nop	1
 242:	0080                	addi	s0,sp,64
 244:	0000                	unimp
 246:	ae00                	.2byte	0xae00
 248:	0000                	unimp
 24a:	0000                	unimp
 24c:	0000                	unimp
 24e:	0100                	addi	s0,sp,128
 250:	006e                	c.slli	zero,0x1b
 252:	3702                	.2byte	0x3702
 254:	00009513          	slli	a0,ra,0x0
 258:	0300                	addi	s0,sp,384
 25a:	8891                	andi	s1,s1,4
 25c:	017f                	.2byte	0x17f
 25e:	0069                	c.nop	26
 260:	3802                	.2byte	0x3802
 262:	8e0a                	mv	t3,sp
 264:	0000                	unimp
 266:	0300                	addi	s0,sp,384
 268:	8091                	srli	s1,s1,0x4
 26a:	067f                	.2byte	0x67f
 26c:	0584                	addi	s1,sp,704
 26e:	8000                	.2byte	0x8000
 270:	0000                	unimp
 272:	0000                	unimp
 274:	0048                	addi	a0,sp,4
 276:	0000                	unimp
 278:	0000                	unimp
 27a:	0000                	unimp
 27c:	6401                	.2byte	0x6401
 27e:	0200                	addi	s0,sp,256
 280:	0b41                	addi	s6,s6,16
 282:	008e                	slli	ra,ra,0x3
 284:	0000                	unimp
 286:	7ef09103          	lh	sp,2031(ra)
 28a:	0000                	unimp
 28c:	0000                	unimp
 28e:	4808                	lw	a0,16(s0)
 290:	0002                	c.slli64	zero
 292:	0200                	addi	s0,sp,256
 294:	0801                	addi	a6,a6,0
 296:	0148                	addi	a0,sp,132
 298:	0000                	unimp
 29a:	4109                	li	sp,2
 29c:	0002                	c.slli64	zero
 29e:	0200                	addi	s0,sp,256
 2a0:	0201                	addi	tp,tp,0 # 0 <_prog_start-0x80000000>
 2a2:	0191                	addi	gp,gp,4
 2a4:	0000                	unimp
 2a6:	4110                	lw	a2,0(a0)
 2a8:	0002                	c.slli64	zero
 2aa:	6400                	ld	s0,8(s0)
 2ac:	0002                	c.slli64	zero
 2ae:	1100                	addi	s0,sp,160
 2b0:	0095                	addi	ra,ra,5
 2b2:	0000                	unimp
 2b4:	800a003f 0f000001 	.8byte	0xf000001800a003f
 2bc:	0392                	slli	t2,t2,0x4
 2be:	8000                	.2byte	0x8000
 2c0:	0000                	unimp
 2c2:	0000                	unimp
 2c4:	002a                	c.slli	zero,0xa
 2c6:	0000                	unimp
 2c8:	0000                	unimp
 2ca:	0000                	unimp
 2cc:	9c01                	subw	s0,s0,s0
 2ce:	028e                	slli	t0,t0,0x3
 2d0:	0000                	unimp
 2d2:	7305                	lui	t1,0xfffe1
 2d4:	0200                	addi	s0,sp,256
 2d6:	023c180f          	.4byte	0x23c180f
 2da:	0000                	unimp
 2dc:	9102                	jalr	sp
 2de:	0068                	addi	a0,sp,12
 2e0:	7f12                	ld	t5,288(sp)
 2e2:	0001                	nop
 2e4:	0200                	addi	s0,sp,256
 2e6:	1408                	addi	a0,sp,544
 2e8:	034e                	slli	t1,t1,0x13
 2ea:	8000                	.2byte	0x8000
 2ec:	0000                	unimp
 2ee:	0000                	unimp
 2f0:	0044                	addi	s1,sp,4
 2f2:	0000                	unimp
 2f4:	0000                	unimp
 2f6:	0000                	unimp
 2f8:	9c01                	subw	s0,s0,s0
 2fa:	000002c7          	.4byte	0x2c7
 2fe:	7305                	lui	t1,0xfffe1
 300:	0200                	addi	s0,sp,256
 302:	2708                	.2byte	0x2708
 304:	023c                	addi	a5,sp,264
 306:	0000                	unimp
 308:	9102                	jalr	sp
 30a:	0158                	addi	a4,sp,132
 30c:	0a020063          	beqz	tp,3ac <_prog_start-0x7ffffc54>
 310:	00024107          	.4byte	0x24107
 314:	0200                	addi	s0,sp,256
 316:	6f91                	lui	t6,0x4
 318:	1300                	addi	s0,sp,416
 31a:	0000018b          	.4byte	0x18b
 31e:	1501                	addi	a0,a0,-32 # ffffffffffff2fe0 <out+0xffffffff7ffeff90>
 320:	1014                	addi	a3,sp,32
 322:	00800003          	lb	zero,8(zero) # 8 <_prog_start-0x7ffffff8>
 326:	0000                	unimp
 328:	3e00                	.2byte	0x3e00
 32a:	0000                	unimp
 32c:	0000                	unimp
 32e:	0000                	unimp
 330:	0100                	addi	s0,sp,128
 332:	059c                	addi	a5,sp,704
 334:	15010063          	beq	sp,a6,474 <_prog_start-0x7ffffb8c>
 338:	411f 0002 0200      	.byte	0x1f, 0x41, 0x02, 0x00, 0x00, 0x02
 33e:	5f91                	li	t6,-28
 340:	7401                	lui	s0,0xfffe0
 342:	0078                	addi	a4,sp,12
 344:	1701                	addi	a4,a4,-32 # ffffffffffff8fe0 <out+0xffffffff7fff5f90>
 346:	cf15                	beqz	a4,382 <_prog_start-0x7ffffc7e>
 348:	0000                	unimp
 34a:	0200                	addi	s0,sp,256
 34c:	6891                	lui	a7,0x4
 34e:	7201                	lui	tp,0xfffe0
 350:	0100                	addi	s0,sp,128
 352:	0a19                	addi	s4,s4,6
 354:	009c                	addi	a5,sp,64
 356:	0000                	unimp
 358:	9102                	jalr	sp
 35a:	0064                	addi	s1,sp,12
 35c:	b600                	.2byte	0xb600
 35e:	0009                	c.nop	2
 360:	0500                	addi	s0,sp,640
 362:	0100                	addi	s0,sp,128
 364:	2d08                	.2byte	0x2d08
 366:	0001                	nop
 368:	1400                	addi	s0,sp,544
 36a:	00000197          	auipc	gp,0x0
 36e:	c21d                	beqz	a2,394 <_prog_start-0x7ffffc6c>
 370:	0002                	c.slli64	zero
 372:	0000                	unimp
 374:	0000                	unimp
 376:	6c00                	ld	s0,24(s0)
 378:	0006                	c.slli	zero,0x1
 37a:	0080                	addi	s0,sp,64
 37c:	0000                	unimp
 37e:	e400                	sd	s0,8(s0)
 380:	000e                	c.slli	zero,0x3
 382:	0000                	unimp
 384:	0000                	unimp
 386:	7a00                	ld	s0,48(a2)
 388:	0008                	.2byte	0x8
 38a:	0400                	addi	s0,sp,512
 38c:	0601                	addi	a2,a2,0 # fffffffffffe0000 <out+0xffffffff7ffdcfb0>
 38e:	0141                	addi	sp,sp,16
 390:	0000                	unimp
 392:	0104                	addi	s1,sp,128
 394:	3f08                	.2byte	0x3f08
 396:	0001                	nop
 398:	0400                	addi	s0,sp,512
 39a:	0502                	c.slli64	a0
 39c:	0175                	addi	sp,sp,29
 39e:	0000                	unimp
 3a0:	00034b07          	.4byte	0x34b07
 3a4:	0300                	addi	s0,sp,384
 3a6:	1939                	addi	s2,s2,-18 # fee <_prog_start-0x7ffff012>
 3a8:	0000004f          	.4byte	0x4f
 3ac:	0204                	addi	s1,sp,256
 3ae:	00014d07          	.4byte	0x14d07
 3b2:	1500                	addi	s0,sp,672
 3b4:	0504                	addi	s1,sp,640
 3b6:	6e69                	lui	t3,0x1a
 3b8:	0074                	addi	a3,sp,12
 3ba:	00016007          	.4byte	0x16007
 3be:	0300                	addi	s0,sp,384
 3c0:	0069194f          	.4byte	0x69194f
 3c4:	0000                	unimp
 3c6:	0404                	addi	s1,sp,512
 3c8:	00024707          	.4byte	0x24707
 3cc:	0400                	addi	s0,sp,512
 3ce:	0508                	addi	a0,sp,640
 3d0:	0266                	slli	tp,tp,0x19
 3d2:	0000                	unimp
 3d4:	00031207          	.4byte	0x31207
 3d8:	0300                	addi	s0,sp,384
 3da:	1969                	addi	s2,s2,-6
 3dc:	00000083          	lb	ra,0(zero) # 0 <_prog_start-0x80000000>
 3e0:	0804                	addi	s1,sp,16
 3e2:	00024207          	.4byte	0x24207
 3e6:	0700                	addi	s0,sp,896
 3e8:	034d                	addi	t1,t1,19 # fffffffffffe1013 <out+0xffffffff7ffddfc3>
 3ea:	0000                	unimp
 3ec:	2404                	.2byte	0x2404
 3ee:	4314                	lw	a3,0(a4)
 3f0:	0000                	unimp
 3f2:	0700                	addi	s0,sp,896
 3f4:	0162                	slli	sp,sp,0x18
 3f6:	0000                	unimp
 3f8:	3004                	.2byte	0x3004
 3fa:	5d14                	lw	a3,56(a0)
 3fc:	0000                	unimp
 3fe:	1100                	addi	s0,sp,160
 400:	0096                	slli	ra,ra,0x5
 402:	0000                	unimp
 404:	00031407          	.4byte	0x31407
 408:	0400                	addi	s0,sp,512
 40a:	143c                	addi	a5,sp,552
 40c:	00000077          	.4byte	0x77
 410:	0804                	addi	s1,sp,16
 412:	6105                	addi	sp,sp,32
 414:	0002                	c.slli64	zero
 416:	0400                	addi	s0,sp,512
 418:	0410                	addi	a2,sp,512
 41a:	02e1                	addi	t0,t0,24
 41c:	0000                	unimp
 41e:	0816                	slli	a6,a6,0x5
 420:	c808                	sw	a0,16(s0)
 422:	0000                	unimp
 424:	0400                	addi	s0,sp,512
 426:	0801                	addi	a6,a6,0
 428:	0148                	addi	a0,sp,132
 42a:	0000                	unimp
 42c:	0804                	addi	s1,sp,16
 42e:	00023d07          	.4byte	0x23d07
 432:	0200                	addi	s0,sp,256
 434:	0186                	slli	gp,gp,0x1
 436:	0000                	unimp
 438:	1305                	addi	t1,t1,-31
 43a:	f122                	sd	s0,160(sp)
 43c:	0000                	unimp
 43e:	0900                	addi	s0,sp,144
 440:	00159803          	lh	a6,1(a1)
 444:	0080                	addi	s0,sp,64
 446:	0000                	unimp
 448:	0800                	addi	s0,sp,16
 44a:	00a2                	slli	ra,ra,0x8
 44c:	0000                	unimp
 44e:	0000ec17          	auipc	s8,0xe
 452:	0a00                	addi	s0,sp,272
 454:	02ed                	addi	t0,t0,27
 456:	0000                	unimp
 458:	1308                	addi	a0,sp,416
 45a:	00a2                	slli	ra,ra,0x8
 45c:	0000                	unimp
 45e:	0309                	addi	t1,t1,2
 460:	3000                	.2byte	0x3000
 462:	8000                	.2byte	0x8000
 464:	0000                	unimp
 466:	0000                	unimp
 468:	270a                	.2byte	0x270a
 46a:	0002                	c.slli64	zero
 46c:	0900                	addi	s0,sp,144
 46e:	0000a213          	slti	tp,ra,0
 472:	0900                	addi	s0,sp,144
 474:	00300403          	lb	s0,3(zero) # 3 <_prog_start-0x7ffffffd>
 478:	0080                	addi	s0,sp,64
 47a:	0000                	unimp
 47c:	0a00                	addi	s0,sp,272
 47e:	02ce                	slli	t0,t0,0x13
 480:	0000                	unimp
 482:	130a                	slli	t1,t1,0x22
 484:	00a2                	slli	ra,ra,0x8
 486:	0000                	unimp
 488:	0309                	addi	t1,t1,2
 48a:	3008                	.2byte	0x3008
 48c:	8000                	.2byte	0x8000
 48e:	0000                	unimp
 490:	0000                	unimp
 492:	6e0a                	ld	t3,128(sp)
 494:	0d000003          	lb	zero,208(zero) # d0 <_prog_start-0x7fffff30>
 498:	4a08                	lw	a0,16(a2)
 49a:	0001                	nop
 49c:	0900                	addi	s0,sp,144
 49e:	0015a003          	lw	zero,1(a1)
 4a2:	0080                	addi	s0,sp,64
 4a4:	0000                	unimp
 4a6:	0800                	addi	s0,sp,16
 4a8:	00c1                	addi	ra,ra,16
 4aa:	0000                	unimp
 4ac:	3802                	.2byte	0x3802
 4ae:	01000003          	lb	zero,16(zero) # 10 <_prog_start-0x7ffffff0>
 4b2:	00ec1b0f          	.4byte	0xec1b0f
 4b6:	0000                	unimp
 4b8:	0309                	addi	t1,t1,2
 4ba:	15a8                	addi	a0,sp,744
 4bc:	8000                	.2byte	0x8000
 4be:	0000                	unimp
 4c0:	0000                	unimp
 4c2:	a002                	.2byte	0xa002
 4c4:	0002                	c.slli64	zero
 4c6:	0100                	addi	s0,sp,128
 4c8:	1b10                	addi	a2,sp,432
 4ca:	00ec                	addi	a1,sp,76
 4cc:	0000                	unimp
 4ce:	0309                	addi	t1,t1,2
 4d0:	15b0                	addi	a2,sp,744
 4d2:	8000                	.2byte	0x8000
 4d4:	0000                	unimp
 4d6:	0000                	unimp
 4d8:	a602                	.2byte	0xa602
 4da:	0002                	c.slli64	zero
 4dc:	0100                	addi	s0,sp,128
 4de:	1b11                	addi	s6,s6,-28
 4e0:	00ec                	addi	a1,sp,76
 4e2:	0000                	unimp
 4e4:	0309                	addi	t1,t1,2
 4e6:	15b8                	addi	a4,sp,744
 4e8:	8000                	.2byte	0x8000
 4ea:	0000                	unimp
 4ec:	0000                	unimp
 4ee:	1d02                	slli	s10,s10,0x20
 4f0:	01000003          	lb	zero,16(zero) # 10 <_prog_start-0x7ffffff0>
 4f4:	1b12                	slli	s6,s6,0x24
 4f6:	00ec                	addi	a1,sp,76
 4f8:	0000                	unimp
 4fa:	0309                	addi	t1,t1,2
 4fc:	15c0                	addi	s0,sp,740
 4fe:	8000                	.2byte	0x8000
 500:	0000                	unimp
 502:	0000                	unimp
 504:	ac02                	.2byte	0xac02
 506:	0002                	c.slli64	zero
 508:	0100                	addi	s0,sp,128
 50a:	00ec1b13          	slli	s6,s8,0xe
 50e:	0000                	unimp
 510:	0309                	addi	t1,t1,2
 512:	15c8                	addi	a0,sp,740
 514:	8000                	.2byte	0x8000
 516:	0000                	unimp
 518:	0000                	unimp
 51a:	00021107          	.4byte	0x21107
 51e:	0200                	addi	s0,sp,256
 520:	120e                	slli	tp,tp,0x23
 522:	008a                	slli	ra,ra,0x2
 524:	0000                	unimp
 526:	bd11                	j	33a <_prog_start-0x7ffffcc6>
 528:	0001                	nop
 52a:	0200                	addi	s0,sp,256
 52c:	0380                	addi	s0,sp,448
 52e:	0000                	unimp
 530:	1002                	c.slli	zero,0x20
 532:	e418                	sd	a4,8(s0)
 534:	0001                	nop
 536:	0900                	addi	s0,sp,144
 538:	0015d003          	lhu	zero,1(a1)
 53c:	0080                	addi	s0,sp,64
 53e:	0000                	unimp
 540:	0800                	addi	s0,sp,16
 542:	01c9                	addi	gp,gp,18 # 37c <_prog_start-0x7ffffc84>
 544:	0000                	unimp
 546:	bd0c                	.2byte	0xbd0c
 548:	0001                	nop
 54a:	ff00                	sd	s0,56(a4)
 54c:	0001                	nop
 54e:	0900                	addi	s0,sp,144
 550:	00000083          	lb	ra,0(zero) # 0 <_prog_start-0x80000000>
 554:	00830903          	lb	s2,8(t1)
 558:	0000                	unimp
 55a:	690d0003          	lb	zero,1680(s10) # 18690 <_prog_start-0x7ffe7970>
 55e:	306e                	.2byte	0x306e
 560:	1200                	addi	s0,sp,288
 562:	01e9                	addi	gp,gp,26
 564:	0000                	unimp
 566:	0309                	addi	t1,t1,2
 568:	3010                	.2byte	0x3010
 56a:	8000                	.2byte	0x8000
 56c:	0000                	unimp
 56e:	0000                	unimp
 570:	690d                	lui	s2,0x3
 572:	316e                	.2byte	0x316e
 574:	1300                	addi	s0,sp,416
 576:	01e9                	addi	gp,gp,26
 578:	0000                	unimp
 57a:	0309                	addi	t1,t1,2
 57c:	3030                	.2byte	0x3030
 57e:	8000                	.2byte	0x8000
 580:	0000                	unimp
 582:	0000                	unimp
 584:	bd0c                	.2byte	0xbd0c
 586:	0001                	nop
 588:	3d00                	.2byte	0x3d00
 58a:	0002                	c.slli64	zero
 58c:	0900                	addi	s0,sp,144
 58e:	00000083          	lb	ra,0(zero) # 0 <_prog_start-0x80000000>
 592:	00830907          	.4byte	0x830907
 596:	0000                	unimp
 598:	6f0d0003          	lb	zero,1776(s10)
 59c:	7475                	lui	s0,0xffffd
 59e:	1400                	addi	s0,sp,544
 5a0:	00000227          	.4byte	0x227
 5a4:	0309                	addi	t1,t1,2
 5a6:	3050                	.2byte	0x3050
 5a8:	8000                	.2byte	0x8000
 5aa:	0000                	unimp
 5ac:	0000                	unimp
 5ae:	9518                	.2byte	0x9518
 5b0:	0002                	c.slli64	zero
 5b2:	0100                	addi	s0,sp,128
 5b4:	1119                	addi	sp,sp,-26
 5b6:	0096                	slli	ra,ra,0x5
 5b8:	0000                	unimp
 5ba:	8319                	srli	a4,a4,0x6
 5bc:	0002                	c.slli64	zero
 5be:	0100                	addi	s0,sp,128
 5c0:	111d                	addi	sp,sp,-25
 5c2:	0096                	slli	ra,ra,0x5
 5c4:	0000                	unimp
 5c6:	0000026f          	jal	tp,5c6 <_prog_start-0x7ffffa3a>
 5ca:	290e000b          	.4byte	0x290e000b
 5ce:	1b000003          	lb	zero,432(zero) # 1b0 <_prog_start-0x7ffffe50>
 5d2:	0000027b          	.4byte	0x27b
 5d6:	6f0e000b          	.4byte	0x6f0e000b
 5da:	0002                	c.slli64	zero
 5dc:	1600                	addi	s0,sp,800
 5de:	00000287          	.4byte	0x287
 5e2:	7a0e000b          	.4byte	0x7a0e000b
 5e6:	0002                	c.slli64	zero
 5e8:	1500                	addi	s0,sp,672
 5ea:	00000293          	li	t0,0
 5ee:	921a000b          	.4byte	0x921a000b
 5f2:	02000003          	lb	zero,32(zero) # 20 <_prog_start-0x7fffffe0>
 5f6:	055a                	slli	a0,a0,0x16
 5f8:	0056                	c.slli	zero,0x15
 5fa:	0000                	unimp
 5fc:	0d8a                	slli	s11,s11,0x2
 5fe:	8000                	.2byte	0x8000
 600:	0000                	unimp
 602:	0000                	unimp
 604:	07c6                	slli	a5,a5,0x11
 606:	0000                	unimp
 608:	0000                	unimp
 60a:	0000                	unimp
 60c:	9c01                	subw	s0,s0,s0
 60e:	0546                	slli	a0,a0,0x11
 610:	0000                	unimp
 612:	9905                	andi	a0,a0,-31
 614:	0002                	c.slli64	zero
 616:	0200                	addi	s0,sp,256
 618:	0e5a                	slli	t3,t3,0x16
 61a:	0056                	c.slli	zero,0x15
 61c:	0000                	unimp
 61e:	7ebc9103          	lh	sp,2027(s9)
 622:	7b05                	lui	s6,0xfffe1
 624:	02000003          	lb	zero,32(zero) # 20 <_prog_start-0x7fffffe0>
 628:	1d5a                	slli	s10,s10,0x36
 62a:	0546                	slli	a0,a0,0x11
 62c:	0000                	unimp
 62e:	7eb09103          	lh	sp,2027(ra)
 632:	d902                	sw	zero,176(sp)
 634:	0002                	c.slli64	zero
 636:	0200                	addi	s0,sp,256
 638:	0c5d                	addi	s8,s8,23 # e465 <_prog_start-0x7fff1b9b>
 63a:	000000a7          	.4byte	0xa7
 63e:	7fa09103          	lh	sp,2042(ra)
 642:	0003230f          	.4byte	0x3230f
 646:	1500                	addi	s0,sp,672
 648:	000000a7          	.4byte	0xa7
 64c:	0002b80f          	.4byte	0x2b80f
 650:	1c00                	addi	s0,sp,560
 652:	000000a7          	.4byte	0xa7
 656:	0002f90f          	.4byte	0x2f90f
 65a:	2400                	.2byte	0x2400
 65c:	000000a7          	.4byte	0xa7
 660:	bf02                	.2byte	0xbf02
 662:	0002                	c.slli64	zero
 664:	0200                	addi	s0,sp,256
 666:	0961                	addi	s2,s2,24 # 3018 <_prog_start-0x7fffcfe8>
 668:	01e9                	addi	gp,gp,26
 66a:	0000                	unimp
 66c:	7f809103          	lh	sp,2040(ra)
 670:	c402                	sw	zero,8(sp)
 672:	0002                	c.slli64	zero
 674:	0200                	addi	s0,sp,256
 676:	0962                	slli	s2,s2,0x18
 678:	01e9                	addi	gp,gp,26
 67a:	0000                	unimp
 67c:	7ee09103          	lh	sp,2030(ra)
 680:	c902                	sw	zero,144(sp)
 682:	0002                	c.slli64	zero
 684:	0200                	addi	s0,sp,256
 686:	01e90963          	beq	s2,t5,698 <_prog_start-0x7ffff968>
 68a:	0000                	unimp
 68c:	7ec09103          	lh	sp,2028(ra)
 690:	6b01                	.2byte	0x6b01
 692:	7b00                	ld	s0,48(a4)
 694:	00005607          	.4byte	0x5607
 698:	0200                	addi	s0,sp,256
 69a:	5491                	li	s1,-28
 69c:	a606                	.2byte	0xa606
 69e:	000d                	c.nop	3
 6a0:	0080                	addi	s0,sp,64
 6a2:	0000                	unimp
 6a4:	c800                	sw	s0,16(s0)
 6a6:	0000                	unimp
 6a8:	0000                	unimp
 6aa:	0000                	unimp
 6ac:	7f00                	ld	s0,56(a4)
 6ae:	01000003          	lb	zero,16(zero) # 10 <_prog_start-0x7ffffff0>
 6b2:	0069                	c.nop	26
 6b4:	0c66                	slli	s8,s8,0x19
 6b6:	0056                	c.slli	zero,0x15
 6b8:	0000                	unimp
 6ba:	9102                	jalr	sp
 6bc:	036c                	addi	a1,sp,396
 6be:	0dac                	addi	a1,sp,728
 6c0:	8000                	.2byte	0x8000
 6c2:	0000                	unimp
 6c4:	0000                	unimp
 6c6:	00aa                	slli	ra,ra,0xa
 6c8:	0000                	unimp
 6ca:	0000                	unimp
 6cc:	0000                	unimp
 6ce:	6a01                	.2byte	0x6a01
 6d0:	6700                	ld	s0,8(a4)
 6d2:	560e                	lw	a2,224(sp)
 6d4:	0000                	unimp
 6d6:	0200                	addi	s0,sp,256
 6d8:	6891                	lui	a7,0x4
 6da:	0000                	unimp
 6dc:	6e06                	ld	t3,64(sp)
 6de:	000e                	c.slli	zero,0x3
 6e0:	0080                	addi	s0,sp,64
 6e2:	0000                	unimp
 6e4:	b600                	.2byte	0xb600
 6e6:	0000                	unimp
 6e8:	0000                	unimp
 6ea:	0000                	unimp
 6ec:	fd00                	sd	s0,56(a0)
 6ee:	01000003          	lb	zero,16(zero) # 10 <_prog_start-0x7ffffff0>
 6f2:	0069                	c.nop	26
 6f4:	0c6e                	slli	s8,s8,0x1b
 6f6:	0056                	c.slli	zero,0x15
 6f8:	0000                	unimp
 6fa:	9102                	jalr	sp
 6fc:	0364                	addi	s1,sp,396
 6fe:	0e74                	addi	a3,sp,796
 700:	8000                	.2byte	0x8000
 702:	0000                	unimp
 704:	0000                	unimp
 706:	0098                	addi	a4,sp,64
 708:	0000                	unimp
 70a:	0000                	unimp
 70c:	0000                	unimp
 70e:	6a01                	.2byte	0x6a01
 710:	6f00                	ld	s0,24(a4)
 712:	560e                	lw	a2,224(sp)
 714:	0000                	unimp
 716:	0200                	addi	s0,sp,256
 718:	6091                	lui	ra,0x4
 71a:	000e7a03          	.4byte	0xe7a03
 71e:	0080                	addi	s0,sp,64
 720:	0000                	unimp
 722:	7a00                	ld	s0,48(a2)
 724:	0000                	unimp
 726:	0000                	unimp
 728:	0000                	unimp
 72a:	0100                	addi	s0,sp,128
 72c:	006d7573          	csrrci	a0,0x6,26
 730:	0d70                	addi	a2,sp,668
 732:	01bd                	addi	gp,gp,15
 734:	0000                	unimp
 736:	9102                	jalr	sp
 738:	035e                	slli	t1,t1,0x17
 73a:	0e7e                	slli	t3,t3,0x1f
 73c:	8000                	.2byte	0x8000
 73e:	0000                	unimp
 740:	0000                	unimp
 742:	005c                	addi	a5,sp,4
 744:	0000                	unimp
 746:	0000                	unimp
 748:	0000                	unimp
 74a:	6b01                	.2byte	0x6b01
 74c:	7100                	ld	s0,32(a0)
 74e:	5610                	lw	a2,40(a2)
 750:	0000                	unimp
 752:	0200                	addi	s0,sp,256
 754:	5891                	li	a7,-28
 756:	0000                	unimp
 758:	0000                	unimp
 75a:	2406                	.2byte	0x2406
 75c:	0080000f          	fence	unknown,i
 760:	0000                	unimp
 762:	0c00                	addi	s0,sp,528
 764:	0000                	unimp
 766:	0000                	unimp
 768:	0000                	unimp
 76a:	2300                	.2byte	0x2300
 76c:	0004                	.2byte	0x4
 76e:	0200                	addi	s0,sp,256
 770:	02b2                	slli	t0,t0,0xc
 772:	0000                	unimp
 774:	7a02                	ld	s4,32(sp)
 776:	830d                	srli	a4,a4,0x3
 778:	0000                	unimp
 77a:	0300                	addi	s0,sp,384
 77c:	a891                	j	7d0 <_prog_start-0x7ffff830>
 77e:	007f                	.2byte	0x7f
 780:	3806                	.2byte	0x3806
 782:	0080000f          	fence	unknown,i
 786:	0000                	unimp
 788:	9a00                	.2byte	0x9a00
 78a:	0000                	unimp
 78c:	0000                	unimp
 78e:	0000                	unimp
 790:	6300                	ld	s0,0(a4)
 792:	0004                	.2byte	0x4
 794:	0100                	addi	s0,sp,128
 796:	0069                	c.nop	26
 798:	0c7e                	slli	s8,s8,0x1f
 79a:	0056                	c.slli	zero,0x15
 79c:	0000                	unimp
 79e:	9102                	jalr	sp
 7a0:	0350                	addi	a2,sp,388
 7a2:	0f3e                	slli	t5,t5,0xf
 7a4:	8000                	.2byte	0x8000
 7a6:	0000                	unimp
 7a8:	0000                	unimp
 7aa:	007c                	addi	a5,sp,12
 7ac:	0000                	unimp
 7ae:	0000                	unimp
 7b0:	0000                	unimp
 7b2:	6a01                	.2byte	0x6a01
 7b4:	7f00                	ld	s0,56(a4)
 7b6:	560e                	lw	a2,224(sp)
 7b8:	0000                	unimp
 7ba:	0200                	addi	s0,sp,256
 7bc:	4c91                	li	s9,4
 7be:	0000                	unimp
 7c0:	d606                	sw	ra,44(sp)
 7c2:	0080000f          	fence	unknown,i
 7c6:	0000                	unimp
 7c8:	a600                	.2byte	0xa600
 7ca:	0000                	unimp
 7cc:	0000                	unimp
 7ce:	0000                	unimp
 7d0:	a300                	.2byte	0xa300
 7d2:	0004                	.2byte	0x4
 7d4:	0100                	addi	s0,sp,128
 7d6:	0069                	c.nop	26
 7d8:	0c85                	addi	s9,s9,1
 7da:	0056                	c.slli	zero,0x15
 7dc:	0000                	unimp
 7de:	9102                	jalr	sp
 7e0:	0348                	addi	a0,sp,388
 7e2:	0fdc                	addi	a5,sp,980
 7e4:	8000                	.2byte	0x8000
 7e6:	0000                	unimp
 7e8:	0000                	unimp
 7ea:	0088                	addi	a0,sp,64
 7ec:	0000                	unimp
 7ee:	0000                	unimp
 7f0:	0000                	unimp
 7f2:	6a01                	.2byte	0x6a01
 7f4:	8600                	.2byte	0x8600
 7f6:	560e                	lw	a2,224(sp)
 7f8:	0000                	unimp
 7fa:	0200                	addi	s0,sp,256
 7fc:	4491                	li	s1,4
 7fe:	0000                	unimp
 800:	8006                	c.mv	zero,ra
 802:	0010                	.2byte	0x10
 804:	0080                	addi	s0,sp,64
 806:	0000                	unimp
 808:	aa00                	.2byte	0xaa00
 80a:	0000                	unimp
 80c:	0000                	unimp
 80e:	0000                	unimp
 810:	e400                	sd	s0,8(s0)
 812:	0004                	.2byte	0x4
 814:	0100                	addi	s0,sp,128
 816:	0069                	c.nop	26
 818:	0c8c                	addi	a1,sp,592
 81a:	0056                	c.slli	zero,0x15
 81c:	0000                	unimp
 81e:	9102                	jalr	sp
 820:	0340                	addi	s0,sp,388
 822:	1086                	slli	ra,ra,0x21
 824:	8000                	.2byte	0x8000
 826:	0000                	unimp
 828:	0000                	unimp
 82a:	008c                	addi	a1,sp,64
 82c:	0000                	unimp
 82e:	0000                	unimp
 830:	0000                	unimp
 832:	6a01                	.2byte	0x6a01
 834:	8d00                	.2byte	0x8d00
 836:	560e                	lw	a2,224(sp)
 838:	0000                	unimp
 83a:	0300                	addi	s0,sp,384
 83c:	bc91                	j	290 <_prog_start-0x7ffffd70>
 83e:	007f                	.2byte	0x7f
 840:	0600                	addi	s0,sp,768
 842:	112e                	slli	sp,sp,0x2b
 844:	8000                	.2byte	0x8000
 846:	0000                	unimp
 848:	0000                	unimp
 84a:	00b2                	slli	ra,ra,0xc
 84c:	0000                	unimp
 84e:	0000                	unimp
 850:	0000                	unimp
 852:	0526                	slli	a0,a0,0x9
 854:	0000                	unimp
 856:	6901                	.2byte	0x6901
 858:	9300                	.2byte	0x9300
 85a:	560c                	lw	a1,40(a2)
 85c:	0000                	unimp
 85e:	0300                	addi	s0,sp,384
 860:	b891                	j	b4 <_prog_start-0x7fffff4c>
 862:	037f                	.2byte	0x37f
 864:	1134                	addi	a3,sp,168
 866:	8000                	.2byte	0x8000
 868:	0000                	unimp
 86a:	0000                	unimp
 86c:	0094                	addi	a3,sp,64
 86e:	0000                	unimp
 870:	0000                	unimp
 872:	0000                	unimp
 874:	6a01                	.2byte	0x6a01
 876:	9400                	.2byte	0x9400
 878:	560e                	lw	a2,224(sp)
 87a:	0000                	unimp
 87c:	0300                	addi	s0,sp,384
 87e:	b491                	j	2c2 <_prog_start-0x7ffffd3e>
 880:	007f                	.2byte	0x7f
 882:	0300                	addi	s0,sp,384
 884:	130a                	slli	t1,t1,0x22
 886:	8000                	.2byte	0x8000
 888:	0000                	unimp
 88a:	0000                	unimp
 88c:	0142                	slli	sp,sp,0x10
 88e:	0000                	unimp
 890:	0000                	unimp
 892:	0000                	unimp
 894:	6901                	.2byte	0x6901
 896:	ab00                	.2byte	0xab00
 898:	560c                	lw	a1,40(a2)
 89a:	0000                	unimp
 89c:	0300                	addi	s0,sp,384
 89e:	b091                	j	e2 <_prog_start-0x7fffff1e>
 8a0:	007f                	.2byte	0x7f
 8a2:	0800                	addi	s0,sp,16
 8a4:	000000c3          	.4byte	0xc3
 8a8:	0002541b          	srliw	s0,tp,0x0
 8ac:	0200                	addi	s0,sp,256
 8ae:	0638                	addi	a4,sp,776
 8b0:	0b8c                	addi	a1,sp,464
 8b2:	8000                	.2byte	0x8000
 8b4:	0000                	unimp
 8b6:	0000                	unimp
 8b8:	01fe                	slli	gp,gp,0x1f
 8ba:	0000                	unimp
 8bc:	0000                	unimp
 8be:	0000                	unimp
 8c0:	9c01                	subw	s0,s0,s0
 8c2:	06f2                	slli	a3,a3,0x1c
 8c4:	0000                	unimp
 8c6:	1d05                	addi	s10,s10,-31
 8c8:	0002                	c.slli64	zero
 8ca:	0200                	addi	s0,sp,256
 8cc:	1938                	addi	a4,sp,184
 8ce:	00c1                	addi	ra,ra,16 # 4010 <_prog_start-0x7fffbff0>
 8d0:	0000                	unimp
 8d2:	7f989103          	lh	sp,2041(a7) # 47f9 <_prog_start-0x7fffb807>
 8d6:	2205                	addiw	tp,tp,1 # fffffffffffe0001 <out+0xffffffff7ffdcfb1>
 8d8:	0002                	c.slli64	zero
 8da:	0200                	addi	s0,sp,256
 8dc:	2538                	.2byte	0x2538
 8de:	00c1                	addi	ra,ra,16
 8e0:	0000                	unimp
 8e2:	7f909103          	lh	sp,2041(ra)
 8e6:	0c05                	addi	s8,s8,1
 8e8:	0002                	c.slli64	zero
 8ea:	0200                	addi	s0,sp,256
 8ec:	3138                	.2byte	0x3138
 8ee:	00c1                	addi	ra,ra,16
 8f0:	0000                	unimp
 8f2:	7f889103          	lh	sp,2040(a7)
 8f6:	bf02                	.2byte	0xbf02
 8f8:	0002                	c.slli64	zero
 8fa:	0200                	addi	s0,sp,256
 8fc:	0939                	addi	s2,s2,14
 8fe:	06f2                	slli	a3,a3,0x1c
 900:	0000                	unimp
 902:	7fb09103          	lh	sp,2043(ra)
 906:	c402                	sw	zero,8(sp)
 908:	0002                	c.slli64	zero
 90a:	0200                	addi	s0,sp,256
 90c:	093a                	slli	s2,s2,0xe
 90e:	06f2                	slli	a3,a3,0x1c
 910:	0000                	unimp
 912:	7fa89103          	lh	sp,2042(a7)
 916:	c902                	sw	zero,144(sp)
 918:	0002                	c.slli64	zero
 91a:	0200                	addi	s0,sp,256
 91c:	06f2093b          	.4byte	0x6f2093b
 920:	0000                	unimp
 922:	7fa09103          	lh	sp,2042(ra)
 926:	3302                	.2byte	0x3302
 928:	0002                	c.slli64	zero
 92a:	0200                	addi	s0,sp,256
 92c:	0a3d                	addi	s4,s4,15
 92e:	0708                	addi	a0,sp,896
 930:	0000                	unimp
 932:	9102                	jalr	sp
 934:	0248                	addi	a0,sp,260
 936:	0238                	addi	a4,sp,264
 938:	0000                	unimp
 93a:	3e02                	.2byte	0x3e02
 93c:	080a                	slli	a6,a6,0x2
 93e:	02000007          	.4byte	0x2000007
 942:	4091                	li	ra,4
 944:	8e02                	jr	t3
 946:	0002                	c.slli64	zero
 948:	0200                	addi	s0,sp,256
 94a:	0a40                	addi	s0,sp,276
 94c:	0708                	addi	a0,sp,896
 94e:	0000                	unimp
 950:	7fb89103          	lh	sp,2043(a7)
 954:	b606                	.2byte	0xb606
 956:	0080000b          	.4byte	0x80000b
 95a:	0000                	unimp
 95c:	a400                	.2byte	0xa400
 95e:	0000                	unimp
 960:	0000                	unimp
 962:	0000                	unimp
 964:	3700                	.2byte	0x3700
 966:	0006                	c.slli	zero,0x1
 968:	0100                	addi	s0,sp,128
 96a:	0069                	c.nop	26
 96c:	00560c43          	.4byte	0x560c43
 970:	0000                	unimp
 972:	9102                	jalr	sp
 974:	036c                	addi	a1,sp,396
 976:	0bbc                	addi	a5,sp,472
 978:	8000                	.2byte	0x8000
 97a:	0000                	unimp
 97c:	0000                	unimp
 97e:	0086                	slli	ra,ra,0x1
 980:	0000                	unimp
 982:	0000                	unimp
 984:	0000                	unimp
 986:	6a01                	.2byte	0x6a01
 988:	4400                	lw	s0,8(s0)
 98a:	560e                	lw	a2,224(sp)
 98c:	0000                	unimp
 98e:	0200                	addi	s0,sp,256
 990:	6891                	lui	a7,0x4
 992:	0000                	unimp
 994:	5a06                	lw	s4,96(sp)
 996:	000c                	.2byte	0xc
 998:	0080                	addi	s0,sp,64
 99a:	0000                	unimp
 99c:	b600                	.2byte	0xb600
 99e:	0000                	unimp
 9a0:	0000                	unimp
 9a2:	0000                	unimp
 9a4:	b500                	.2byte	0xb500
 9a6:	0006                	c.slli	zero,0x1
 9a8:	0100                	addi	s0,sp,128
 9aa:	0069                	c.nop	26
 9ac:	0c4a                	slli	s8,s8,0x12
 9ae:	0056                	c.slli	zero,0x15
 9b0:	0000                	unimp
 9b2:	9102                	jalr	sp
 9b4:	0364                	addi	s1,sp,396
 9b6:	0c60                	addi	s0,sp,540
 9b8:	8000                	.2byte	0x8000
 9ba:	0000                	unimp
 9bc:	0000                	unimp
 9be:	0098                	addi	a4,sp,64
 9c0:	0000                	unimp
 9c2:	0000                	unimp
 9c4:	0000                	unimp
 9c6:	6a01                	.2byte	0x6a01
 9c8:	4b00                	lw	s0,16(a4)
 9ca:	560e                	lw	a2,224(sp)
 9cc:	0000                	unimp
 9ce:	0200                	addi	s0,sp,256
 9d0:	6091                	lui	ra,0x4
 9d2:	000c6603          	lwu	a2,0(s8)
 9d6:	0080                	addi	s0,sp,64
 9d8:	0000                	unimp
 9da:	7a00                	ld	s0,48(a2)
 9dc:	0000                	unimp
 9de:	0000                	unimp
 9e0:	0000                	unimp
 9e2:	0100                	addi	s0,sp,128
 9e4:	006d7573          	csrrci	a0,0x6,26
 9e8:	0d4c                	addi	a1,sp,660
 9ea:	01bd                	addi	gp,gp,15
 9ec:	0000                	unimp
 9ee:	9102                	jalr	sp
 9f0:	035e                	slli	t1,t1,0x17
 9f2:	0c6a                	slli	s8,s8,0x1a
 9f4:	8000                	.2byte	0x8000
 9f6:	0000                	unimp
 9f8:	0000                	unimp
 9fa:	005c                	addi	a5,sp,4
 9fc:	0000                	unimp
 9fe:	0000                	unimp
 a00:	0000                	unimp
 a02:	6b01                	.2byte	0x6b01
 a04:	4d00                	lw	s0,24(a0)
 a06:	5610                	lw	a2,40(a2)
 a08:	0000                	unimp
 a0a:	0200                	addi	s0,sp,256
 a0c:	5891                	li	a7,-28
 a0e:	0000                	unimp
 a10:	0000                	unimp
 a12:	000d1003          	lh	zero,0(s10)
 a16:	0080                	addi	s0,sp,64
 a18:	0000                	unimp
 a1a:	7000                	ld	s0,32(s0)
 a1c:	0000                	unimp
 a1e:	0000                	unimp
 a20:	0000                	unimp
 a22:	0100                	addi	s0,sp,128
 a24:	0069                	c.nop	26
 a26:	0c54                	addi	a3,sp,532
 a28:	0056                	c.slli	zero,0x15
 a2a:	0000                	unimp
 a2c:	9102                	jalr	sp
 a2e:	0354                	addi	a3,sp,388
 a30:	0d16                	slli	s10,s10,0x5
 a32:	8000                	.2byte	0x8000
 a34:	0000                	unimp
 a36:	0000                	unimp
 a38:	0052                	c.slli	zero,0x14
 a3a:	0000                	unimp
 a3c:	0000                	unimp
 a3e:	0000                	unimp
 a40:	6a01                	.2byte	0x6a01
 a42:	5500                	lw	s0,40(a0)
 a44:	560e                	lw	a2,224(sp)
 a46:	0000                	unimp
 a48:	0200                	addi	s0,sp,256
 a4a:	5091                	li	ra,-28
 a4c:	0000                	unimp
 a4e:	0c00                	addi	s0,sp,528
 a50:	01bd                	addi	gp,gp,15
 a52:	0000                	unimp
 a54:	0708                	addi	a0,sp,896
 a56:	0000                	unimp
 a58:	8309                	srli	a4,a4,0x2
 a5a:	0000                	unimp
 a5c:	0100                	addi	s0,sp,128
 a5e:	8309                	srli	a4,a4,0x2
 a60:	0000                	unimp
 a62:	0100                	addi	s0,sp,128
 a64:	0800                	addi	s0,sp,16
 a66:	01bd                	addi	gp,gp,15
 a68:	0000                	unimp
 a6a:	0012                	c.slli	zero,0x4
 a6c:	02000003          	lb	zero,32(zero) # 20 <_prog_start-0x7fffffe0>
 a70:	6c16                	ld	s8,320(sp)
 a72:	0009                	c.nop	2
 a74:	0080                	addi	s0,sp,64
 a76:	0000                	unimp
 a78:	2000                	.2byte	0x2000
 a7a:	0002                	c.slli64	zero
 a7c:	0000                	unimp
 a7e:	0000                	unimp
 a80:	0100                	addi	s0,sp,128
 a82:	849c                	.2byte	0x849c
 a84:	0008                	.2byte	0x8
 a86:	1c00                	addi	s0,sp,560
 a88:	6964                	ld	s1,208(a0)
 a8a:	006e                	c.slli	zero,0x1b
 a8c:	1602                	slli	a2,a2,0x20
 a8e:	0000c113          	xori	sp,ra,0
 a92:	0300                	addi	s0,sp,384
 a94:	d891                	beqz	s1,9a8 <_prog_start-0x7ffff658>
 a96:	057e                	slli	a0,a0,0x1f
 a98:	020c                	addi	a1,sp,256
 a9a:	0000                	unimp
 a9c:	1602                	slli	a2,a2,0x20
 a9e:	c11e                	sw	t2,128(sp)
 aa0:	0000                	unimp
 aa2:	0300                	addi	s0,sp,384
 aa4:	d091                	beqz	s1,9a8 <_prog_start-0x7ffff658>
 aa6:	027e                	slli	tp,tp,0x1f
 aa8:	000002bf e9091702 	.8byte	0xe9091702000002bf
 ab0:	0001                	nop
 ab2:	0300                	addi	s0,sp,384
 ab4:	a891                	j	b08 <_prog_start-0x7ffff4f8>
 ab6:	027f                	.2byte	0x27f
 ab8:	02c4                	addi	s1,sp,324
 aba:	0000                	unimp
 abc:	1802                	slli	a6,a6,0x20
 abe:	e909                	bnez	a0,ad0 <_prog_start-0x7ffff530>
 ac0:	0001                	nop
 ac2:	0300                	addi	s0,sp,384
 ac4:	8891                	andi	s1,s1,4
 ac6:	027f                	.2byte	0x27f
 ac8:	02c9                	addi	t0,t0,18
 aca:	0000                	unimp
 acc:	1902                	slli	s2,s2,0x20
 ace:	e909                	bnez	a0,ae0 <_prog_start-0x7ffff520>
 ad0:	0001                	nop
 ad2:	0300                	addi	s0,sp,384
 ad4:	e891                	bnez	s1,ae8 <_prog_start-0x7ffff518>
 ad6:	027e                	slli	tp,tp,0x1f
 ad8:	028e                	slli	t0,t0,0x3
 ada:	0000                	unimp
 adc:	1b02                	slli	s6,s6,0x20
 ade:	080a                	slli	a6,a6,0x2
 ae0:	02000007          	.4byte	0x2000007
 ae4:	4891                	li	a7,4
 ae6:	8406                	mv	s0,ra
 ae8:	0009                	c.nop	2
 aea:	0080                	addi	s0,sp,64
 aec:	0000                	unimp
 aee:	c200                	sw	s0,0(a2)
 af0:	0000                	unimp
 af2:	0000                	unimp
 af4:	0000                	unimp
 af6:	c900                	sw	s0,16(a0)
 af8:	01000007          	.4byte	0x1000007
 afc:	0069                	c.nop	26
 afe:	0c1e                	slli	s8,s8,0x7
 b00:	0056                	c.slli	zero,0x15
 b02:	0000                	unimp
 b04:	9102                	jalr	sp
 b06:	036c                	addi	a1,sp,396
 b08:	098a                	slli	s3,s3,0x2
 b0a:	8000                	.2byte	0x8000
 b0c:	0000                	unimp
 b0e:	0000                	unimp
 b10:	00a4                	addi	s1,sp,72
 b12:	0000                	unimp
 b14:	0000                	unimp
 b16:	0000                	unimp
 b18:	6a01                	.2byte	0x6a01
 b1a:	1f00                	addi	s0,sp,944
 b1c:	560e                	lw	a2,224(sp)
 b1e:	0000                	unimp
 b20:	0200                	addi	s0,sp,256
 b22:	6891                	lui	a7,0x4
 b24:	0000                	unimp
 b26:	4606                	lw	a2,64(sp)
 b28:	000a                	c.slli	zero,0x2
 b2a:	0080                	addi	s0,sp,64
 b2c:	0000                	unimp
 b2e:	b600                	.2byte	0xb600
 b30:	0000                	unimp
 b32:	0000                	unimp
 b34:	0000                	unimp
 b36:	4700                	lw	s0,8(a4)
 b38:	0008                	.2byte	0x8
 b3a:	0100                	addi	s0,sp,128
 b3c:	0069                	c.nop	26
 b3e:	0c26                	slli	s8,s8,0x9
 b40:	0056                	c.slli	zero,0x15
 b42:	0000                	unimp
 b44:	9102                	jalr	sp
 b46:	0364                	addi	s1,sp,396
 b48:	0a4c                	addi	a1,sp,276
 b4a:	8000                	.2byte	0x8000
 b4c:	0000                	unimp
 b4e:	0000                	unimp
 b50:	0098                	addi	a4,sp,64
 b52:	0000                	unimp
 b54:	0000                	unimp
 b56:	0000                	unimp
 b58:	6a01                	.2byte	0x6a01
 b5a:	2700                	.2byte	0x2700
 b5c:	560e                	lw	a2,224(sp)
 b5e:	0000                	unimp
 b60:	0200                	addi	s0,sp,256
 b62:	6091                	lui	ra,0x4
 b64:	000a5203          	lhu	tp,0(s4)
 b68:	0080                	addi	s0,sp,64
 b6a:	0000                	unimp
 b6c:	7a00                	ld	s0,48(a2)
 b6e:	0000                	unimp
 b70:	0000                	unimp
 b72:	0000                	unimp
 b74:	0100                	addi	s0,sp,128
 b76:	006d7573          	csrrci	a0,0x6,26
 b7a:	0d28                	addi	a0,sp,664
 b7c:	01bd                	addi	gp,gp,15
 b7e:	0000                	unimp
 b80:	9102                	jalr	sp
 b82:	035e                	slli	t1,t1,0x17
 b84:	0a56                	slli	s4,s4,0x15
 b86:	8000                	.2byte	0x8000
 b88:	0000                	unimp
 b8a:	0000                	unimp
 b8c:	005c                	addi	a5,sp,4
 b8e:	0000                	unimp
 b90:	0000                	unimp
 b92:	0000                	unimp
 b94:	6b01                	.2byte	0x6b01
 b96:	2900                	.2byte	0x2900
 b98:	5610                	lw	a2,40(a2)
 b9a:	0000                	unimp
 b9c:	0200                	addi	s0,sp,256
 b9e:	5891                	li	a7,-28
 ba0:	0000                	unimp
 ba2:	0000                	unimp
 ba4:	000afc03          	.4byte	0xafc03
 ba8:	0080                	addi	s0,sp,64
 baa:	0000                	unimp
 bac:	7000                	ld	s0,32(s0)
 bae:	0000                	unimp
 bb0:	0000                	unimp
 bb2:	0000                	unimp
 bb4:	0100                	addi	s0,sp,128
 bb6:	0069                	c.nop	26
 bb8:	0c30                	addi	a2,sp,536
 bba:	0056                	c.slli	zero,0x15
 bbc:	0000                	unimp
 bbe:	9102                	jalr	sp
 bc0:	0354                	addi	a3,sp,388
 bc2:	0b02                	c.slli64	s6
 bc4:	8000                	.2byte	0x8000
 bc6:	0000                	unimp
 bc8:	0000                	unimp
 bca:	0052                	c.slli	zero,0x14
 bcc:	0000                	unimp
 bce:	0000                	unimp
 bd0:	0000                	unimp
 bd2:	6a01                	.2byte	0x6a01
 bd4:	3100                	.2byte	0x3100
 bd6:	560e                	lw	a2,224(sp)
 bd8:	0000                	unimp
 bda:	0200                	addi	s0,sp,256
 bdc:	5091                	li	ra,-28
 bde:	0000                	unimp
 be0:	1300                	addi	s0,sp,416
 be2:	0362                	slli	t1,t1,0x18
 be4:	0000                	unimp
 be6:	304c                	.2byte	0x304c
 be8:	0009                	c.nop	2
 bea:	0080                	addi	s0,sp,64
 bec:	0000                	unimp
 bee:	3c00                	.2byte	0x3c00
 bf0:	0000                	unimp
 bf2:	0000                	unimp
 bf4:	0000                	unimp
 bf6:	0100                	addi	s0,sp,128
 bf8:	b09c                	.2byte	0xb09c
 bfa:	0008                	.2byte	0x8
 bfc:	0200                	addi	s0,sp,256
 bfe:	00000397          	auipc	t2,0x0
 c02:	4f01                	li	t5,0
 c04:	960e                	add	a2,a2,gp
 c06:	0000                	unimp
 c08:	0200                	addi	s0,sp,256
 c0a:	6c91                	lui	s9,0x4
 c0c:	1300                	addi	s0,sp,416
 c0e:	00000307          	.4byte	0x307
 c12:	bc34                	.2byte	0xbc34
 c14:	00800007          	.4byte	0x800007
 c18:	0000                	unimp
 c1a:	7400                	ld	s0,40(s0)
 c1c:	0001                	nop
 c1e:	0000                	unimp
 c20:	0000                	unimp
 c22:	0100                	addi	s0,sp,128
 c24:	1b9c                	addi	a5,sp,496
 c26:	0009                	c.nop	2
 c28:	0300                	addi	s0,sp,384
 c2a:	07f6                	slli	a5,a5,0x1d
 c2c:	8000                	.2byte	0x8000
 c2e:	0000                	unimp
 c30:	0000                	unimp
 c32:	0112                	slli	sp,sp,0x4
 c34:	0000                	unimp
 c36:	0000                	unimp
 c38:	0000                	unimp
 c3a:	1702                	slli	a4,a4,0x20
 c3c:	0002                	c.slli64	zero
 c3e:	0100                	addi	s0,sp,128
 c40:	1438                	addi	a4,sp,552
 c42:	0930                	addi	a2,sp,152
 c44:	0000                	unimp
 c46:	9102                	jalr	sp
 c48:	0268                	addi	a0,sp,268
 c4a:	021d                	addi	tp,tp,7 # 7 <_prog_start-0x7ffffff9>
 c4c:	0000                	unimp
 c4e:	3a01                	addiw	s4,s4,-32
 c50:	0000c113          	xori	sp,ra,0
 c54:	0200                	addi	s0,sp,256
 c56:	6091                	lui	ra,0x4
 c58:	2202                	.2byte	0x2202
 c5a:	0002                	c.slli64	zero
 c5c:	0100                	addi	s0,sp,128
 c5e:	00c1133b          	sllw	t1,sp,a2
 c62:	0000                	unimp
 c64:	9102                	jalr	sp
 c66:	0258                	addi	a4,sp,260
 c68:	020c                	addi	a1,sp,256
 c6a:	0000                	unimp
 c6c:	3c01                	addiw	s8,s8,-32
 c6e:	0000c113          	xori	sp,ra,0
 c72:	0200                	addi	s0,sp,256
 c74:	5091                	li	ra,-28
 c76:	0000                	unimp
 c78:	301d                	.2byte	0x301d
 c7a:	0009                	c.nop	2
 c7c:	1000                	addi	s0,sp,32
 c7e:	00c1                	addi	ra,ra,16 # 4010 <_prog_start-0x7fffbff0>
 c80:	0000                	unimp
 c82:	c110                	sw	a2,0(a0)
 c84:	0000                	unimp
 c86:	1000                	addi	s0,sp,32
 c88:	00c1                	addi	ra,ra,16
 c8a:	0000                	unimp
 c8c:	0800                	addi	s0,sp,16
 c8e:	0000091b          	sext.w	s2,zero
 c92:	3d12                	.2byte	0x3d12
 c94:	01000003          	lb	zero,16(zero) # 10 <_prog_start-0x7ffffff0>
 c98:	0006b22b          	.4byte	0x6b22b
 c9c:	0080                	addi	s0,sp,64
 c9e:	0000                	unimp
 ca0:	0a00                	addi	s0,sp,272
 ca2:	0001                	nop
 ca4:	0000                	unimp
 ca6:	0000                	unimp
 ca8:	0100                	addi	s0,sp,128
 caa:	8f9c                	.2byte	0x8f9c
 cac:	0009                	c.nop	2
 cae:	0500                	addi	s0,sp,640
 cb0:	00000217          	auipc	tp,0x0
 cb4:	2b01                	sext.w	s6,s6
 cb6:	c11a                	sw	t1,128(sp)
 cb8:	0000                	unimp
 cba:	0200                	addi	s0,sp,256
 cbc:	6891                	lui	a7,0x4
 cbe:	1d05                	addi	s10,s10,-31
 cc0:	0002                	c.slli64	zero
 cc2:	0100                	addi	s0,sp,128
 cc4:	00c1272b          	.4byte	0xc1272b
 cc8:	0000                	unimp
 cca:	9102                	jalr	sp
 ccc:	0560                	addi	s0,sp,652
 cce:	0222                	slli	tp,tp,0x8
 cd0:	0000                	unimp
 cd2:	2b01                	sext.w	s6,s6
 cd4:	0000c133          	xor	sp,ra,zero
 cd8:	0200                	addi	s0,sp,256
 cda:	5891                	li	a7,-28
 cdc:	0c05                	addi	s8,s8,1
 cde:	0002                	c.slli64	zero
 ce0:	0100                	addi	s0,sp,128
 ce2:	00c13f2b          	.4byte	0xc13f2b
 ce6:	0000                	unimp
 ce8:	9102                	jalr	sp
 cea:	0050                	addi	a2,sp,4
 cec:	561e                	lw	a2,228(sp)
 cee:	01000003          	lb	zero,16(zero) # 10 <_prog_start-0x7ffffff0>
 cf2:	0622                	slli	a2,a2,0x8
 cf4:	066c                	addi	a1,sp,780
 cf6:	8000                	.2byte	0x8000
 cf8:	0000                	unimp
 cfa:	0000                	unimp
 cfc:	0046                	c.slli	zero,0x11
 cfe:	0000                	unimp
 d00:	0000                	unimp
 d02:	0000                	unimp
 d04:	9c01                	subw	s0,s0,s0
 d06:	8505                	srai	a0,a0,0x1
 d08:	01000003          	lb	zero,16(zero) # 10 <_prog_start-0x7ffffff0>
 d0c:	1b22                	slli	s6,s6,0x28
 d0e:	0096                	slli	ra,ra,0x5
 d10:	0000                	unimp
 d12:	9102                	jalr	sp
 d14:	006c                	addi	a1,sp,12
	...

Disassembly of section .debug_abbrev:

0000000000000000 <.debug_abbrev>:
   0:	1101                	addi	sp,sp,-32
   2:	1000                	addi	s0,sp,32
   4:	12011117          	auipc	sp,0x12011
   8:	1b0e030f          	.4byte	0x1b0e030f
   c:	250e                	.2byte	0x250e
   e:	130e                	slli	t1,t1,0x23
  10:	0005                	c.nop	1
  12:	0000                	unimp
  14:	1101                	addi	sp,sp,-32 # 12010fe4 <_prog_start-0x6dfef01c>
  16:	1000                	addi	s0,sp,32
  18:	12011117          	auipc	sp,0x12011
  1c:	1b0e030f          	.4byte	0x1b0e030f
  20:	250e                	.2byte	0x250e
  22:	130e                	slli	t1,t1,0x23
  24:	0005                	c.nop	1
  26:	0000                	unimp
  28:	3401                	addiw	s0,s0,-32 # ffffffffffffcfe0 <out+0xffffffff7fff9f90>
  2a:	0300                	addi	s0,sp,384
  2c:	3a08                	.2byte	0x3a08
  2e:	390b3b0b          	.4byte	0x390b3b0b
  32:	0213490b          	.4byte	0x213490b
  36:	0018                	.2byte	0x18
  38:	0200                	addi	s0,sp,256
  3a:	0024                	addi	s1,sp,8
  3c:	0b3e0b0b          	.4byte	0xb3e0b0b
  40:	00000e03          	lb	t3,0(zero) # 0 <_prog_start-0x80000000>
  44:	03001603          	lh	a2,48(zero) # 30 <_prog_start-0x7fffffd0>
  48:	3a0e                	.2byte	0x3a0e
  4a:	390b3b0b          	.4byte	0x390b3b0b
  4e:	0013490b          	.4byte	0x13490b
  52:	0400                	addi	s0,sp,512
  54:	0034                	addi	a3,sp,8
  56:	0b3a0e03          	lb	t3,179(s4)
  5a:	0b390b3b          	.4byte	0xb390b3b
  5e:	1349                	addi	t1,t1,-14
  60:	1802                	slli	a6,a6,0x20
  62:	0000                	unimp
  64:	0505                	addi	a0,a0,1
  66:	0300                	addi	s0,sp,384
  68:	3a08                	.2byte	0x3a08
  6a:	390b3b0b          	.4byte	0x390b3b0b
  6e:	0213490b          	.4byte	0x213490b
  72:	0018                	.2byte	0x18
  74:	0600                	addi	s0,sp,768
  76:	0111010b          	.4byte	0x111010b
  7a:	0712                	slli	a4,a4,0x4
  7c:	0000                	unimp
  7e:	11010b07          	.4byte	0x11010b07
  82:	1201                	addi	tp,tp,-32 # c90 <_prog_start-0x7ffff370>
  84:	00130107          	.4byte	0x130107
  88:	0800                	addi	s0,sp,16
  8a:	210b000f          	.4byte	0x210b000f
  8e:	4908                	lw	a0,16(a0)
  90:	09000013          	li	zero,144
  94:	0026                	c.slli	zero,0x9
  96:	1349                	addi	t1,t1,-14
  98:	0000                	unimp
  9a:	2e0a                	.2byte	0x2e0a
  9c:	3f01                	addiw	t5,t5,-32 # 1afe0 <_prog_start-0x7ffe5020>
  9e:	0319                	addi	t1,t1,6
  a0:	3a0e                	.2byte	0x3a0e
  a2:	0221                	addi	tp,tp,8 # 8 <_prog_start-0x7ffffff8>
  a4:	21390b3b          	.4byte	0x21390b3b
  a8:	2706                	.2byte	0x2706
  aa:	1119                	addi	sp,sp,-26 # 12010ffe <_prog_start-0x6dfef002>
  ac:	1201                	addi	tp,tp,-32 # ffffffffffffffe0 <out+0xffffffff7fffcf90>
  ae:	7c184007          	.4byte	0x7c184007
  b2:	0119                	addi	sp,sp,6
  b4:	0b000013          	li	zero,176
  b8:	0111                	addi	sp,sp,4
  ba:	0e25                	addi	t3,t3,9 # 1a009 <_prog_start-0x7ffe5ff7>
  bc:	1f030b13          	addi	s6,t1,496
  c0:	01111f1b          	slliw	t5,sp,0x11
  c4:	0712                	slli	a4,a4,0x4
  c6:	1710                	addi	a2,sp,928
  c8:	0000                	unimp
  ca:	0f0c                	addi	a1,sp,912
  cc:	0b00                	addi	s0,sp,400
  ce:	000e030b          	.4byte	0xe030b
  d2:	0d00                	addi	s0,sp,656
  d4:	0024                	addi	s1,sp,8
  d6:	0b3e0b0b          	.4byte	0xb3e0b0b
  da:	00000803          	lb	a6,0(zero) # 0 <_prog_start-0x80000000>
  de:	350e                	.2byte	0x350e
  e0:	4900                	lw	s0,16(a0)
  e2:	0f000013          	li	zero,240
  e6:	0018                	.2byte	0x18
  e8:	0000                	unimp
  ea:	0110                	addi	a2,sp,128
  ec:	4901                	li	s2,0
  ee:	00130113          	addi	sp,t1,1
  f2:	1100                	addi	s0,sp,160
  f4:	0021                	c.nop	8
  f6:	1349                	addi	t1,t1,-14
  f8:	00000b2f          	.4byte	0xb2f
  fc:	2e12                	.2byte	0x2e12
  fe:	0301                	addi	t1,t1,0
 100:	3a0e                	.2byte	0x3a0e
 102:	390b3b0b          	.4byte	0x390b3b0b
 106:	1119270b          	.4byte	0x1119270b
 10a:	1201                	addi	tp,tp,-32 # ffffffffffffffe0 <out+0xffffffff7fffcf90>
 10c:	7c184007          	.4byte	0x7c184007
 110:	0119                	addi	sp,sp,6
 112:	13000013          	li	zero,304
 116:	012e                	slli	sp,sp,0xb
 118:	0b3a0e03          	lb	t3,179(s4)
 11c:	0b390b3b          	.4byte	0xb390b3b
 120:	01111927          	.4byte	0x1111927
 124:	0712                	slli	a4,a4,0x4
 126:	1840                	addi	s0,sp,52
 128:	197a                	slli	s2,s2,0x3e
 12a:	0000                	unimp
 12c:	0100                	addi	s0,sp,128
 12e:	0034                	addi	a3,sp,8
 130:	213a0803          	lb	a6,531(s4)
 134:	3b02                	.2byte	0x3b02
 136:	490b390b          	.4byte	0x490b390b
 13a:	00180213          	addi	tp,a6,1
 13e:	0200                	addi	s0,sp,256
 140:	0034                	addi	a3,sp,8
 142:	0b3a0e03          	lb	t3,179(s4)
 146:	0b390b3b          	.4byte	0xb390b3b
 14a:	1349                	addi	t1,t1,-14
 14c:	1802                	slli	a6,a6,0x20
 14e:	0000                	unimp
 150:	11010b03          	lb	s6,272(sp)
 154:	1201                	addi	tp,tp,-32 # ffffffffffffffe0 <out+0xffffffff7fffcf90>
 156:	04000007          	.4byte	0x4000007
 15a:	0024                	addi	s1,sp,8
 15c:	0b3e0b0b          	.4byte	0xb3e0b0b
 160:	00000e03          	lb	t3,0(zero) # 0 <_prog_start-0x80000000>
 164:	0505                	addi	a0,a0,1
 166:	0300                	addi	s0,sp,384
 168:	3a0e                	.2byte	0x3a0e
 16a:	390b3b0b          	.4byte	0x390b3b0b
 16e:	0213490b          	.4byte	0x213490b
 172:	0018                	.2byte	0x18
 174:	0600                	addi	s0,sp,768
 176:	0111010b          	.4byte	0x111010b
 17a:	0712                	slli	a4,a4,0x4
 17c:	1301                	addi	t1,t1,-32
 17e:	0000                	unimp
 180:	03001607          	.4byte	0x3001607
 184:	3a0e                	.2byte	0x3a0e
 186:	390b3b0b          	.4byte	0x390b3b0b
 18a:	0013490b          	.4byte	0x13490b
 18e:	0800                	addi	s0,sp,16
 190:	210b000f          	.4byte	0x210b000f
 194:	4908                	lw	a0,16(a0)
 196:	09000013          	li	zero,144
 19a:	0021                	c.nop	8
 19c:	1349                	addi	t1,t1,-14
 19e:	00000b2f          	.4byte	0xb2f
 1a2:	340a                	.2byte	0x340a
 1a4:	0300                	addi	s0,sp,384
 1a6:	3a0e                	.2byte	0x3a0e
 1a8:	0121                	addi	sp,sp,8
 1aa:	0b390b3b          	.4byte	0xb390b3b
 1ae:	1349                	addi	t1,t1,-14
 1b0:	1802193f 180b0000 	.8byte	0x180b00001802193f
 1b8:	0000                	unimp
 1ba:	0c00                	addi	s0,sp,528
 1bc:	0101                	addi	sp,sp,0
 1be:	1349                	addi	t1,t1,-14
 1c0:	1301                	addi	t1,t1,-32
 1c2:	0000                	unimp
 1c4:	340d                	addiw	s0,s0,-29
 1c6:	0300                	addi	s0,sp,384
 1c8:	3a08                	.2byte	0x3a08
 1ca:	0221                	addi	tp,tp,8 # 8 <_prog_start-0x7ffffff8>
 1cc:	21390b3b          	.4byte	0x21390b3b
 1d0:	3f134907          	.4byte	0x3f134907
 1d4:	0219                	addi	tp,tp,6 # 6 <_prog_start-0x7ffffffa>
 1d6:	0018                	.2byte	0x18
 1d8:	0e00                	addi	s0,sp,784
 1da:	012e                	slli	sp,sp,0xb
 1dc:	0e03193f 3b01213a 	.8byte	0x3b01213a0e03193f
 1e4:	0d21390b          	.4byte	0xd21390b
 1e8:	193c                	addi	a5,sp,184
 1ea:	1301                	addi	t1,t1,-32
 1ec:	0000                	unimp
 1ee:	0300340f          	.4byte	0x300340f
 1f2:	3a0e                	.2byte	0x3a0e
 1f4:	0221                	addi	tp,tp,8 # 8 <_prog_start-0x7ffffff8>
 1f6:	00dd213b          	.4byte	0xdd213b
 1fa:	0b39                	addi	s6,s6,14 # fffffffffffe100e <out+0xffffffff7ffddfbe>
 1fc:	1349                	addi	t1,t1,-14
 1fe:	0000                	unimp
 200:	0510                	addi	a2,sp,640
 202:	4900                	lw	s0,16(a0)
 204:	11000013          	li	zero,272
 208:	0035                	c.nop	13
 20a:	1349                	addi	t1,t1,-14
 20c:	0000                	unimp
 20e:	2e12                	.2byte	0x2e12
 210:	3f01                	addiw	t5,t5,-32
 212:	0319                	addi	t1,t1,6
 214:	3a0e                	.2byte	0x3a0e
 216:	390b3b0b          	.4byte	0x390b3b0b
 21a:	0621                	addi	a2,a2,8
 21c:	01111927          	.4byte	0x1111927
 220:	0712                	slli	a4,a4,0x4
 222:	1840                	addi	s0,sp,52
 224:	197c                	addi	a5,sp,188
 226:	1301                	addi	t1,t1,-32
 228:	0000                	unimp
 22a:	3f012e13          	slti	t3,sp,1008
 22e:	0319                	addi	t1,t1,6
 230:	3a0e                	.2byte	0x3a0e
 232:	0121                	addi	sp,sp,8
 234:	21390b3b          	.4byte	0x21390b3b
 238:	1106                	slli	sp,sp,0x21
 23a:	1201                	addi	tp,tp,-32 # ffffffffffffffe0 <out+0xffffffff7fffcf90>
 23c:	7c184007          	.4byte	0x7c184007
 240:	0119                	addi	sp,sp,6
 242:	14000013          	li	zero,320
 246:	0111                	addi	sp,sp,4
 248:	0e25                	addi	t3,t3,9
 24a:	1f030b13          	addi	s6,t1,496
 24e:	01111f1b          	slliw	t5,sp,0x11
 252:	0712                	slli	a4,a4,0x4
 254:	1710                	addi	a2,sp,928
 256:	0000                	unimp
 258:	2415                	addiw	s0,s0,5
 25a:	0b00                	addi	s0,sp,400
 25c:	030b3e0b          	.4byte	0x30b3e0b
 260:	0008                	.2byte	0x8
 262:	1600                	addi	s0,sp,800
 264:	0b0b000f          	.4byte	0xb0b000f
 268:	0000                	unimp
 26a:	49002617          	auipc	a2,0x49002
 26e:	18000013          	li	zero,384
 272:	002e                	c.slli	zero,0xb
 274:	0e03193f 0b3b0b3a 	.8byte	0xb3b0b3a0e03193f
 27c:	0b39                	addi	s6,s6,14
 27e:	13491927          	.4byte	0x13491927
 282:	193c                	addi	a5,sp,184
 284:	0000                	unimp
 286:	2e19                	addiw	t3,t3,6
 288:	3f01                	addiw	t5,t5,-32
 28a:	0319                	addi	t1,t1,6
 28c:	3a0e                	.2byte	0x3a0e
 28e:	390b3b0b          	.4byte	0x390b3b0b
 292:	3c13490b          	.4byte	0x3c13490b
 296:	0119                	addi	sp,sp,6
 298:	1a000013          	li	zero,416
 29c:	012e                	slli	sp,sp,0xb
 29e:	0e03193f 0b3b0b3a 	.8byte	0xb3b0b3a0e03193f
 2a6:	0b39                	addi	s6,s6,14
 2a8:	13491927          	.4byte	0x13491927
 2ac:	0111                	addi	sp,sp,4
 2ae:	0712                	slli	a4,a4,0x4
 2b0:	1840                	addi	s0,sp,52
 2b2:	197c                	addi	a5,sp,188
 2b4:	1301                	addi	t1,t1,-32
 2b6:	0000                	unimp
 2b8:	3f012e1b          	.4byte	0x3f012e1b
 2bc:	0319                	addi	t1,t1,6
 2be:	3a0e                	.2byte	0x3a0e
 2c0:	390b3b0b          	.4byte	0x390b3b0b
 2c4:	1119270b          	.4byte	0x1119270b
 2c8:	1201                	addi	tp,tp,-32 # ffffffffffffffe0 <out+0xffffffff7fffcf90>
 2ca:	7a184007          	.4byte	0x7a184007
 2ce:	0119                	addi	sp,sp,6
 2d0:	1c000013          	li	zero,448
 2d4:	0005                	c.nop	1
 2d6:	0b3a0803          	lb	a6,179(s4)
 2da:	0b390b3b          	.4byte	0xb390b3b
 2de:	1349                	addi	t1,t1,-14
 2e0:	1802                	slli	a6,a6,0x20
 2e2:	0000                	unimp
 2e4:	151d                	addi	a0,a0,-25
 2e6:	2701                	sext.w	a4,a4
 2e8:	0119                	addi	sp,sp,6
 2ea:	1e000013          	li	zero,480
 2ee:	012e                	slli	sp,sp,0xb
 2f0:	0e03193f 0b3b0b3a 	.8byte	0xb3b0b3a0e03193f
 2f8:	0b39                	addi	s6,s6,14
 2fa:	01111927          	.4byte	0x1111927
 2fe:	0712                	slli	a4,a4,0x4
 300:	1840                	addi	s0,sp,52
 302:	197c                	addi	a5,sp,188
 304:	0000                	unimp
	...

Disassembly of section .debug_aranges:

0000000000000000 <.debug_aranges>:
   0:	002c                	addi	a1,sp,8
   2:	0000                	unimp
   4:	0002                	c.slli64	zero
   6:	0000                	unimp
   8:	0000                	unimp
   a:	0008                	.2byte	0x8
   c:	0000                	unimp
   e:	0000                	unimp
  10:	0000                	unimp
  12:	8000                	.2byte	0x8000
  14:	0000                	unimp
  16:	0000                	unimp
  18:	01f8                	addi	a4,sp,204
	...
  2e:	0000                	unimp
  30:	002c                	addi	a1,sp,8
  32:	0000                	unimp
  34:	0002                	c.slli64	zero
  36:	0029                	c.nop	10
  38:	0000                	unimp
  3a:	0008                	.2byte	0x8
  3c:	0000                	unimp
  3e:	0000                	unimp
  40:	01f8                	addi	a4,sp,204
  42:	8000                	.2byte	0x8000
  44:	0000                	unimp
  46:	0000                	unimp
  48:	0118                	addi	a4,sp,128
	...
  5e:	0000                	unimp
  60:	002c                	addi	a1,sp,8
  62:	0000                	unimp
  64:	0002                	c.slli64	zero
  66:	0052                	c.slli	zero,0x14
  68:	0000                	unimp
  6a:	0008                	.2byte	0x8
  6c:	0000                	unimp
  6e:	0000                	unimp
  70:	0310                	addi	a2,sp,384
  72:	8000                	.2byte	0x8000
  74:	0000                	unimp
  76:	0000                	unimp
  78:	035c                	addi	a5,sp,388
	...
  8e:	0000                	unimp
  90:	002c                	addi	a1,sp,8
  92:	0000                	unimp
  94:	0002                	c.slli64	zero
  96:	035d                	addi	t1,t1,23
  98:	0000                	unimp
  9a:	0008                	.2byte	0x8
  9c:	0000                	unimp
  9e:	0000                	unimp
  a0:	066c                	addi	a1,sp,780
  a2:	8000                	.2byte	0x8000
  a4:	0000                	unimp
  a6:	0000                	unimp
  a8:	0ee4                	addi	s1,sp,860
	...

Disassembly of section .debug_str:

0000000000000000 <.debug_str>:
   0:	6d6f682f          	.4byte	0x6d6f682f
   4:	2f65                	addiw	t5,t5,25
   6:	6962                	ld	s2,24(sp)
   8:	686e                	ld	a6,216(sp)
   a:	7565696b          	.4byte	0x7565696b
   e:	6f64                	ld	s1,216(a4)
  10:	726f572f          	.4byte	0x726f572f
  14:	6170736b          	.4byte	0x6170736b
  18:	502f6563          	bltu	t5,sp,522 <_prog_start-0x7ffffade>
  1c:	4468                	lw	a0,76(s0)
  1e:	6854                	ld	a3,144(s0)
  20:	7365                	lui	t1,0xffff9
  22:	7369                	lui	t1,0xffffa
  24:	77654e2f          	.4byte	0x77654e2f
  28:	7246                	ld	tp,112(sp)
  2a:	6d61                	lui	s10,0x18
  2c:	7765                	lui	a4,0xffff9
  2e:	2f6b726f          	jal	tp,b7324 <_prog_start-0x7ff48cdc>
  32:	7266                	ld	tp,120(sp)
  34:	6d61                	lui	s10,0x18
  36:	7765                	lui	a4,0xffff9
  38:	2f6b726f          	jal	tp,b732e <_prog_start-0x7ff48cd2>
  3c:	6564                	ld	s1,200(a0)
  3e:	6f6d                	lui	t5,0x1b
  40:	74614d2f          	.4byte	0x74614d2f
  44:	754d                	lui	a0,0xffff3
  46:	2f6c                	.2byte	0x2f6c
  48:	2f637273          	csrrci	tp,0x2f6,6
  4c:	30747263          	bgeu	s0,t2,350 <_prog_start-0x7ffffcb0>
  50:	532e                	lw	t1,232(sp)
  52:	2f00                	.2byte	0x2f00
  54:	6f68                	ld	a0,216(a4)
  56:	656d                	lui	a0,0x1b
  58:	6e69622f          	.4byte	0x6e69622f
  5c:	6b68                	ld	a0,208(a4)
  5e:	6569                	lui	a0,0x1a
  60:	6475                	lui	s0,0x1d
  62:	6f572f6f          	jal	t5,72f56 <_prog_start-0x7ff8d0aa>
  66:	6b72                	ld	s6,280(sp)
  68:	63617073          	csrci	0x636,2
  6c:	2f65                	addiw	t5,t5,25 # 1b019 <_prog_start-0x7ffe4fe7>
  6e:	6850                	ld	a2,144(s0)
  70:	5444                	lw	s1,44(s0)
  72:	6568                	ld	a0,200(a0)
  74:	2f736973          	csrrsi	s2,0x2f7,6
  78:	654e                	ld	a0,208(sp)
  7a:	61724677          	.4byte	0x61724677
  7e:	656d                	lui	a0,0x1b
  80:	6b726f77          	.4byte	0x6b726f77
  84:	6172662f          	.4byte	0x6172662f
  88:	656d                	lui	a0,0x1b
  8a:	6b726f77          	.4byte	0x6b726f77
  8e:	6d65642f          	.4byte	0x6d65642f
  92:	614d2f6f          	jal	t5,d26a6 <_prog_start-0x7ff2d95a>
  96:	4d74                	lw	a3,92(a0)
  98:	6c75                	lui	s8,0x1d
  9a:	4700                	lw	s0,8(a4)
  9c:	554e                	lw	a0,240(sp)
  9e:	4120                	lw	s0,64(a0)
  a0:	2e322053          	.4byte	0x2e322053
  a4:	2f003933          	.4byte	0x2f003933
  a8:	6f68                	ld	a0,216(a4)
  aa:	656d                	lui	a0,0x1b
  ac:	6e69622f          	.4byte	0x6e69622f
  b0:	6b68                	ld	a0,208(a4)
  b2:	6569                	lui	a0,0x1a
  b4:	6475                	lui	s0,0x1d
  b6:	6f572f6f          	jal	t5,72faa <_prog_start-0x7ff8d056>
  ba:	6b72                	ld	s6,280(sp)
  bc:	63617073          	csrci	0x636,2
  c0:	2f65                	addiw	t5,t5,25
  c2:	6850                	ld	a2,144(s0)
  c4:	5444                	lw	s1,44(s0)
  c6:	6568                	ld	a0,200(a0)
  c8:	2f736973          	csrrsi	s2,0x2f7,6
  cc:	654e                	ld	a0,208(sp)
  ce:	61724677          	.4byte	0x61724677
  d2:	656d                	lui	a0,0x1b
  d4:	6b726f77          	.4byte	0x6b726f77
  d8:	6172662f          	.4byte	0x6172662f
  dc:	656d                	lui	a0,0x1b
  de:	6b726f77          	.4byte	0x6b726f77
  e2:	6d65642f          	.4byte	0x6d65642f
  e6:	614d2f6f          	jal	t5,d26fa <_prog_start-0x7ff2d906>
  ea:	4d74                	lw	a3,92(a0)
  ec:	6c75                	lui	s8,0x1d
  ee:	6372732f          	.4byte	0x6372732f
  f2:	7268742f          	.4byte	0x7268742f
  f6:	6165                	addi	sp,sp,112
  f8:	2e64                	.2byte	0x2e64
  fa:	73690053          	.4byte	0x73690053
  fe:	635f 6168 0072      	.byte	0x5f, 0x63, 0x68, 0x61, 0x72, 0x00
 104:	5f5f 7562 6c69      	.byte	0x5f, 0x5f, 0x62, 0x75, 0x69, 0x6c
 10a:	6974                	ld	a3,208(a0)
 10c:	5f6e                	lw	t5,248(sp)
 10e:	6176                	ld	sp,344(sp)
 110:	6c5f 7369 0074      	.byte	0x5f, 0x6c, 0x69, 0x73, 0x74, 0x00
 116:	5f5f 6e69 3374      	.byte	0x5f, 0x5f, 0x69, 0x6e, 0x74, 0x33
 11c:	5f32                	lw	t5,44(sp)
 11e:	0074                	addi	a3,sp,12
 120:	7369                	lui	t1,0xffffa
 122:	6c5f 6e6f 0067      	.byte	0x5f, 0x6c, 0x6f, 0x6e, 0x67, 0x00
 128:	6972706b          	.4byte	0x6972706b
 12c:	746e                	ld	s0,248(sp)
 12e:	0066                	c.slli	zero,0x19
 130:	5f5f 6e67 6375      	.byte	0x5f, 0x5f, 0x67, 0x6e, 0x75, 0x63
 136:	765f 5f61 696c      	.byte	0x5f, 0x76, 0x61, 0x5f, 0x6c, 0x69
 13c:	75007473          	csrrci	s0,0x750,0
 140:	736e                	ld	t1,248(sp)
 142:	6769                	lui	a4,0x1a
 144:	656e                	ld	a0,216(sp)
 146:	2064                	.2byte	0x2064
 148:	72616863          	bltu	sp,t1,878 <_prog_start-0x7ffff788>
 14c:	7300                	ld	s0,32(a4)
 14e:	6f68                	ld	a0,216(a4)
 150:	7472                	ld	s0,312(sp)
 152:	7520                	ld	s0,104(a0)
 154:	736e                	ld	t1,248(sp)
 156:	6769                	lui	a4,0x1a
 158:	656e                	ld	a0,216(sp)
 15a:	2064                	.2byte	0x2064
 15c:	6e69                	lui	t3,0x1a
 15e:	0074                	addi	a3,sp,12
 160:	5f5f 6975 746e      	.byte	0x5f, 0x5f, 0x75, 0x69, 0x6e, 0x74
 166:	745f3233          	.4byte	0x745f3233
 16a:	6900                	ld	s0,16(a0)
 16c:	6f665f73          	csrrwi	t5,0x6f6,12
 170:	6d72                	ld	s10,280(sp)
 172:	7461                	lui	s0,0xffff8
 174:	7300                	ld	s0,32(a4)
 176:	6f68                	ld	a0,216(a4)
 178:	7472                	ld	s0,312(sp)
 17a:	6920                	ld	s0,80(a0)
 17c:	746e                	ld	s0,248(sp)
 17e:	5f00                	lw	s0,56(a4)
 180:	7475706b          	.4byte	0x7475706b
 184:	61750073          	.4byte	0x61750073
 188:	7472                	ld	s0,312(sp)
 18a:	6b00                	ld	s0,16(a4)
 18c:	7570                	ld	a2,232(a0)
 18e:	6374                	ld	a3,192(a4)
 190:	5f00                	lw	s0,56(a4)
 192:	6f42                	ld	t5,16(sp)
 194:	47006c6f          	jal	s8,6604 <_prog_start-0x7fff99fc>
 198:	554e                	lw	a0,240(sp)
 19a:	4320                	lw	s0,64(a4)
 19c:	3131                	addiw	sp,sp,-20
 19e:	3120                	.2byte	0x3120
 1a0:	2e32                	.2byte	0x2e32
 1a2:	2e32                	.2byte	0x2e32
 1a4:	2030                	.2byte	0x2030
 1a6:	6d2d                	lui	s10,0xb
 1a8:	646f6d63          	bltu	t5,t1,802 <_prog_start-0x7ffff7fe>
 1ac:	6c65                	lui	s8,0x19
 1ae:	6d3d                	lui	s10,0xf
 1b0:	6465                	lui	s0,0x19
 1b2:	6e61                	lui	t3,0x18
 1b4:	2079                	.2byte	0x2079
 1b6:	6d2d                	lui	s10,0xb
 1b8:	6261                	lui	tp,0x18
 1ba:	3d69                	addiw	s10,s10,-6 # affa <_prog_start-0x7fff5006>
 1bc:	706c                	ld	a1,224(s0)
 1be:	3436                	.2byte	0x3436
 1c0:	2d20                	.2byte	0x2d20
 1c2:	746d                	lui	s0,0xffffb
 1c4:	6e75                	lui	t3,0x1d
 1c6:	3d65                	addiw	s10,s10,-7
 1c8:	6f72                	ld	t5,280(sp)
 1ca:	74656b63          	bltu	a0,t1,920 <_prog_start-0x7ffff6e0>
 1ce:	2d20                	.2byte	0x2d20
 1d0:	696d                	lui	s2,0x1b
 1d2:	732d6173          	csrrsi	sp,mhpmevent18h,26
 1d6:	6570                	ld	a2,200(a0)
 1d8:	2e323d63          	.4byte	0x2e323d63
 1dc:	2032                	.2byte	0x2032
 1de:	6d2d                	lui	s10,0xb
 1e0:	7261                	lui	tp,0xffff8
 1e2:	723d6863          	bltu	s10,gp,912 <_prog_start-0x7ffff6ee>
 1e6:	3676                	.2byte	0x3676
 1e8:	6934                	ld	a3,80(a0)
 1ea:	616d                	addi	sp,sp,240
 1ec:	672d2063          	.4byte	0x672d2063
 1f0:	2d20                	.2byte	0x2d20
 1f2:	2d20304f          	.4byte	0x2d20304f
 1f6:	3d647473          	csrrci	s0,0x3d6,8
 1fa:	31756e67          	.4byte	0x31756e67
 1fe:	2031                	.2byte	0x2031
 200:	662d                	lui	a2,0xb
 202:	6f6e                	ld	t5,216(sp)
 204:	632d                	lui	t1,0xb
 206:	6f6d6d6f          	jal	s10,d68fc <_prog_start-0x7ff29704>
 20a:	006e                	c.slli	zero,0x1b
 20c:	6f64                	ld	s1,216(a4)
 20e:	7475                	lui	s0,0xffffd
 210:	6d00                	ld	s0,24(a0)
 212:	7461                	lui	s0,0xffff8
 214:	745f 6600 6e75      	.byte	0x5f, 0x74, 0x00, 0x66, 0x75, 0x6e
 21a:	64007463          	bgeu	zero,zero,862 <_prog_start-0x7ffff79e>
 21e:	6e69                	lui	t3,0x1a
 220:	0030                	addi	a2,sp,8
 222:	6964                	ld	s1,208(a0)
 224:	316e                	.2byte	0x316e
 226:	7400                	ld	s0,40(s0)
 228:	7268                	ld	a0,224(a2)
 22a:	6165                	addi	sp,sp,112
 22c:	5f64                	lw	s1,124(a4)
 22e:	6972                	ld	s2,280(sp)
 230:	7864                	ld	s1,240(s0)
 232:	6400                	ld	s0,8(s0)
 234:	6e69                	lui	t3,0x1a
 236:	0041                	c.nop	16
 238:	6964                	ld	s1,208(a0)
 23a:	426e                	lw	tp,216(sp)
 23c:	6c00                	ld	s0,24(s0)
 23e:	20676e6f          	jal	t3,76444 <_prog_start-0x7ff89bbc>
 242:	6f6c                	ld	a1,216(a4)
 244:	676e                	ld	a4,216(sp)
 246:	7520                	ld	s0,104(a0)
 248:	736e                	ld	t1,248(sp)
 24a:	6769                	lui	a4,0x1a
 24c:	656e                	ld	a0,216(sp)
 24e:	2064                	.2byte	0x2064
 250:	6e69                	lui	t3,0x1a
 252:	0074                	addi	a3,sp,12
 254:	61727473          	csrrci	s0,0x617,4
 258:	6e657373          	csrrci	t1,0x6e6,10
 25c:	6d5f 6c75 6c00      	.byte	0x5f, 0x6d, 0x75, 0x6c, 0x00, 0x6c
 262:	20676e6f          	jal	t3,76468 <_prog_start-0x7ff89b98>
 266:	6f6c                	ld	a1,216(a4)
 268:	676e                	ld	a4,216(sp)
 26a:	6920                	ld	s0,80(a0)
 26c:	746e                	ld	s0,248(sp)
 26e:	6d00                	ld	s0,24(a0)
 270:	7875                	lui	a6,0xffffd
 272:	755f 6c6e 636f      	.byte	0x5f, 0x75, 0x6e, 0x6c, 0x6f, 0x63
 278:	756d006b          	.4byte	0x756d006b
 27c:	5f78                	lw	a4,124(a4)
 27e:	6f6c                	ld	a1,216(a4)
 280:	72006b63          	bltu	zero,zero,9b6 <_prog_start-0x7ffff64a>
 284:	6165                	addi	sp,sp,112
 286:	5f64                	lw	s1,124(a4)
 288:	6c66                	ld	s8,88(sp)
 28a:	6761                	lui	a4,0x18
 28c:	0030                	addi	a2,sp,8
 28e:	616d                	addi	sp,sp,240
 290:	4f74                	lw	a3,92(a4)
 292:	7475                	lui	s0,0xffffd
 294:	6700                	ld	s0,8(a4)
 296:	7465                	lui	s0,0xffff9
 298:	685f 7261 6974      	.byte	0x5f, 0x68, 0x61, 0x72, 0x74, 0x69
 29e:	0064                	addi	s1,sp,12
 2a0:	65726f63          	bltu	tp,s7,8fe <_prog_start-0x7ffff702>
 2a4:	0030                	addi	a2,sp,8
 2a6:	65726f63          	bltu	tp,s7,904 <_prog_start-0x7ffff6fc>
 2aa:	0031                	c.nop	12
 2ac:	65726f63          	bltu	tp,s7,90a <_prog_start-0x7ffff6f6>
 2b0:	5f5f0033          	.4byte	0x5f5f0033
 2b4:	6d74                	ld	a3,216(a0)
 2b6:	0070                	addi	a2,sp,12
 2b8:	7374                	ld	a3,224(a4)
 2ba:	675f 7061 6d00      	.byte	0x5f, 0x67, 0x61, 0x70, 0x00, 0x6d
 2c0:	7461                	lui	s0,0xffff8
 2c2:	0041                	c.nop	16
 2c4:	616d                	addi	sp,sp,240
 2c6:	4274                	lw	a3,68(a2)
 2c8:	6d00                	ld	s0,24(a0)
 2ca:	7461                	lui	s0,0xffff8
 2cc:	68740043          	.4byte	0x68740043
 2d0:	6572                	ld	a0,280(sp)
 2d2:	6461                	lui	s0,0x18
 2d4:	635f 746e 7400      	.byte	0x5f, 0x63, 0x6e, 0x74, 0x00, 0x74
 2da:	735f 6174 7472      	.byte	0x5f, 0x73, 0x74, 0x61, 0x72, 0x74
 2e0:	6c00                	ld	s0,24(s0)
 2e2:	20676e6f          	jal	t3,764e8 <_prog_start-0x7ff89b18>
 2e6:	6f64                	ld	s1,216(a4)
 2e8:	6275                	lui	tp,0x1d
 2ea:	656c                	ld	a1,200(a0)
 2ec:	7400                	ld	s0,40(s0)
 2ee:	7268                	ld	a0,224(a2)
 2f0:	6165                	addi	sp,sp,112
 2f2:	5f64                	lw	s1,124(a4)
 2f4:	78646977          	.4byte	0x78646977
 2f8:	7400                	ld	s0,40(s0)
 2fa:	5f6d                	li	t5,-5
 2fc:	00706167          	.4byte	0x706167
 300:	616d                	addi	sp,sp,240
 302:	4d74                	lw	a3,92(a0)
 304:	6c75                	lui	s8,0x1d
 306:	7400                	ld	s0,40(s0)
 308:	7268                	ld	a0,224(a2)
 30a:	6165                	addi	sp,sp,112
 30c:	5f64                	lw	s1,124(a4)
 30e:	7572                	ld	a0,312(sp)
 310:	006e                	c.slli	zero,0x1b
 312:	5f5f 6975 746e      	.byte	0x5f, 0x5f, 0x75, 0x69, 0x6e, 0x74
 318:	3436                	.2byte	0x3436
 31a:	745f 6300 726f      	.byte	0x5f, 0x74, 0x00, 0x63, 0x6f, 0x72
 320:	3265                	addiw	tp,tp,-7 # 1cff9 <_prog_start-0x7ffe3007>
 322:	7400                	ld	s0,40(s0)
 324:	655f 646e 5f00      	.byte	0x5f, 0x65, 0x6e, 0x64, 0x00, 0x5f
 32a:	6874                	ld	a3,208(s0)
 32c:	6572                	ld	a0,280(sp)
 32e:	6461                	lui	s0,0x18
 330:	5f30                	lw	a2,120(a4)
 332:	6e65                	lui	t3,0x19
 334:	7274                	ld	a3,224(a2)
 336:	0079                	c.nop	30
 338:	736d                	lui	t1,0xffffb
 33a:	7069                	c.lui	zero,0xffffa
 33c:	7400                	ld	s0,40(s0)
 33e:	7268                	ld	a0,224(a2)
 340:	6165                	addi	sp,sp,112
 342:	5f64                	lw	s1,124(a4)
 344:	61657263          	bgeu	a0,s6,948 <_prog_start-0x7ffff6b8>
 348:	6574                	ld	a3,200(a0)
 34a:	5f00                	lw	s0,56(a4)
 34c:	755f 6e69 3174      	.byte	0x5f, 0x75, 0x69, 0x6e, 0x74, 0x31
 352:	5f36                	lw	t5,108(sp)
 354:	0074                	addi	a3,sp,12
 356:	6874                	ld	a3,208(s0)
 358:	6572                	ld	a0,280(sp)
 35a:	6461                	lui	s0,0x18
 35c:	695f 696e 0074      	.byte	0x5f, 0x69, 0x6e, 0x69, 0x74, 0x00
 362:	6874                	ld	a3,208(s0)
 364:	6572                	ld	a0,280(sp)
 366:	6461                	lui	s0,0x18
 368:	6a5f 696f 006e      	.byte	0x5f, 0x6a, 0x6f, 0x69, 0x6e, 0x00
 36e:	6874                	ld	a3,208(s0)
 370:	6572                	ld	a0,280(sp)
 372:	6461                	lui	s0,0x18
 374:	715f 6575 6575      	.byte	0x5f, 0x71, 0x75, 0x65, 0x75, 0x65
 37a:	6100                	ld	s0,0(a0)
 37c:	6772                	ld	a4,280(sp)
 37e:	0076                	c.slli	zero,0x1d
 380:	7564                	ld	s1,232(a0)
 382:	706d                	c.lui	zero,0xffffb
 384:	7400                	ld	s0,40(s0)
 386:	7268                	ld	a0,224(a2)
 388:	6165                	addi	sp,sp,112
 38a:	5f64                	lw	s1,124(a4)
 38c:	6e756f63          	bltu	a0,t2,a8a <_prog_start-0x7ffff576>
 390:	0074                	addi	a3,sp,12
 392:	616d                	addi	sp,sp,240
 394:	6e69                	lui	t3,0x1a
 396:	6300                	ld	s0,0(a4)
 398:	5f65726f          	jal	tp,5798e <_prog_start-0x7ffa8672>
 39c:	74617473          	csrrci	s0,0x746,2
 3a0:	7375                	lui	t1,0xffffd
	...

Disassembly of section .debug_frame:

0000000000000000 <.debug_frame>:
   0:	000c                	.2byte	0xc
   2:	0000                	unimp
   4:	ffff                	.2byte	0xffff
   6:	ffff                	.2byte	0xffff
   8:	7c010003          	lb	zero,1984(sp)
   c:	0d01                	addi	s10,s10,0 # b000 <_prog_start-0x7fff5000>
   e:	0002                	c.slli64	zero
  10:	002c                	addi	a1,sp,8
  12:	0000                	unimp
  14:	0000                	unimp
  16:	0000                	unimp
  18:	0310                	addi	a2,sp,384
  1a:	8000                	.2byte	0x8000
  1c:	0000                	unimp
  1e:	0000                	unimp
  20:	003e                	c.slli	zero,0xf
  22:	0000                	unimp
  24:	0000                	unimp
  26:	0000                	unimp
  28:	0e42                	slli	t3,t3,0x10
  2a:	4230                	lw	a2,64(a2)
  2c:	0288                	addi	a0,sp,320
  2e:	0c42                	slli	s8,s8,0x10
  30:	0008                	.2byte	0x8
  32:	c874                	sw	a3,84(s0)
  34:	020c                	addi	a1,sp,256
  36:	4230                	lw	a2,64(a2)
  38:	000e                	c.slli	zero,0x3
  3a:	0000                	unimp
  3c:	0000                	unimp
  3e:	0000                	unimp
  40:	002c                	addi	a1,sp,8
  42:	0000                	unimp
  44:	0000                	unimp
  46:	0000                	unimp
  48:	034e                	slli	t1,t1,0x13
  4a:	8000                	.2byte	0x8000
  4c:	0000                	unimp
  4e:	0000                	unimp
  50:	0044                	addi	s1,sp,4
  52:	0000                	unimp
  54:	0000                	unimp
  56:	0000                	unimp
  58:	0e42                	slli	t3,t3,0x10
  5a:	4430                	lw	a2,72(s0)
  5c:	0281                	addi	t0,t0,0
  5e:	0488                	addi	a0,sp,576
  60:	0c42                	slli	s8,s8,0x10
  62:	0008                	.2byte	0x8
  64:	c176                	sw	t4,128(sp)
  66:	c842                	sw	a6,16(sp)
  68:	020c                	addi	a1,sp,256
  6a:	4230                	lw	a2,64(a2)
  6c:	000e                	c.slli	zero,0x3
  6e:	0000                	unimp
  70:	002c                	addi	a1,sp,8
  72:	0000                	unimp
  74:	0000                	unimp
  76:	0000                	unimp
  78:	0392                	slli	t2,t2,0x4
  7a:	8000                	.2byte	0x8000
  7c:	0000                	unimp
  7e:	0000                	unimp
  80:	002a                	c.slli	zero,0xa
  82:	0000                	unimp
  84:	0000                	unimp
  86:	0000                	unimp
  88:	0e42                	slli	t3,t3,0x10
  8a:	4420                	lw	s0,72(s0)
  8c:	0281                	addi	t0,t0,0
  8e:	0488                	addi	a0,sp,576
  90:	0c42                	slli	s8,s8,0x10
  92:	0008                	.2byte	0x8
  94:	c15c                	sw	a5,4(a0)
  96:	c842                	sw	a6,16(sp)
  98:	020c                	addi	a1,sp,256
  9a:	4220                	lw	s0,64(a2)
  9c:	000e                	c.slli	zero,0x3
  9e:	0000                	unimp
  a0:	0034                	addi	a3,sp,8
  a2:	0000                	unimp
  a4:	0000                	unimp
  a6:	0000                	unimp
  a8:	03bc                	addi	a5,sp,456
  aa:	8000                	.2byte	0x8000
  ac:	0000                	unimp
  ae:	0000                	unimp
  b0:	02b0                	addi	a2,sp,328
  b2:	0000                	unimp
  b4:	0000                	unimp
  b6:	0000                	unimp
  b8:	0e42                	slli	t3,t3,0x10
  ba:	01f0                	addi	a2,sp,204
  bc:	8144                	.2byte	0x8144
  be:	8812                	mv	a6,tp
  c0:	4214                	lw	a3,0(a2)
  c2:	080c                	addi	a1,sp,16
  c4:	0340                	addi	s0,sp,388
  c6:	02a2                	slli	t0,t0,0x8
  c8:	42c1                	li	t0,16
  ca:	0cc8                	addi	a0,sp,596
  cc:	f002                	sd	zero,32(sp)
  ce:	4201                	li	tp,0
  d0:	000e                	c.slli	zero,0x3
  d2:	0000                	unimp
  d4:	0000                	unimp
  d6:	0000                	unimp
  d8:	000c                	.2byte	0xc
  da:	0000                	unimp
  dc:	ffff                	.2byte	0xffff
  de:	ffff                	.2byte	0xffff
  e0:	7c010003          	lb	zero,1984(sp)
  e4:	0d01                	addi	s10,s10,0
  e6:	0002                	c.slli64	zero
  e8:	002c                	addi	a1,sp,8
  ea:	0000                	unimp
  ec:	00d8                	addi	a4,sp,68
  ee:	0000                	unimp
  f0:	066c                	addi	a1,sp,780
  f2:	8000                	.2byte	0x8000
  f4:	0000                	unimp
  f6:	0000                	unimp
  f8:	0046                	c.slli	zero,0x11
  fa:	0000                	unimp
  fc:	0000                	unimp
  fe:	0000                	unimp
 100:	0e42                	slli	t3,t3,0x10
 102:	4420                	lw	s0,72(s0)
 104:	0281                	addi	t0,t0,0
 106:	0488                	addi	a0,sp,576
 108:	0c42                	slli	s8,s8,0x10
 10a:	0008                	.2byte	0x8
 10c:	3802                	.2byte	0x3802
 10e:	42c1                	li	t0,16
 110:	0cc8                	addi	a0,sp,596
 112:	2002                	.2byte	0x2002
 114:	0e42                	slli	t3,t3,0x10
 116:	0000                	unimp
 118:	002c                	addi	a1,sp,8
 11a:	0000                	unimp
 11c:	00d8                	addi	a4,sp,68
 11e:	0000                	unimp
 120:	06b2                	slli	a3,a3,0xc
 122:	8000                	.2byte	0x8000
 124:	0000                	unimp
 126:	0000                	unimp
 128:	010a                	slli	sp,sp,0x2
 12a:	0000                	unimp
 12c:	0000                	unimp
 12e:	0000                	unimp
 130:	0e42                	slli	t3,t3,0x10
 132:	4430                	lw	a2,72(s0)
 134:	0281                	addi	t0,t0,0
 136:	0488                	addi	a0,sp,576
 138:	0c42                	slli	s8,s8,0x10
 13a:	0008                	.2byte	0x8
 13c:	c100fc03          	.4byte	0xc100fc03
 140:	c842                	sw	a6,16(sp)
 142:	020c                	addi	a1,sp,256
 144:	4230                	lw	a2,64(a2)
 146:	000e                	c.slli	zero,0x3
 148:	002c                	addi	a1,sp,8
 14a:	0000                	unimp
 14c:	00d8                	addi	a4,sp,68
 14e:	0000                	unimp
 150:	07bc                	addi	a5,sp,968
 152:	8000                	.2byte	0x8000
 154:	0000                	unimp
 156:	0000                	unimp
 158:	0174                	addi	a3,sp,140
 15a:	0000                	unimp
 15c:	0000                	unimp
 15e:	0000                	unimp
 160:	0e42                	slli	t3,t3,0x10
 162:	4430                	lw	a2,72(s0)
 164:	0281                	addi	t0,t0,0
 166:	0488                	addi	a0,sp,576
 168:	0c42                	slli	s8,s8,0x10
 16a:	0008                	.2byte	0x8
 16c:	c1016603          	lwu	a2,-1008(sp)
 170:	c842                	sw	a6,16(sp)
 172:	020c                	addi	a1,sp,256
 174:	4230                	lw	a2,64(a2)
 176:	000e                	c.slli	zero,0x3
 178:	002c                	addi	a1,sp,8
 17a:	0000                	unimp
 17c:	00d8                	addi	a4,sp,68
 17e:	0000                	unimp
 180:	0930                	addi	a2,sp,152
 182:	8000                	.2byte	0x8000
 184:	0000                	unimp
 186:	0000                	unimp
 188:	003c                	addi	a5,sp,8
 18a:	0000                	unimp
 18c:	0000                	unimp
 18e:	0000                	unimp
 190:	0e42                	slli	t3,t3,0x10
 192:	4420                	lw	s0,72(s0)
 194:	0281                	addi	t0,t0,0
 196:	0488                	addi	a0,sp,576
 198:	0c42                	slli	s8,s8,0x10
 19a:	0008                	.2byte	0x8
 19c:	c16e                	sw	s11,128(sp)
 19e:	c842                	sw	a6,16(sp)
 1a0:	020c                	addi	a1,sp,256
 1a2:	4220                	lw	s0,64(a2)
 1a4:	000e                	c.slli	zero,0x3
 1a6:	0000                	unimp
 1a8:	0034                	addi	a3,sp,8
 1aa:	0000                	unimp
 1ac:	00d8                	addi	a4,sp,68
 1ae:	0000                	unimp
 1b0:	096c                	addi	a1,sp,156
 1b2:	8000                	.2byte	0x8000
 1b4:	0000                	unimp
 1b6:	0000                	unimp
 1b8:	0220                	addi	s0,sp,264
 1ba:	0000                	unimp
 1bc:	0000                	unimp
 1be:	0000                	unimp
 1c0:	0e42                	slli	t3,t3,0x10
 1c2:	01b0                	addi	a2,sp,200
 1c4:	8144                	.2byte	0x8144
 1c6:	8802                	jr	a6
 1c8:	4204                	lw	s1,0(a2)
 1ca:	080c                	addi	a1,sp,16
 1cc:	0300                	addi	s0,sp,384
 1ce:	0212                	slli	tp,tp,0x4
 1d0:	42c1                	li	t0,16
 1d2:	0cc8                	addi	a0,sp,596
 1d4:	b002                	.2byte	0xb002
 1d6:	4201                	li	tp,0
 1d8:	000e                	c.slli	zero,0x3
 1da:	0000                	unimp
 1dc:	0000                	unimp
 1de:	0000                	unimp
 1e0:	002c                	addi	a1,sp,8
 1e2:	0000                	unimp
 1e4:	00d8                	addi	a4,sp,68
 1e6:	0000                	unimp
 1e8:	0b8c                	addi	a1,sp,464
 1ea:	8000                	.2byte	0x8000
 1ec:	0000                	unimp
 1ee:	0000                	unimp
 1f0:	01fe                	slli	gp,gp,0x1f
 1f2:	0000                	unimp
 1f4:	0000                	unimp
 1f6:	0000                	unimp
 1f8:	0e42                	slli	t3,t3,0x10
 1fa:	0180                	addi	s0,sp,192
 1fc:	8842                	mv	a6,a6
 1fe:	4202                	lw	tp,0(sp)
 200:	080c                	addi	a1,sp,16
 202:	0300                	addi	s0,sp,384
 204:	01f4                	addi	a3,sp,204
 206:	0cc8                	addi	a0,sp,596
 208:	8002                	.2byte	0x8002
 20a:	4201                	li	tp,0
 20c:	000e                	c.slli	zero,0x3
 20e:	0000                	unimp
 210:	0024                	addi	s1,sp,8
 212:	0000                	unimp
 214:	00d8                	addi	a4,sp,68
 216:	0000                	unimp
 218:	0d8a                	slli	s11,s11,0x2
 21a:	8000                	.2byte	0x8000
 21c:	0000                	unimp
 21e:	0000                	unimp
 220:	07c6                	slli	a5,a5,0x11
 222:	0000                	unimp
 224:	0000                	unimp
 226:	0000                	unimp
 228:	0e42                	slli	t3,t3,0x10
 22a:	01d0                	addi	a2,sp,196
 22c:	8144                	.2byte	0x8144
 22e:	8802                	jr	a6
 230:	4204                	lw	s1,0(a2)
 232:	080c                	addi	a1,sp,16
 234:	0000                	unimp
	...
