
/home/binhkieudo/Workspace/Demo/tmp/RISC-V-Demo/Demo/software/CRC32/build/main.elf:     file format elf64-littleriscv


Disassembly of section .text:

0000000080000000 <_prog_start>:
  .option norvc
  .globl _thread0_entry
  .globl _prog_start

_prog_start:
  li a0, THREAD_QUEUE_ADDR
    80000000:	40003537          	lui	a0,0x40003
  li t0, 0
    80000004:	00000293          	li	t0,0
  amoswap.w t0, t0, (a0)
    80000008:	085522af          	amoswap.w	t0,t0,(a0)
  csrr s0, mhartid
    8000000c:	f1402473          	csrr	s0,mhartid
  csrw mie, zero
    80000010:	30401073          	csrw	mie,zero
  beq s0, zero, _main
    80000014:	1c040063          	beqz	s0,800001d4 <_main>

0000000080000018 <_thread_end>:
_thread_end:
  csrr s0, mhartid
    80000018:	f1402473          	csrr	s0,mhartid

000000008000001c <__clear_flag1>:
  // Ensure that you the interrupt flag is clear before sleep
# __clear_flag0: // Core 0 does not enter this way
#   li t0, 0
#   bne s0, t0, __clear_flag1
__clear_flag1:
  li t0, 1
    8000001c:	00100293          	li	t0,1
  bne s0, t0, __clear_flag2
    80000020:	00541a63          	bne	s0,t0,80000034 <__clear_flag2>
  li s0, (CLINT_CTRL_ADDR + CLINT_MSIP1)
    80000024:	02000437          	lui	s0,0x2000
    80000028:	0044041b          	addiw	s0,s0,4 # 2000004 <_prog_start-0x7dfffffc>
  amoswap.w t0, zero, (s0)
    8000002c:	080422af          	amoswap.w	t0,zero,(s0)
  j __core_sleep
    80000030:	0280006f          	j	80000058 <__core_sleep>

0000000080000034 <__clear_flag2>:
__clear_flag2:
  li t0, 2
    80000034:	00200293          	li	t0,2
  bne s0, t0, __clear_flag3
    80000038:	00541a63          	bne	s0,t0,8000004c <__clear_flag3>
  li s0, (CLINT_CTRL_ADDR + CLINT_MSIP2)
    8000003c:	02000437          	lui	s0,0x2000
    80000040:	0084041b          	addiw	s0,s0,8 # 2000008 <_prog_start-0x7dfffff8>
  amoswap.w t0, zero, (s0)
    80000044:	080422af          	amoswap.w	t0,zero,(s0)
  j __core_sleep
    80000048:	0100006f          	j	80000058 <__core_sleep>

000000008000004c <__clear_flag3>:
__clear_flag3:
  csrr t0, mhartid
    8000004c:	f14022f3          	csrr	t0,mhartid
  li t1, 3
    80000050:	00300313          	li	t1,3
  beq t0, t1, __clear_flag3
    80000054:	fe628ce3          	beq	t0,t1,8000004c <__clear_flag3>

0000000080000058 <__core_sleep>:
__core_sleep:
  li s2, 0x8 // Enable interrupt
    80000058:	00800913          	li	s2,8
  csrw mie, s2
    8000005c:	30491073          	csrw	mie,s2
  wfi
    80000060:	10500073          	wfi
  csrw mie, zero // Disable interrupt
    80000064:	30401073          	csrw	mie,zero
  call _thread_entry
    80000068:	144000ef          	jal	ra,800001ac <_thread_entry>
  j _thread_end
    8000006c:	fadff06f          	j	80000018 <_thread_end>

0000000080000070 <_thread0_entry>:
_thread0_entry: // Thread 0 must store activation table first
  // a0 store address link
  csrw mie, zero
    80000070:	30401073          	csrw	mie,zero
  addi sp, sp, -248
    80000074:	f0810113          	addi	sp,sp,-248
  sd ra, 0(sp)
    80000078:	00113023          	sd	ra,0(sp)
  sd sp, 8(sp)
    8000007c:	00213423          	sd	sp,8(sp)
  sd gp, 16(sp)
    80000080:	00313823          	sd	gp,16(sp)
  sd tp, 24(sp)
    80000084:	00413c23          	sd	tp,24(sp)
  sd t0, 32(sp)
    80000088:	02513023          	sd	t0,32(sp)
  sd t1, 40(sp)
    8000008c:	02613423          	sd	t1,40(sp)
  sd t2, 48(sp)
    80000090:	02713823          	sd	t2,48(sp)
  sd s0, 56(sp)
    80000094:	02813c23          	sd	s0,56(sp)
  sd s1, 64(sp)
    80000098:	04913023          	sd	s1,64(sp)
  sd a0, 72(sp)
    8000009c:	04a13423          	sd	a0,72(sp)
  sd a1, 80(sp)
    800000a0:	04b13823          	sd	a1,80(sp)
  sd a2, 88(sp)
    800000a4:	04c13c23          	sd	a2,88(sp)
  sd a3, 96(sp)
    800000a8:	06d13023          	sd	a3,96(sp)
  sd a4, 104(sp)
    800000ac:	06e13423          	sd	a4,104(sp)
  sd a5, 112(sp)
    800000b0:	06f13823          	sd	a5,112(sp)
  sd a6, 120(sp)
    800000b4:	07013c23          	sd	a6,120(sp)
  sd a7, 128(sp)
    800000b8:	09113023          	sd	a7,128(sp)
  sd s2, 136(sp)
    800000bc:	09213423          	sd	s2,136(sp)
  sd s3, 144(sp)
    800000c0:	09313823          	sd	s3,144(sp)
  sd s4, 152(sp)
    800000c4:	09413c23          	sd	s4,152(sp)
  sd s5, 160(sp)
    800000c8:	0b513023          	sd	s5,160(sp)
  sd s6, 168(sp)
    800000cc:	0b613423          	sd	s6,168(sp)
  sd s7, 176(sp)
    800000d0:	0b713823          	sd	s7,176(sp)
  sd s8, 184(sp)
    800000d4:	0b813c23          	sd	s8,184(sp)
  sd s9, 192(sp)
    800000d8:	0d913023          	sd	s9,192(sp)
  sd s10, 200(sp)
    800000dc:	0da13423          	sd	s10,200(sp)
  sd s11, 208(sp)
    800000e0:	0db13823          	sd	s11,208(sp)
  sd t3, 216(sp)
    800000e4:	0dc13c23          	sd	t3,216(sp)
  sd t4, 224(sp)
    800000e8:	0fd13023          	sd	t4,224(sp)
  sd t5, 232(sp)
    800000ec:	0fe13423          	sd	t5,232(sp)
  sd t6, 240(sp)
    800000f0:	0ff13823          	sd	t6,240(sp)
  // Then store sp at first address of private memory
  li t0, (PRIVATE_MEM_0 + PRIVATE_MEM_SIZE - 16)
    800000f4:	400012b7          	lui	t0,0x40001
    800000f8:	ff02829b          	addiw	t0,t0,-16 # 40000ff0 <_prog_start-0x3ffff010>
  sd sp, 0(t0)
    800000fc:	0022b023          	sd	sp,0(t0)
  li sp, (PRIVATE_MEM_0 + PRIVATE_MEM_SIZE - 32)
    80000100:	40001137          	lui	sp,0x40001
    80000104:	fe01011b          	addiw	sp,sp,-32 # 40000fe0 <_prog_start-0x3ffff020>
  call thread_run
    80000108:	6b4000ef          	jal	ra,800007bc <thread_run>
  // Cleaf flag
  li s0, (CLINT_CTRL_ADDR + CLINT_MSIP0)
    8000010c:	02000437          	lui	s0,0x2000
  amoswap.w t0, zero, (s0)
    80000110:	080422af          	amoswap.w	t0,zero,(s0)
  // Enable interrupt
  li s2, 0x8
    80000114:	00800913          	li	s2,8
  csrw mie, s2
    80000118:	30491073          	csrw	mie,s2
  // After return, restore activate table
  // firstly recover origianl sp
  li t0, (PRIVATE_MEM_0 + PRIVATE_MEM_SIZE - 16)
    8000011c:	400012b7          	lui	t0,0x40001
    80000120:	ff02829b          	addiw	t0,t0,-16 # 40000ff0 <_prog_start-0x3ffff010>
  ld sp, 0(t0)
    80000124:	0002b103          	ld	sp,0(t0)
  ld ra, 0(sp)
    80000128:	00013083          	ld	ra,0(sp)
  ld gp, 16(sp)
    8000012c:	01013183          	ld	gp,16(sp)
  ld tp, 24(sp)
    80000130:	01813203          	ld	tp,24(sp)
  ld t0, 32(sp)
    80000134:	02013283          	ld	t0,32(sp)
  ld t1, 40(sp)
    80000138:	02813303          	ld	t1,40(sp)
  ld t2, 48(sp)
    8000013c:	03013383          	ld	t2,48(sp)
  ld s0, 56(sp)
    80000140:	03813403          	ld	s0,56(sp)
  ld s1, 64(sp)
    80000144:	04013483          	ld	s1,64(sp)
  ld a0, 72(sp)
    80000148:	04813503          	ld	a0,72(sp)
  ld a1, 80(sp)
    8000014c:	05013583          	ld	a1,80(sp)
  ld a2, 88(sp)
    80000150:	05813603          	ld	a2,88(sp)
  ld a3, 96(sp)
    80000154:	06013683          	ld	a3,96(sp)
  ld a4, 104(sp)
    80000158:	06813703          	ld	a4,104(sp)
  ld a5, 112(sp)
    8000015c:	07013783          	ld	a5,112(sp)
  ld a6, 120(sp)
    80000160:	07813803          	ld	a6,120(sp)
  ld a7, 128(sp)
    80000164:	08013883          	ld	a7,128(sp)
  ld s2, 136(sp)
    80000168:	08813903          	ld	s2,136(sp)
  ld s3, 144(sp)
    8000016c:	09013983          	ld	s3,144(sp)
  ld s4, 152(sp)
    80000170:	09813a03          	ld	s4,152(sp)
  ld s5, 160(sp)
    80000174:	0a013a83          	ld	s5,160(sp)
  ld s6, 168(sp)
    80000178:	0a813b03          	ld	s6,168(sp)
  ld s7, 176(sp)
    8000017c:	0b013b83          	ld	s7,176(sp)
  ld s8, 184(sp)
    80000180:	0b813c03          	ld	s8,184(sp)
  ld s9, 192(sp)
    80000184:	0c013c83          	ld	s9,192(sp)
  ld s10, 200(sp)
    80000188:	0c813d03          	ld	s10,200(sp)
  ld s11, 208(sp)
    8000018c:	0d013d83          	ld	s11,208(sp)
  ld t3, 216(sp)
    80000190:	0d813e03          	ld	t3,216(sp)
  ld t4, 224(sp)
    80000194:	0e013e83          	ld	t4,224(sp)
  ld t5, 232(sp)
    80000198:	0e813f03          	ld	t5,232(sp)
  ld t6, 240(sp)
    8000019c:	0f013f83          	ld	t6,240(sp)
  ld sp, 8(sp)
    800001a0:	00813103          	ld	sp,8(sp)
  addi sp, sp, 248
    800001a4:	0f810113          	addi	sp,sp,248
  ret // Return to the main thread
    800001a8:	00008067          	ret

00000000800001ac <_thread_entry>:
_thread_entry: // For other cores
  csrw mie, zero
    800001ac:	30401073          	csrw	mie,zero
  csrr a0, mhartid
    800001b0:	f1402573          	csrr	a0,mhartid
  li t0, 0x40000000
    800001b4:	400002b7          	lui	t0,0x40000
  slli sp, a0, 15
    800001b8:	00f51113          	slli	sp,a0,0xf
  or  sp, sp, t0
    800001bc:	00516133          	or	sp,sp,t0
  li t0, 0x7ff0
    800001c0:	000082b7          	lui	t0,0x8
    800001c4:	ff02829b          	addiw	t0,t0,-16 # 7ff0 <_prog_start-0x7fff8010>
  add sp, sp, t0
    800001c8:	00510133          	add	sp,sp,t0
  call thread_run
    800001cc:	5f0000ef          	jal	ra,800007bc <thread_run>
  j _thread_end
    800001d0:	e49ff06f          	j	80000018 <_thread_end>

00000000800001d4 <_main>:
_main: // Hart 0
  csrw mie, zero
    800001d4:	30401073          	csrw	mie,zero
  csrr a0, mhartid
    800001d8:	f1402573          	csrr	a0,mhartid
  li sp, (MEMORY_MEM_ADDR + 0x3ff0)
    800001dc:	00020137          	lui	sp,0x20
    800001e0:	0011011b          	addiw	sp,sp,1 # 20001 <_prog_start-0x7ffdffff>
    800001e4:	00e11113          	slli	sp,sp,0xe
    800001e8:	ff010113          	addi	sp,sp,-16
  call main
    800001ec:	04d000ef          	jal	ra,80000a38 <main>

00000000800001f0 <_loopback>:
_loopback:
  wfi
    800001f0:	10500073          	wfi
    800001f4:	ffdff06f          	j	800001f0 <_loopback>

00000000800001f8 <mux_lock>:
  .globl read_flag6
  .globl read_flag7

// ====== Lock ====================  
mux_lock:
    addi sp, sp, -24
    800001f8:	fe810113          	addi	sp,sp,-24
    sd  t0, 16(sp)
    800001fc:	00513823          	sd	t0,16(sp)
    sd  t1, 8(sp)
    80000200:	00613423          	sd	t1,8(sp)
    sd  a0, 0(sp)    
    80000204:	00a13023          	sd	a0,0(sp)
    li t0, 1
    80000208:	00100293          	li	t0,1
    li a0, THREAD_QUEUE_ADDR
    8000020c:	40003537          	lui	a0,0x40003

0000000080000210 <_again>:
_again:
    lw t1, 0(a0)   // Check if lock is held
    80000210:	00052303          	lw	t1,0(a0) # 40003000 <_prog_start-0x3fffd000>
    bnez t1, _again  // Retry if held
    80000214:	fe031ee3          	bnez	t1,80000210 <_again>
    amoswap.w t1, t0, (a0)
    80000218:	0855232f          	amoswap.w	t1,t0,(a0)
    bnez t1, _again  // Retry if held
    8000021c:	fe031ae3          	bnez	t1,80000210 <_again>
    ld  t0, 16(sp)
    80000220:	01013283          	ld	t0,16(sp)
    ld  t1, 8(sp)
    80000224:	00813303          	ld	t1,8(sp)
    ld  a0, 0(sp) 
    80000228:	00013503          	ld	a0,0(sp)
    addi sp, sp, 24
    8000022c:	01810113          	addi	sp,sp,24
    ret
    80000230:	00008067          	ret

0000000080000234 <mux_unlock>:

// ====== Unlock ==================
mux_unlock:
    addi sp, sp, -16
    80000234:	ff010113          	addi	sp,sp,-16
    sd  t0, 8(sp)
    80000238:	00513423          	sd	t0,8(sp)
    sd  t1, 0(sp)
    8000023c:	00613023          	sd	t1,0(sp)
    li t0, 0
    80000240:	00000293          	li	t0,0
    li a0, THREAD_QUEUE_ADDR
    80000244:	40003537          	lui	a0,0x40003
    lw t1, 0(a0)   // Check if lock is held
    80000248:	00052303          	lw	t1,0(a0) # 40003000 <_prog_start-0x3fffd000>
    beqz t1, _exit_unlock
    8000024c:	00030463          	beqz	t1,80000254 <_exit_unlock>
    amoswap.w t0, t0, (a0)
    80000250:	085522af          	amoswap.w	t0,t0,(a0)

0000000080000254 <_exit_unlock>:
_exit_unlock:
    ld  t0, 8(sp)
    80000254:	00813283          	ld	t0,8(sp)
    ld  t1, 0(sp)
    80000258:	00013303          	ld	t1,0(sp)
    addi sp, sp, 16    
    8000025c:	01010113          	addi	sp,sp,16
    ret
    80000260:	00008067          	ret

0000000080000264 <get_hartid>:

// ====== Get hartid ==============
get_hartid:
    csrr a0, mhartid
    80000264:	f1402573          	csrr	a0,mhartid
    ret
    80000268:	00008067          	ret

000000008000026c <atomic_write>:

// ====== Atomic write ============
atomic_write:
    addi sp, sp, -8
    8000026c:	ff810113          	addi	sp,sp,-8
    sd t0, 0(sp)
    80000270:	00513023          	sd	t0,0(sp)
    amoswap.w t0, a1, (a0)
    80000274:	08b522af          	amoswap.w	t0,a1,(a0)
    ld t0, 0(sp)
    80000278:	00013283          	ld	t0,0(sp)
    addi sp, sp, 8    
    8000027c:	00810113          	addi	sp,sp,8
    ret
    80000280:	00008067          	ret

0000000080000284 <sem_wait>:

// ====== Semaphore wait ==========
sem_wait:
    addi sp, sp, -16
    80000284:	ff010113          	addi	sp,sp,-16
    sd  t0, 8(sp)
    80000288:	00513423          	sd	t0,8(sp)
    sd  s0, 0(sp)
    8000028c:	00813023          	sd	s0,0(sp)
    amoswap.w t0, zero, (a0) // Clear interrupt flag
    80000290:	080522af          	amoswap.w	t0,zero,(a0)
    li s0, 0x8 // Enable interrupt
    80000294:	00800413          	li	s0,8
    csrw mie, s0
    80000298:	30441073          	csrw	mie,s0
    wfi
    8000029c:	10500073          	wfi
    csrw mie, zero // Disable interrupt
    800002a0:	30401073          	csrw	mie,zero
    amoswap.w t0, zero, (a0) // Clear interrupt flag
    800002a4:	080522af          	amoswap.w	t0,zero,(a0)
    ld  t0, 8(sp)
    800002a8:	00813283          	ld	t0,8(sp)
    ld  s0, 0(sp)
    800002ac:	00013403          	ld	s0,0(sp)
    addi sp, sp, 16
    800002b0:	01010113          	addi	sp,sp,16
    ret
    800002b4:	00008067          	ret

00000000800002b8 <sem_signal>:

// ====== Semaphore signal ========
sem_signal:
    addi sp, sp, -8
    800002b8:	ff810113          	addi	sp,sp,-8
    sd t0, 0(sp)
    800002bc:	00513023          	sd	t0,0(sp)
    li t0, 1 // Set interrupt flag of target core
    800002c0:	00100293          	li	t0,1
    amoswap.w t1, t0, (a0)
    800002c4:	0855232f          	amoswap.w	t1,t0,(a0)
    ld t0, 0(sp)
    800002c8:	00013283          	ld	t0,0(sp)
    addi sp, sp, 8
    800002cc:	00810113          	addi	sp,sp,8
    ret
    800002d0:	00008067          	ret

00000000800002d4 <read_flag0>:

// ===== Check core status ========
read_flag0:
  li t0, (CLINT_CTRL_ADDR + CLINT_MSIP0)
    800002d4:	020002b7          	lui	t0,0x2000
  amoor.w a0, zero, (t0)
    800002d8:	4002a52f          	amoor.w	a0,zero,(t0)
  ret
    800002dc:	00008067          	ret

00000000800002e0 <read_flag1>:
read_flag1:
  li t0, (CLINT_CTRL_ADDR + CLINT_MSIP1)
    800002e0:	020002b7          	lui	t0,0x2000
    800002e4:	0042829b          	addiw	t0,t0,4 # 2000004 <_prog_start-0x7dfffffc>
  amoor.w a0, zero, (t0)
    800002e8:	4002a52f          	amoor.w	a0,zero,(t0)
  ret
    800002ec:	00008067          	ret

00000000800002f0 <read_flag2>:
read_flag2:
  li t0, (CLINT_CTRL_ADDR + CLINT_MSIP2)
    800002f0:	020002b7          	lui	t0,0x2000
    800002f4:	0082829b          	addiw	t0,t0,8 # 2000008 <_prog_start-0x7dfffff8>
  amoor.w a0, zero, (t0)
    800002f8:	4002a52f          	amoor.w	a0,zero,(t0)
  ret
    800002fc:	00008067          	ret

0000000080000300 <read_flag3>:
read_flag3:
  li t0, (CLINT_CTRL_ADDR + CLINT_MSIP3)
    80000300:	020002b7          	lui	t0,0x2000
    80000304:	00c2829b          	addiw	t0,t0,12 # 200000c <_prog_start-0x7dfffff4>
  amoor.w a0, zero, (t0)
    80000308:	4002a52f          	amoor.w	a0,zero,(t0)
    8000030c:	00008067          	ret

0000000080000310 <kputc>:
  #define UART_CTRL_ADDR _UART_CTRL_ADDR(UART_NUM)
#endif
static volatile uint32_t * const uart = (void *)(UART_CTRL_ADDR);

static inline void kputc(char c)
{
    80000310:	7179                	addi	sp,sp,-48
    80000312:	f422                	sd	s0,40(sp)
    80000314:	1800                	addi	s0,sp,48
    80000316:	87aa                	mv	a5,a0
    80000318:	fcf40fa3          	sb	a5,-33(s0) # 1ffffdf <_prog_start-0x7e000021>
	volatile uint32_t *tx = &REG32(uart, UART_REG_TXFIFO);
    8000031c:	640007b7          	lui	a5,0x64000
    80000320:	fef43423          	sd	a5,-24(s0)
#ifdef __riscv_atomic
	int32_t r;
	do {
		__asm__ __volatile__ (
    80000324:	fe843703          	ld	a4,-24(s0)
    80000328:	fdf44783          	lbu	a5,-33(s0)
    8000032c:	86be                	mv	a3,a5
    8000032e:	fe843783          	ld	a5,-24(s0)
    80000332:	40d727af          	amoor.w	a5,a3,(a4)
    80000336:	fef42223          	sw	a5,-28(s0)
			"amoor.w %0, %2, %1\n"
			: "=r" (r), "+A" (*tx)
			: "r" (c));
	} while (r < 0);
    8000033a:	fe442783          	lw	a5,-28(s0)
    8000033e:	2781                	sext.w	a5,a5
    80000340:	fe07c2e3          	bltz	a5,80000324 <kputc+0x14>
#else
	while ((int32_t)(*tx) < 0);
	*tx = c;
#endif
}
    80000344:	0001                	nop
    80000346:	0001                	nop
    80000348:	7422                	ld	s0,40(sp)
    8000034a:	6145                	addi	sp,sp,48
    8000034c:	8082                	ret

000000008000034e <_kputs>:
#include <stdbool.h>

#include "kprintf.h"

static inline void _kputs(const char *s)
{
    8000034e:	7179                	addi	sp,sp,-48
    80000350:	f406                	sd	ra,40(sp)
    80000352:	f022                	sd	s0,32(sp)
    80000354:	1800                	addi	s0,sp,48
    80000356:	fca43c23          	sd	a0,-40(s0)
	char c;
	for (; (c = *s) != '\0'; s++)
    8000035a:	a819                	j	80000370 <_kputs+0x22>
		kputc(c);
    8000035c:	fef44783          	lbu	a5,-17(s0)
    80000360:	853e                	mv	a0,a5
    80000362:	fafff0ef          	jal	ra,80000310 <kputc>
	for (; (c = *s) != '\0'; s++)
    80000366:	fd843783          	ld	a5,-40(s0)
    8000036a:	0785                	addi	a5,a5,1 # 64000001 <_prog_start-0x1bffffff>
    8000036c:	fcf43c23          	sd	a5,-40(s0)
    80000370:	fd843783          	ld	a5,-40(s0)
    80000374:	0007c783          	lbu	a5,0(a5)
    80000378:	fef407a3          	sb	a5,-17(s0)
    8000037c:	fef44783          	lbu	a5,-17(s0)
    80000380:	0ff7f793          	zext.b	a5,a5
    80000384:	ffe1                	bnez	a5,8000035c <_kputs+0xe>
}
    80000386:	0001                	nop
    80000388:	0001                	nop
    8000038a:	70a2                	ld	ra,40(sp)
    8000038c:	7402                	ld	s0,32(sp)
    8000038e:	6145                	addi	sp,sp,48
    80000390:	8082                	ret

0000000080000392 <kputs>:

void kputs(const char *s)
{
    80000392:	1101                	addi	sp,sp,-32
    80000394:	ec06                	sd	ra,24(sp)
    80000396:	e822                	sd	s0,16(sp)
    80000398:	1000                	addi	s0,sp,32
    8000039a:	fea43423          	sd	a0,-24(s0)
	_kputs(s);
    8000039e:	fe843503          	ld	a0,-24(s0)
    800003a2:	fadff0ef          	jal	ra,8000034e <_kputs>
	kputc('\r');
    800003a6:	4535                	li	a0,13
    800003a8:	f69ff0ef          	jal	ra,80000310 <kputc>
	kputc('\n');
    800003ac:	4529                	li	a0,10
    800003ae:	f63ff0ef          	jal	ra,80000310 <kputc>
}
    800003b2:	0001                	nop
    800003b4:	60e2                	ld	ra,24(sp)
    800003b6:	6442                	ld	s0,16(sp)
    800003b8:	6105                	addi	sp,sp,32
    800003ba:	8082                	ret

00000000800003bc <kprintf>:

void kprintf(const char *fmt, ...)
{
    800003bc:	7151                	addi	sp,sp,-240
    800003be:	f506                	sd	ra,168(sp)
    800003c0:	f122                	sd	s0,160(sp)
    800003c2:	1900                	addi	s0,sp,176
    800003c4:	f4a43c23          	sd	a0,-168(s0)
    800003c8:	e40c                	sd	a1,8(s0)
    800003ca:	e810                	sd	a2,16(s0)
    800003cc:	ec14                	sd	a3,24(s0)
    800003ce:	f018                	sd	a4,32(s0)
    800003d0:	f41c                	sd	a5,40(s0)
    800003d2:	03043823          	sd	a6,48(s0)
    800003d6:	03143c23          	sd	a7,56(s0)
		va_list vl;
	bool is_format, is_long, is_char;
	char c;

	va_start(vl, fmt);
    800003da:	04040793          	addi	a5,s0,64
    800003de:	f4f43823          	sd	a5,-176(s0)
    800003e2:	f5043783          	ld	a5,-176(s0)
    800003e6:	fc878793          	addi	a5,a5,-56
    800003ea:	faf43423          	sd	a5,-88(s0)
	is_format = false;
    800003ee:	fe0407a3          	sb	zero,-17(s0)
	is_long = false;
    800003f2:	fe040723          	sb	zero,-18(s0)
	is_char = false;
    800003f6:	fe0406a3          	sb	zero,-19(s0)
	while ((c = *fmt++) != '\0') {
    800003fa:	a499                	j	80000640 <kprintf+0x284>
		if (is_format) {
    800003fc:	fef44783          	lbu	a5,-17(s0)
    80000400:	0ff7f793          	zext.b	a5,a5
    80000404:	20078d63          	beqz	a5,8000061e <kprintf+0x262>
			switch (c) {
    80000408:	fbf44783          	lbu	a5,-65(s0)
    8000040c:	2781                	sext.w	a5,a5
    8000040e:	f9d7869b          	addiw	a3,a5,-99
    80000412:	0006871b          	sext.w	a4,a3
    80000416:	47d5                	li	a5,21
    80000418:	1ee7ec63          	bltu	a5,a4,80000610 <kprintf+0x254>
    8000041c:	02069793          	slli	a5,a3,0x20
    80000420:	9381                	srli	a5,a5,0x20
    80000422:	00279713          	slli	a4,a5,0x2
    80000426:	00000797          	auipc	a5,0x0
    8000042a:	78a78793          	addi	a5,a5,1930 # 80000bb0 <data_buf3+0x8>
    8000042e:	97ba                	add	a5,a5,a4
    80000430:	439c                	lw	a5,0(a5)
    80000432:	0007871b          	sext.w	a4,a5
    80000436:	00000797          	auipc	a5,0x0
    8000043a:	77a78793          	addi	a5,a5,1914 # 80000bb0 <data_buf3+0x8>
    8000043e:	97ba                	add	a5,a5,a4
    80000440:	8782                	jr	a5
			case 'l':
				unsigned long n;
				n = va_arg(vl, unsigned long);
    80000442:	fa843783          	ld	a5,-88(s0)
    80000446:	00878713          	addi	a4,a5,8
    8000044a:	fae43423          	sd	a4,-88(s0)
    8000044e:	639c                	ld	a5,0(a5)
    80000450:	fef43023          	sd	a5,-32(s0)
				char c[64];
				for (int i = 0; i < 64; i ++) c[i] = 0;
    80000454:	fc042e23          	sw	zero,-36(s0)
    80000458:	a821                	j	80000470 <kprintf+0xb4>
    8000045a:	fdc42783          	lw	a5,-36(s0)
    8000045e:	17c1                	addi	a5,a5,-16
    80000460:	97a2                	add	a5,a5,s0
    80000462:	f6078c23          	sb	zero,-136(a5)
    80000466:	fdc42783          	lw	a5,-36(s0)
    8000046a:	2785                	addiw	a5,a5,1
    8000046c:	fcf42e23          	sw	a5,-36(s0)
    80000470:	fdc42783          	lw	a5,-36(s0)
    80000474:	0007871b          	sext.w	a4,a5
    80000478:	03f00793          	li	a5,63
    8000047c:	fce7dfe3          	bge	a5,a4,8000045a <kprintf+0x9e>
				if (n == 0) {
    80000480:	fe043783          	ld	a5,-32(s0)
    80000484:	e7bd                	bnez	a5,800004f2 <kprintf+0x136>
					kputc ('0');
    80000486:	03000513          	li	a0,48
    8000048a:	e87ff0ef          	jal	ra,80000310 <kputc>
					break;
    8000048e:	a249                	j	80000610 <kprintf+0x254>
				}
				for (;n != 0;) {
					for (int i = 63; i > 0; i--) c[i] = c[i-1];
    80000490:	03f00793          	li	a5,63
    80000494:	fcf42c23          	sw	a5,-40(s0)
    80000498:	a025                	j	800004c0 <kprintf+0x104>
    8000049a:	fd842783          	lw	a5,-40(s0)
    8000049e:	37fd                	addiw	a5,a5,-1
    800004a0:	2781                	sext.w	a5,a5
    800004a2:	17c1                	addi	a5,a5,-16
    800004a4:	97a2                	add	a5,a5,s0
    800004a6:	f787c703          	lbu	a4,-136(a5)
    800004aa:	fd842783          	lw	a5,-40(s0)
    800004ae:	17c1                	addi	a5,a5,-16
    800004b0:	97a2                	add	a5,a5,s0
    800004b2:	f6e78c23          	sb	a4,-136(a5)
    800004b6:	fd842783          	lw	a5,-40(s0)
    800004ba:	37fd                	addiw	a5,a5,-1
    800004bc:	fcf42c23          	sw	a5,-40(s0)
    800004c0:	fd842783          	lw	a5,-40(s0)
    800004c4:	2781                	sext.w	a5,a5
    800004c6:	fcf04ae3          	bgtz	a5,8000049a <kprintf+0xde>
					c[0] = '0' + (n%10);
    800004ca:	fe043703          	ld	a4,-32(s0)
    800004ce:	47a9                	li	a5,10
    800004d0:	02f777b3          	remu	a5,a4,a5
    800004d4:	0ff7f793          	zext.b	a5,a5
    800004d8:	0307879b          	addiw	a5,a5,48
    800004dc:	0ff7f793          	zext.b	a5,a5
    800004e0:	f6f40423          	sb	a5,-152(s0)
					n = n / 10;
    800004e4:	fe043703          	ld	a4,-32(s0)
    800004e8:	47a9                	li	a5,10
    800004ea:	02f757b3          	divu	a5,a4,a5
    800004ee:	fef43023          	sd	a5,-32(s0)
				for (;n != 0;) {
    800004f2:	fe043783          	ld	a5,-32(s0)
    800004f6:	ffc9                	bnez	a5,80000490 <kprintf+0xd4>
				}
				for (int i = 0; c[i] != 0; i++) kputc(c[i]);
    800004f8:	fc042a23          	sw	zero,-44(s0)
    800004fc:	a839                	j	8000051a <kprintf+0x15e>
    800004fe:	fd442783          	lw	a5,-44(s0)
    80000502:	17c1                	addi	a5,a5,-16
    80000504:	97a2                	add	a5,a5,s0
    80000506:	f787c783          	lbu	a5,-136(a5)
    8000050a:	853e                	mv	a0,a5
    8000050c:	e05ff0ef          	jal	ra,80000310 <kputc>
    80000510:	fd442783          	lw	a5,-44(s0)
    80000514:	2785                	addiw	a5,a5,1
    80000516:	fcf42a23          	sw	a5,-44(s0)
    8000051a:	fd442783          	lw	a5,-44(s0)
    8000051e:	17c1                	addi	a5,a5,-16
    80000520:	97a2                	add	a5,a5,s0
    80000522:	f787c783          	lbu	a5,-136(a5)
    80000526:	ffe1                	bnez	a5,800004fe <kprintf+0x142>
				break;
    80000528:	a0e5                	j	80000610 <kprintf+0x254>
			case 'h':
				is_char = true;
    8000052a:	4785                	li	a5,1
    8000052c:	fef406a3          	sb	a5,-19(s0)
    80000530:	aa01                	j	80000640 <kprintf+0x284>
				continue;
			case 'x': {
				unsigned long n;
				long i;
				if (is_long) {
    80000532:	fee44783          	lbu	a5,-18(s0)
    80000536:	0ff7f793          	zext.b	a5,a5
    8000053a:	cf99                	beqz	a5,80000558 <kprintf+0x19c>
					n = va_arg(vl, unsigned long);
    8000053c:	fa843783          	ld	a5,-88(s0)
    80000540:	00878713          	addi	a4,a5,8
    80000544:	fae43423          	sd	a4,-88(s0)
    80000548:	639c                	ld	a5,0(a5)
    8000054a:	fcf43423          	sd	a5,-56(s0)
					i = (sizeof(unsigned long) << 3) - 4;
    8000054e:	03c00793          	li	a5,60
    80000552:	fcf43023          	sd	a5,-64(s0)
    80000556:	a041                	j	800005d6 <kprintf+0x21a>
				} else {
					n = va_arg(vl, unsigned int);
    80000558:	fa843783          	ld	a5,-88(s0)
    8000055c:	00878713          	addi	a4,a5,8
    80000560:	fae43423          	sd	a4,-88(s0)
    80000564:	439c                	lw	a5,0(a5)
    80000566:	1782                	slli	a5,a5,0x20
    80000568:	9381                	srli	a5,a5,0x20
    8000056a:	fcf43423          	sd	a5,-56(s0)
					i = is_char ? 4 : (sizeof(unsigned int) << 3) - 4;
    8000056e:	fed44783          	lbu	a5,-19(s0)
    80000572:	0ff7f793          	zext.b	a5,a5
    80000576:	c399                	beqz	a5,8000057c <kprintf+0x1c0>
    80000578:	4791                	li	a5,4
    8000057a:	a011                	j	8000057e <kprintf+0x1c2>
    8000057c:	47f1                	li	a5,28
    8000057e:	fcf43023          	sd	a5,-64(s0)
				}
				for (; i >= 0; i -= 4) {
    80000582:	a891                	j	800005d6 <kprintf+0x21a>
					long d;
					d = (n >> i) & 0xF;
    80000584:	fc043783          	ld	a5,-64(s0)
    80000588:	2781                	sext.w	a5,a5
    8000058a:	873e                	mv	a4,a5
    8000058c:	fc843783          	ld	a5,-56(s0)
    80000590:	00e7d7b3          	srl	a5,a5,a4
    80000594:	8bbd                	andi	a5,a5,15
    80000596:	faf43823          	sd	a5,-80(s0)
					kputc(d < 10 ? '0' + d : 'a' + d - 10);
    8000059a:	fb043703          	ld	a4,-80(s0)
    8000059e:	47a5                	li	a5,9
    800005a0:	00e7cb63          	blt	a5,a4,800005b6 <kprintf+0x1fa>
    800005a4:	fb043783          	ld	a5,-80(s0)
    800005a8:	0ff7f793          	zext.b	a5,a5
    800005ac:	0307879b          	addiw	a5,a5,48
    800005b0:	0ff7f793          	zext.b	a5,a5
    800005b4:	a809                	j	800005c6 <kprintf+0x20a>
    800005b6:	fb043783          	ld	a5,-80(s0)
    800005ba:	0ff7f793          	zext.b	a5,a5
    800005be:	0577879b          	addiw	a5,a5,87
    800005c2:	0ff7f793          	zext.b	a5,a5
    800005c6:	853e                	mv	a0,a5
    800005c8:	d49ff0ef          	jal	ra,80000310 <kputc>
				for (; i >= 0; i -= 4) {
    800005cc:	fc043783          	ld	a5,-64(s0)
    800005d0:	17f1                	addi	a5,a5,-4
    800005d2:	fcf43023          	sd	a5,-64(s0)
    800005d6:	fc043783          	ld	a5,-64(s0)
    800005da:	fa07d5e3          	bgez	a5,80000584 <kprintf+0x1c8>
				}
				break;
    800005de:	a80d                	j	80000610 <kprintf+0x254>
			}
			case 's':
				_kputs(va_arg(vl, const char *));
    800005e0:	fa843783          	ld	a5,-88(s0)
    800005e4:	00878713          	addi	a4,a5,8
    800005e8:	fae43423          	sd	a4,-88(s0)
    800005ec:	639c                	ld	a5,0(a5)
    800005ee:	853e                	mv	a0,a5
    800005f0:	d5fff0ef          	jal	ra,8000034e <_kputs>
				break;
    800005f4:	a831                	j	80000610 <kprintf+0x254>
			case 'c':
				kputc(va_arg(vl, int));
    800005f6:	fa843783          	ld	a5,-88(s0)
    800005fa:	00878713          	addi	a4,a5,8
    800005fe:	fae43423          	sd	a4,-88(s0)
    80000602:	439c                	lw	a5,0(a5)
    80000604:	0ff7f793          	zext.b	a5,a5
    80000608:	853e                	mv	a0,a5
    8000060a:	d07ff0ef          	jal	ra,80000310 <kputc>
				break;
    8000060e:	0001                	nop
			}
			is_format = false;
    80000610:	fe0407a3          	sb	zero,-17(s0)
			is_long = false;
    80000614:	fe040723          	sb	zero,-18(s0)
			is_char = false;
    80000618:	fe0406a3          	sb	zero,-19(s0)
    8000061c:	a015                	j	80000640 <kprintf+0x284>
		} else if (c == '%') {
    8000061e:	fbf44783          	lbu	a5,-65(s0)
    80000622:	0ff7f713          	zext.b	a4,a5
    80000626:	02500793          	li	a5,37
    8000062a:	00f71663          	bne	a4,a5,80000636 <kprintf+0x27a>
			is_format = true;
    8000062e:	4785                	li	a5,1
    80000630:	fef407a3          	sb	a5,-17(s0)
    80000634:	a031                	j	80000640 <kprintf+0x284>
		} else {
			kputc(c);
    80000636:	fbf44783          	lbu	a5,-65(s0)
    8000063a:	853e                	mv	a0,a5
    8000063c:	cd5ff0ef          	jal	ra,80000310 <kputc>
	while ((c = *fmt++) != '\0') {
    80000640:	f5843783          	ld	a5,-168(s0)
    80000644:	00178713          	addi	a4,a5,1
    80000648:	f4e43c23          	sd	a4,-168(s0)
    8000064c:	0007c783          	lbu	a5,0(a5)
    80000650:	faf40fa3          	sb	a5,-65(s0)
    80000654:	fbf44783          	lbu	a5,-65(s0)
    80000658:	0ff7f793          	zext.b	a5,a5
    8000065c:	da0790e3          	bnez	a5,800003fc <kprintf+0x40>
		}
	}
	va_end(vl);
}
    80000660:	0001                	nop
    80000662:	0001                	nop
    80000664:	70aa                	ld	ra,168(sp)
    80000666:	740a                	ld	s0,160(sp)
    80000668:	616d                	addi	sp,sp,240
    8000066a:	8082                	ret

000000008000066c <thread_init>:
extern uint32_t read_flag0();
extern uint32_t read_flag1();
extern uint32_t read_flag2();
extern uint32_t read_flag3();

void thread_init(uint32_t thread_count) {
    8000066c:	1101                	addi	sp,sp,-32
    8000066e:	ec06                	sd	ra,24(sp)
    80000670:	e822                	sd	s0,16(sp)
    80000672:	1000                	addi	s0,sp,32
    80000674:	87aa                	mv	a5,a0
    80000676:	fef42623          	sw	a5,-20(s0)
    mux_lock();
    8000067a:	b7fff0ef          	jal	ra,800001f8 <mux_lock>
    thread_cnt = thread_count;
    8000067e:	00003797          	auipc	a5,0x3
    80000682:	98a78793          	addi	a5,a5,-1654 # 80003008 <thread_cnt>
    80000686:	fec42703          	lw	a4,-20(s0)
    8000068a:	c398                	sw	a4,0(a5)
    thread_widx = 0;
    8000068c:	00003797          	auipc	a5,0x3
    80000690:	97478793          	addi	a5,a5,-1676 # 80003000 <thread_widx>
    80000694:	0007a023          	sw	zero,0(a5)
    thread_ridx = 0;
    80000698:	00003797          	auipc	a5,0x3
    8000069c:	96c78793          	addi	a5,a5,-1684 # 80003004 <thread_ridx>
    800006a0:	0007a023          	sw	zero,0(a5)
    mux_unlock();
    800006a4:	b91ff0ef          	jal	ra,80000234 <mux_unlock>
    // Active cores from sleep
}
    800006a8:	0001                	nop
    800006aa:	60e2                	ld	ra,24(sp)
    800006ac:	6442                	ld	s0,16(sp)
    800006ae:	6105                	addi	sp,sp,32
    800006b0:	8082                	ret

00000000800006b2 <thread_create>:

void thread_create(void* funct, void *din0, void *din1, void *dout) {
    800006b2:	7179                	addi	sp,sp,-48
    800006b4:	f406                	sd	ra,40(sp)
    800006b6:	f022                	sd	s0,32(sp)
    800006b8:	1800                	addi	s0,sp,48
    800006ba:	fea43423          	sd	a0,-24(s0)
    800006be:	feb43023          	sd	a1,-32(s0)
    800006c2:	fcc43c23          	sd	a2,-40(s0)
    800006c6:	fcd43823          	sd	a3,-48(s0)
    mux_lock();
    800006ca:	b2fff0ef          	jal	ra,800001f8 <mux_lock>
    thread_queue[thread_widx++] = funct;
    800006ce:	00000797          	auipc	a5,0x0
    800006d2:	48a78793          	addi	a5,a5,1162 # 80000b58 <thread_queue>
    800006d6:	6398                	ld	a4,0(a5)
    800006d8:	00003797          	auipc	a5,0x3
    800006dc:	92878793          	addi	a5,a5,-1752 # 80003000 <thread_widx>
    800006e0:	439c                	lw	a5,0(a5)
    800006e2:	2781                	sext.w	a5,a5
    800006e4:	2781                	sext.w	a5,a5
    800006e6:	0017869b          	addiw	a3,a5,1
    800006ea:	0006861b          	sext.w	a2,a3
    800006ee:	00003697          	auipc	a3,0x3
    800006f2:	91268693          	addi	a3,a3,-1774 # 80003000 <thread_widx>
    800006f6:	c290                	sw	a2,0(a3)
    800006f8:	1782                	slli	a5,a5,0x20
    800006fa:	9381                	srli	a5,a5,0x20
    800006fc:	078e                	slli	a5,a5,0x3
    800006fe:	97ba                	add	a5,a5,a4
    80000700:	fe843703          	ld	a4,-24(s0)
    80000704:	e398                	sd	a4,0(a5)
    thread_queue[thread_widx++] = din0;
    80000706:	00000797          	auipc	a5,0x0
    8000070a:	45278793          	addi	a5,a5,1106 # 80000b58 <thread_queue>
    8000070e:	6398                	ld	a4,0(a5)
    80000710:	00003797          	auipc	a5,0x3
    80000714:	8f078793          	addi	a5,a5,-1808 # 80003000 <thread_widx>
    80000718:	439c                	lw	a5,0(a5)
    8000071a:	2781                	sext.w	a5,a5
    8000071c:	2781                	sext.w	a5,a5
    8000071e:	0017869b          	addiw	a3,a5,1
    80000722:	0006861b          	sext.w	a2,a3
    80000726:	00003697          	auipc	a3,0x3
    8000072a:	8da68693          	addi	a3,a3,-1830 # 80003000 <thread_widx>
    8000072e:	c290                	sw	a2,0(a3)
    80000730:	1782                	slli	a5,a5,0x20
    80000732:	9381                	srli	a5,a5,0x20
    80000734:	078e                	slli	a5,a5,0x3
    80000736:	97ba                	add	a5,a5,a4
    80000738:	fe043703          	ld	a4,-32(s0)
    8000073c:	e398                	sd	a4,0(a5)
    thread_queue[thread_widx++] = din1;
    8000073e:	00000797          	auipc	a5,0x0
    80000742:	41a78793          	addi	a5,a5,1050 # 80000b58 <thread_queue>
    80000746:	6398                	ld	a4,0(a5)
    80000748:	00003797          	auipc	a5,0x3
    8000074c:	8b878793          	addi	a5,a5,-1864 # 80003000 <thread_widx>
    80000750:	439c                	lw	a5,0(a5)
    80000752:	2781                	sext.w	a5,a5
    80000754:	2781                	sext.w	a5,a5
    80000756:	0017869b          	addiw	a3,a5,1
    8000075a:	0006861b          	sext.w	a2,a3
    8000075e:	00003697          	auipc	a3,0x3
    80000762:	8a268693          	addi	a3,a3,-1886 # 80003000 <thread_widx>
    80000766:	c290                	sw	a2,0(a3)
    80000768:	1782                	slli	a5,a5,0x20
    8000076a:	9381                	srli	a5,a5,0x20
    8000076c:	078e                	slli	a5,a5,0x3
    8000076e:	97ba                	add	a5,a5,a4
    80000770:	fd843703          	ld	a4,-40(s0)
    80000774:	e398                	sd	a4,0(a5)
    thread_queue[thread_widx++] = dout;
    80000776:	00000797          	auipc	a5,0x0
    8000077a:	3e278793          	addi	a5,a5,994 # 80000b58 <thread_queue>
    8000077e:	6398                	ld	a4,0(a5)
    80000780:	00003797          	auipc	a5,0x3
    80000784:	88078793          	addi	a5,a5,-1920 # 80003000 <thread_widx>
    80000788:	439c                	lw	a5,0(a5)
    8000078a:	2781                	sext.w	a5,a5
    8000078c:	2781                	sext.w	a5,a5
    8000078e:	0017869b          	addiw	a3,a5,1
    80000792:	0006861b          	sext.w	a2,a3
    80000796:	00003697          	auipc	a3,0x3
    8000079a:	86a68693          	addi	a3,a3,-1942 # 80003000 <thread_widx>
    8000079e:	c290                	sw	a2,0(a3)
    800007a0:	1782                	slli	a5,a5,0x20
    800007a2:	9381                	srli	a5,a5,0x20
    800007a4:	078e                	slli	a5,a5,0x3
    800007a6:	97ba                	add	a5,a5,a4
    800007a8:	fd043703          	ld	a4,-48(s0)
    800007ac:	e398                	sd	a4,0(a5)
    mux_unlock();
    800007ae:	a87ff0ef          	jal	ra,80000234 <mux_unlock>
}
    800007b2:	0001                	nop
    800007b4:	70a2                	ld	ra,40(sp)
    800007b6:	7402                	ld	s0,32(sp)
    800007b8:	6145                	addi	sp,sp,48
    800007ba:	8082                	ret

00000000800007bc <thread_run>:

void thread_run() {
    800007bc:	7179                	addi	sp,sp,-48
    800007be:	f406                	sd	ra,40(sp)
    800007c0:	f022                	sd	s0,32(sp)
    800007c2:	1800                	addi	s0,sp,48
    while (1) {
        mux_lock();
    800007c4:	a35ff0ef          	jal	ra,800001f8 <mux_lock>
        if ((thread_ridx < thread_widx) && (thread_cnt >0)) {
    800007c8:	00003797          	auipc	a5,0x3
    800007cc:	83c78793          	addi	a5,a5,-1988 # 80003004 <thread_ridx>
    800007d0:	439c                	lw	a5,0(a5)
    800007d2:	0007871b          	sext.w	a4,a5
    800007d6:	00003797          	auipc	a5,0x3
    800007da:	82a78793          	addi	a5,a5,-2006 # 80003000 <thread_widx>
    800007de:	439c                	lw	a5,0(a5)
    800007e0:	2781                	sext.w	a5,a5
    800007e2:	12f77463          	bgeu	a4,a5,8000090a <thread_run+0x14e>
    800007e6:	00003797          	auipc	a5,0x3
    800007ea:	82278793          	addi	a5,a5,-2014 # 80003008 <thread_cnt>
    800007ee:	439c                	lw	a5,0(a5)
    800007f0:	2781                	sext.w	a5,a5
    800007f2:	10078c63          	beqz	a5,8000090a <thread_run+0x14e>
            void (*funct)(void*, void*, void*);
            funct = thread_queue[thread_ridx++];
    800007f6:	00000797          	auipc	a5,0x0
    800007fa:	36278793          	addi	a5,a5,866 # 80000b58 <thread_queue>
    800007fe:	6398                	ld	a4,0(a5)
    80000800:	00003797          	auipc	a5,0x3
    80000804:	80478793          	addi	a5,a5,-2044 # 80003004 <thread_ridx>
    80000808:	439c                	lw	a5,0(a5)
    8000080a:	2781                	sext.w	a5,a5
    8000080c:	2781                	sext.w	a5,a5
    8000080e:	0017869b          	addiw	a3,a5,1
    80000812:	0006861b          	sext.w	a2,a3
    80000816:	00002697          	auipc	a3,0x2
    8000081a:	7ee68693          	addi	a3,a3,2030 # 80003004 <thread_ridx>
    8000081e:	c290                	sw	a2,0(a3)
    80000820:	1782                	slli	a5,a5,0x20
    80000822:	9381                	srli	a5,a5,0x20
    80000824:	078e                	slli	a5,a5,0x3
    80000826:	97ba                	add	a5,a5,a4
    80000828:	639c                	ld	a5,0(a5)
    8000082a:	fef43423          	sd	a5,-24(s0)
            void* din0 = thread_queue[thread_ridx++];
    8000082e:	00000797          	auipc	a5,0x0
    80000832:	32a78793          	addi	a5,a5,810 # 80000b58 <thread_queue>
    80000836:	6398                	ld	a4,0(a5)
    80000838:	00002797          	auipc	a5,0x2
    8000083c:	7cc78793          	addi	a5,a5,1996 # 80003004 <thread_ridx>
    80000840:	439c                	lw	a5,0(a5)
    80000842:	2781                	sext.w	a5,a5
    80000844:	2781                	sext.w	a5,a5
    80000846:	0017869b          	addiw	a3,a5,1
    8000084a:	0006861b          	sext.w	a2,a3
    8000084e:	00002697          	auipc	a3,0x2
    80000852:	7b668693          	addi	a3,a3,1974 # 80003004 <thread_ridx>
    80000856:	c290                	sw	a2,0(a3)
    80000858:	1782                	slli	a5,a5,0x20
    8000085a:	9381                	srli	a5,a5,0x20
    8000085c:	078e                	slli	a5,a5,0x3
    8000085e:	97ba                	add	a5,a5,a4
    80000860:	639c                	ld	a5,0(a5)
    80000862:	fef43023          	sd	a5,-32(s0)
            void* din1 = thread_queue[thread_ridx++];
    80000866:	00000797          	auipc	a5,0x0
    8000086a:	2f278793          	addi	a5,a5,754 # 80000b58 <thread_queue>
    8000086e:	6398                	ld	a4,0(a5)
    80000870:	00002797          	auipc	a5,0x2
    80000874:	79478793          	addi	a5,a5,1940 # 80003004 <thread_ridx>
    80000878:	439c                	lw	a5,0(a5)
    8000087a:	2781                	sext.w	a5,a5
    8000087c:	2781                	sext.w	a5,a5
    8000087e:	0017869b          	addiw	a3,a5,1
    80000882:	0006861b          	sext.w	a2,a3
    80000886:	00002697          	auipc	a3,0x2
    8000088a:	77e68693          	addi	a3,a3,1918 # 80003004 <thread_ridx>
    8000088e:	c290                	sw	a2,0(a3)
    80000890:	1782                	slli	a5,a5,0x20
    80000892:	9381                	srli	a5,a5,0x20
    80000894:	078e                	slli	a5,a5,0x3
    80000896:	97ba                	add	a5,a5,a4
    80000898:	639c                	ld	a5,0(a5)
    8000089a:	fcf43c23          	sd	a5,-40(s0)
            void *dout = thread_queue[thread_ridx++];
    8000089e:	00000797          	auipc	a5,0x0
    800008a2:	2ba78793          	addi	a5,a5,698 # 80000b58 <thread_queue>
    800008a6:	6398                	ld	a4,0(a5)
    800008a8:	00002797          	auipc	a5,0x2
    800008ac:	75c78793          	addi	a5,a5,1884 # 80003004 <thread_ridx>
    800008b0:	439c                	lw	a5,0(a5)
    800008b2:	2781                	sext.w	a5,a5
    800008b4:	2781                	sext.w	a5,a5
    800008b6:	0017869b          	addiw	a3,a5,1
    800008ba:	0006861b          	sext.w	a2,a3
    800008be:	00002697          	auipc	a3,0x2
    800008c2:	74668693          	addi	a3,a3,1862 # 80003004 <thread_ridx>
    800008c6:	c290                	sw	a2,0(a3)
    800008c8:	1782                	slli	a5,a5,0x20
    800008ca:	9381                	srli	a5,a5,0x20
    800008cc:	078e                	slli	a5,a5,0x3
    800008ce:	97ba                	add	a5,a5,a4
    800008d0:	639c                	ld	a5,0(a5)
    800008d2:	fcf43823          	sd	a5,-48(s0)
            thread_cnt--;
    800008d6:	00002797          	auipc	a5,0x2
    800008da:	73278793          	addi	a5,a5,1842 # 80003008 <thread_cnt>
    800008de:	439c                	lw	a5,0(a5)
    800008e0:	2781                	sext.w	a5,a5
    800008e2:	37fd                	addiw	a5,a5,-1
    800008e4:	0007871b          	sext.w	a4,a5
    800008e8:	00002797          	auipc	a5,0x2
    800008ec:	72078793          	addi	a5,a5,1824 # 80003008 <thread_cnt>
    800008f0:	c398                	sw	a4,0(a5)
            mux_unlock();
    800008f2:	943ff0ef          	jal	ra,80000234 <mux_unlock>
            funct(din0, din1, dout);
    800008f6:	fe843783          	ld	a5,-24(s0)
    800008fa:	fd043603          	ld	a2,-48(s0)
    800008fe:	fd843583          	ld	a1,-40(s0)
    80000902:	fe043503          	ld	a0,-32(s0)
    80000906:	9782                	jalr	a5
        if ((thread_ridx < thread_widx) && (thread_cnt >0)) {
    80000908:	a831                	j	80000924 <thread_run+0x168>
        }
        else if (thread_cnt > 0) {
    8000090a:	00002797          	auipc	a5,0x2
    8000090e:	6fe78793          	addi	a5,a5,1790 # 80003008 <thread_cnt>
    80000912:	439c                	lw	a5,0(a5)
    80000914:	2781                	sext.w	a5,a5
    80000916:	c781                	beqz	a5,8000091e <thread_run+0x162>
            mux_unlock();
    80000918:	91dff0ef          	jal	ra,80000234 <mux_unlock>
    8000091c:	b565                	j	800007c4 <thread_run+0x8>
        }
        else {
            mux_unlock();
    8000091e:	917ff0ef          	jal	ra,80000234 <mux_unlock>
            break;
    80000922:	a011                	j	80000926 <thread_run+0x16a>
        mux_lock();
    80000924:	b545                	j	800007c4 <thread_run+0x8>
        }
    }
    return;
    80000926:	0001                	nop
}
    80000928:	70a2                	ld	ra,40(sp)
    8000092a:	7402                	ld	s0,32(sp)
    8000092c:	6145                	addi	sp,sp,48
    8000092e:	8082                	ret

0000000080000930 <thread_join>:

void thread_join() {
    80000930:	1101                	addi	sp,sp,-32
    80000932:	ec06                	sd	ra,24(sp)
    80000934:	e822                	sd	s0,16(sp)
    80000936:	1000                	addi	s0,sp,32
    _thread0_entry();
    80000938:	f38ff0ef          	jal	ra,80000070 <_thread0_entry>

    uint32_t core_status = 0;
    8000093c:	fe042623          	sw	zero,-20(s0)

    while (1) {
        core_status = 0;
    80000940:	fe042623          	sw	zero,-20(s0)
        core_status += read_flag0();
    80000944:	991ff0ef          	jal	ra,800002d4 <read_flag0>
    80000948:	87aa                	mv	a5,a0
    8000094a:	2781                	sext.w	a5,a5
    8000094c:	fec42703          	lw	a4,-20(s0)
    80000950:	9fb9                	addw	a5,a5,a4
    80000952:	fef42623          	sw	a5,-20(s0)
        // core_status += read_flag3();
        // core_status += read_flag4();
        // core_status += read_flag5();
        // core_status += read_flag6();
        // core_status += read_flag7();
        if (core_status == 0) break;
    80000956:	fec42783          	lw	a5,-20(s0)
    8000095a:	2781                	sext.w	a5,a5
    8000095c:	c391                	beqz	a5,80000960 <thread_join+0x30>
        core_status = 0;
    8000095e:	b7cd                	j	80000940 <thread_join+0x10>
        if (core_status == 0) break;
    80000960:	0001                	nop
    }
}
    80000962:	0001                	nop
    80000964:	60e2                	ld	ra,24(sp)
    80000966:	6442                	ld	s0,16(sp)
    80000968:	6105                	addi	sp,sp,32
    8000096a:	8082                	ret

000000008000096c <crc32>:
uint32_t crc0;
uint32_t crc1;
uint32_t crc2;
uint32_t crc3;

void crc32(const uint8_t* data, unsigned int* len, unsigned int *crc) {
    8000096c:	715d                	addi	sp,sp,-80
    8000096e:	e4a2                	sd	s0,72(sp)
    80000970:	0880                	addi	s0,sp,80
    80000972:	fca43423          	sd	a0,-56(s0)
    80000976:	fcb43023          	sd	a1,-64(s0)
    8000097a:	fac43c23          	sd	a2,-72(s0)
  unsigned int checksum = 0xFFFFFFFF; // Initial CRC value
    8000097e:	57fd                	li	a5,-1
    80000980:	fef42623          	sw	a5,-20(s0)
  unsigned int length = *len;
    80000984:	fc043783          	ld	a5,-64(s0)
    80000988:	439c                	lw	a5,0(a5)
    8000098a:	fef42023          	sw	a5,-32(s0)
  
  for (int i = 0; i < length; ++i) {
    8000098e:	fe042423          	sw	zero,-24(s0)
    80000992:	a8bd                	j	80000a10 <crc32+0xa4>
      uint8_t byte = data[i];
    80000994:	fe842783          	lw	a5,-24(s0)
    80000998:	fc843703          	ld	a4,-56(s0)
    8000099c:	97ba                	add	a5,a5,a4
    8000099e:	0007c783          	lbu	a5,0(a5)
    800009a2:	fcf40fa3          	sb	a5,-33(s0)
      checksum ^= byte;
    800009a6:	fdf44783          	lbu	a5,-33(s0)
    800009aa:	2781                	sext.w	a5,a5
    800009ac:	fec42703          	lw	a4,-20(s0)
    800009b0:	8fb9                	xor	a5,a5,a4
    800009b2:	fef42623          	sw	a5,-20(s0)

      for (int j = 0; j < 8; ++j) {
    800009b6:	fe042223          	sw	zero,-28(s0)
    800009ba:	a83d                	j	800009f8 <crc32+0x8c>
          if (checksum & 1) {
    800009bc:	fec42783          	lw	a5,-20(s0)
    800009c0:	8b85                	andi	a5,a5,1
    800009c2:	2781                	sext.w	a5,a5
    800009c4:	cf99                	beqz	a5,800009e2 <crc32+0x76>
            checksum = (checksum >> 1) ^ 0xEDB88320; // Polynomial: 0xEDB88320 (reversed)
    800009c6:	fec42783          	lw	a5,-20(s0)
    800009ca:	0017d79b          	srliw	a5,a5,0x1
    800009ce:	2781                	sext.w	a5,a5
    800009d0:	873e                	mv	a4,a5
    800009d2:	edb887b7          	lui	a5,0xedb88
    800009d6:	32078793          	addi	a5,a5,800 # ffffffffedb88320 <crc3+0xffffffff6db85308>
    800009da:	8fb9                	xor	a5,a5,a4
    800009dc:	fef42623          	sw	a5,-20(s0)
    800009e0:	a039                	j	800009ee <crc32+0x82>
          } else {
            checksum >>= 1;
    800009e2:	fec42783          	lw	a5,-20(s0)
    800009e6:	0017d79b          	srliw	a5,a5,0x1
    800009ea:	fef42623          	sw	a5,-20(s0)
      for (int j = 0; j < 8; ++j) {
    800009ee:	fe442783          	lw	a5,-28(s0)
    800009f2:	2785                	addiw	a5,a5,1
    800009f4:	fef42223          	sw	a5,-28(s0)
    800009f8:	fe442783          	lw	a5,-28(s0)
    800009fc:	0007871b          	sext.w	a4,a5
    80000a00:	479d                	li	a5,7
    80000a02:	fae7dde3          	bge	a5,a4,800009bc <crc32+0x50>
  for (int i = 0; i < length; ++i) {
    80000a06:	fe842783          	lw	a5,-24(s0)
    80000a0a:	2785                	addiw	a5,a5,1
    80000a0c:	fef42423          	sw	a5,-24(s0)
    80000a10:	fe842703          	lw	a4,-24(s0)
    80000a14:	fe042783          	lw	a5,-32(s0)
    80000a18:	2781                	sext.w	a5,a5
    80000a1a:	f6f76de3          	bltu	a4,a5,80000994 <crc32+0x28>
          }
      }
  }

  *crc = ~checksum;
    80000a1e:	fec42783          	lw	a5,-20(s0)
    80000a22:	fff7c793          	not	a5,a5
    80000a26:	0007871b          	sext.w	a4,a5
    80000a2a:	fb843783          	ld	a5,-72(s0)
    80000a2e:	c398                	sw	a4,0(a5)
}
    80000a30:	0001                	nop
    80000a32:	6426                	ld	s0,72(sp)
    80000a34:	6161                	addi	sp,sp,80
    80000a36:	8082                	ret

0000000080000a38 <main>:

int main(int hartid, char **argv) {
    80000a38:	7179                	addi	sp,sp,-48
    80000a3a:	f406                	sd	ra,40(sp)
    80000a3c:	f022                	sd	s0,32(sp)
    80000a3e:	1800                	addi	s0,sp,48
    80000a40:	87aa                	mv	a5,a0
    80000a42:	fcb43823          	sd	a1,-48(s0)
    80000a46:	fcf42e23          	sw	a5,-36(s0)

  REG32(uart, UART_REG_TXCTRL) = UART_TXEN;
    80000a4a:	640007b7          	lui	a5,0x64000
    80000a4e:	07a1                	addi	a5,a5,8 # 64000008 <_prog_start-0x1bfffff8>
    80000a50:	4705                	li	a4,1
    80000a52:	c398                	sw	a4,0(a5)

  uint32_t len0 = sizeof(data_buf0);
    80000a54:	47a1                	li	a5,8
    80000a56:	fef42623          	sw	a5,-20(s0)
  uint32_t len1 = sizeof(data_buf1);
    80000a5a:	47a1                	li	a5,8
    80000a5c:	fef42423          	sw	a5,-24(s0)
  uint32_t len2 = sizeof(data_buf2);
    80000a60:	47a1                	li	a5,8
    80000a62:	fef42223          	sw	a5,-28(s0)
  uint32_t len3 = sizeof(data_buf3);
    80000a66:	47a1                	li	a5,8
    80000a68:	fef42023          	sw	a5,-32(s0)


  // Init number of thread
  thread_init(4);
    80000a6c:	4511                	li	a0,4
    80000a6e:	bffff0ef          	jal	ra,8000066c <thread_init>
  
  // Calculate
  thread_create(crc32, data_buf0, &len0, &crc0);
    80000a72:	fec40793          	addi	a5,s0,-20
    80000a76:	00002697          	auipc	a3,0x2
    80000a7a:	59668693          	addi	a3,a3,1430 # 8000300c <crc0>
    80000a7e:	863e                	mv	a2,a5
    80000a80:	00000597          	auipc	a1,0x0
    80000a84:	11058593          	addi	a1,a1,272 # 80000b90 <data_buf0>
    80000a88:	00000517          	auipc	a0,0x0
    80000a8c:	ee450513          	addi	a0,a0,-284 # 8000096c <crc32>
    80000a90:	c23ff0ef          	jal	ra,800006b2 <thread_create>
  thread_create(crc32, data_buf1, &len1, &crc1);
    80000a94:	fe840793          	addi	a5,s0,-24
    80000a98:	00002697          	auipc	a3,0x2
    80000a9c:	57868693          	addi	a3,a3,1400 # 80003010 <crc1>
    80000aa0:	863e                	mv	a2,a5
    80000aa2:	00000597          	auipc	a1,0x0
    80000aa6:	0f658593          	addi	a1,a1,246 # 80000b98 <data_buf1>
    80000aaa:	00000517          	auipc	a0,0x0
    80000aae:	ec250513          	addi	a0,a0,-318 # 8000096c <crc32>
    80000ab2:	c01ff0ef          	jal	ra,800006b2 <thread_create>
  thread_create(crc32, data_buf2, &len2, &crc2);
    80000ab6:	fe440793          	addi	a5,s0,-28
    80000aba:	00002697          	auipc	a3,0x2
    80000abe:	55a68693          	addi	a3,a3,1370 # 80003014 <crc2>
    80000ac2:	863e                	mv	a2,a5
    80000ac4:	00000597          	auipc	a1,0x0
    80000ac8:	0dc58593          	addi	a1,a1,220 # 80000ba0 <data_buf2>
    80000acc:	00000517          	auipc	a0,0x0
    80000ad0:	ea050513          	addi	a0,a0,-352 # 8000096c <crc32>
    80000ad4:	bdfff0ef          	jal	ra,800006b2 <thread_create>
  thread_create(crc32, data_buf3, &len3, &crc3);
    80000ad8:	fe040793          	addi	a5,s0,-32
    80000adc:	00002697          	auipc	a3,0x2
    80000ae0:	53c68693          	addi	a3,a3,1340 # 80003018 <crc3>
    80000ae4:	863e                	mv	a2,a5
    80000ae6:	00000597          	auipc	a1,0x0
    80000aea:	0c258593          	addi	a1,a1,194 # 80000ba8 <data_buf3>
    80000aee:	00000517          	auipc	a0,0x0
    80000af2:	e7e50513          	addi	a0,a0,-386 # 8000096c <crc32>
    80000af6:	bbdff0ef          	jal	ra,800006b2 <thread_create>
  thread_join();
    80000afa:	e37ff0ef          	jal	ra,80000930 <thread_join>
 

  // Stop here to check your result
  while (1);
    80000afe:	0001                	nop
    80000b00:	bffd                	j	80000afe <main+0xc6>
	...

Disassembly of section .srodata:

0000000080000b48 <uart>:
static volatile uint32_t * const uart = (void *)(UART_CTRL_ADDR);
    80000b48:	0000                	unimp
    80000b4a:	6400                	ld	s0,8(s0)
    80000b4c:	0000                	unimp
	...

0000000080000b50 <uart>:
    80000b50:	0000                	unimp
    80000b52:	6400                	ld	s0,8(s0)
    80000b54:	0000                	unimp
	...

Disassembly of section .sdata:

0000000080000b58 <thread_queue>:
void **thread_queue = (void *)(THREAD_QUEUE_ADDR + 16);
    80000b58:	3010                	.2byte	0x3010
    80000b5a:	4000                	lw	s0,0(s0)
    80000b5c:	0000                	unimp
	...

0000000080000b60 <msip>:
static volatile uint32_t *msip  = (uint32_t *)(CLINT_CTRL_ADDR);
    80000b60:	0000                	unimp
    80000b62:	0200                	addi	s0,sp,256
    80000b64:	0000                	unimp
	...

0000000080000b68 <core0>:
static volatile uint32_t *core0 = (void *)(CLINT_CTRL_ADDR + CLINT_MSIP0);
    80000b68:	0000                	unimp
    80000b6a:	0200                	addi	s0,sp,256
    80000b6c:	0000                	unimp
	...

0000000080000b70 <core1>:
static volatile uint32_t *core1 = (void *)(CLINT_CTRL_ADDR + CLINT_MSIP1);
    80000b70:	0004                	.2byte	0x4
    80000b72:	0200                	addi	s0,sp,256
    80000b74:	0000                	unimp
	...

0000000080000b78 <core2>:
static volatile uint32_t *core2 = (void *)(CLINT_CTRL_ADDR + CLINT_MSIP2);
    80000b78:	0008                	.2byte	0x8
    80000b7a:	0200                	addi	s0,sp,256
    80000b7c:	0000                	unimp
	...

0000000080000b80 <core3>:
static volatile uint32_t *core3 = (void *)(CLINT_CTRL_ADDR + CLINT_MSIP3);
    80000b80:	000c                	.2byte	0xc
    80000b82:	0200                	addi	s0,sp,256
    80000b84:	0000                	unimp
	...

0000000080000b88 <dump>:
static volatile mat_t *dump  = (mat_t*)(THREAD_QUEUE_ADDR);
    80000b88:	3000                	.2byte	0x3000
    80000b8a:	4000                	lw	s0,0(s0)
    80000b8c:	0000                	unimp
	...

0000000080000b90 <data_buf0>:
uint8_t data_buf0[] = {0x01, 0x02, 0x03, 0x04, 0x05, 0x06, 0x07, 0x08};
    80000b90:	0201                	addi	tp,tp,0 # 0 <_prog_start-0x80000000>
    80000b92:	06050403          	lb	s0,96(a0)
    80000b96:	          	.4byte	0x12110807

0000000080000b98 <data_buf1>:
uint8_t data_buf1[] = {0x11, 0x12, 0x13, 0x14, 0x15, 0x16, 0x17, 0x18};
    80000b98:	1211                	addi	tp,tp,-28 # ffffffffffffffe4 <crc3+0xffffffff7fffcfcc>
    80000b9a:	16151413          	.4byte	0x16151413
    80000b9e:	          	auipc	a6,0x22211

0000000080000ba0 <data_buf2>:
uint8_t data_buf2[] = {0x21, 0x22, 0x23, 0x24, 0x25, 0x26, 0x27, 0x28};
    80000ba0:	2221                	addiw	tp,tp,8 # 8 <_prog_start-0x7ffffff8>
    80000ba2:	26252423          	sw	sp,616(a0)
    80000ba6:	          	.4byte	0x32312827

0000000080000ba8 <data_buf3>:
uint8_t data_buf3[] = {0x31, 0x32, 0x33, 0x34, 0x35, 0x36, 0x37, 0x38};
    80000ba8:	3231                	addiw	tp,tp,-20 # ffffffffffffffec <crc3+0xffffffff7fffcfd4>
    80000baa:	36353433          	.4byte	0x36353433
    80000bae:	37 38             	Address 0x0000000080000bae is out of bounds.


Disassembly of section .rodata:

0000000080000bb0 <.rodata>:
    80000bb0:	fa46                	sd	a7,304(sp)
    80000bb2:	ffff                	.2byte	0xffff
    80000bb4:	fa60                	sd	s0,240(a2)
    80000bb6:	ffff                	.2byte	0xffff
    80000bb8:	fa60                	sd	s0,240(a2)
    80000bba:	ffff                	.2byte	0xffff
    80000bbc:	fa60                	sd	s0,240(a2)
    80000bbe:	ffff                	.2byte	0xffff
    80000bc0:	fa60                	sd	s0,240(a2)
    80000bc2:	ffff                	.2byte	0xffff
    80000bc4:	f97a                	sd	t5,176(sp)
    80000bc6:	ffff                	.2byte	0xffff
    80000bc8:	fa60                	sd	s0,240(a2)
    80000bca:	ffff                	.2byte	0xffff
    80000bcc:	fa60                	sd	s0,240(a2)
    80000bce:	ffff                	.2byte	0xffff
    80000bd0:	fa60                	sd	s0,240(a2)
    80000bd2:	ffff                	.2byte	0xffff
    80000bd4:	f892                	sd	tp,112(sp)
    80000bd6:	ffff                	.2byte	0xffff
    80000bd8:	fa60                	sd	s0,240(a2)
    80000bda:	ffff                	.2byte	0xffff
    80000bdc:	fa60                	sd	s0,240(a2)
    80000bde:	ffff                	.2byte	0xffff
    80000be0:	fa60                	sd	s0,240(a2)
    80000be2:	ffff                	.2byte	0xffff
    80000be4:	fa60                	sd	s0,240(a2)
    80000be6:	ffff                	.2byte	0xffff
    80000be8:	fa60                	sd	s0,240(a2)
    80000bea:	ffff                	.2byte	0xffff
    80000bec:	fa60                	sd	s0,240(a2)
    80000bee:	ffff                	.2byte	0xffff
    80000bf0:	fa30                	sd	a2,112(a2)
    80000bf2:	ffff                	.2byte	0xffff
    80000bf4:	fa60                	sd	s0,240(a2)
    80000bf6:	ffff                	.2byte	0xffff
    80000bf8:	fa60                	sd	s0,240(a2)
    80000bfa:	ffff                	.2byte	0xffff
    80000bfc:	fa60                	sd	s0,240(a2)
    80000bfe:	ffff                	.2byte	0xffff
    80000c00:	fa60                	sd	s0,240(a2)
    80000c02:	ffff                	.2byte	0xffff
    80000c04:	f982                	sd	zero,240(sp)
    80000c06:	ffff                	.2byte	0xffff

Disassembly of section .bss:

0000000080003000 <thread_widx>:
volatile uint32_t thread_widx = 0;
    80003000:	0000                	unimp
	...

0000000080003004 <thread_ridx>:
volatile uint32_t thread_ridx = 0;
    80003004:	0000                	unimp
	...

0000000080003008 <thread_cnt>:
volatile uint32_t thread_cnt  = 0;
    80003008:	0000                	unimp
	...

000000008000300c <crc0>:
uint32_t crc0;
    8000300c:	0000                	unimp
	...

0000000080003010 <crc1>:
uint32_t crc1;
    80003010:	0000                	unimp
	...

0000000080003014 <crc2>:
uint32_t crc2;
    80003014:	0000                	unimp
	...

0000000080003018 <crc3>:
	...

Disassembly of section .riscv.attributes:

0000000000000000 <.riscv.attributes>:
   0:	2e41                	addiw	t3,t3,16
   2:	0000                	unimp
   4:	7200                	ld	s0,32(a2)
   6:	7369                	lui	t1,0xffffa
   8:	01007663          	bgeu	zero,a6,14 <_prog_start-0x7fffffec>
   c:	0024                	addi	s1,sp,8
   e:	0000                	unimp
  10:	1004                	addi	s1,sp,32
  12:	7205                	lui	tp,0xfffe1
  14:	3676                	.2byte	0x3676
  16:	6934                	ld	a3,80(a0)
  18:	7032                	.2byte	0x7032
  1a:	5f30                	lw	a2,120(a4)
  1c:	326d                	addiw	tp,tp,-5 # fffffffffffe0ffb <crc3+0xffffffff7ffddfe3>
  1e:	3070                	.2byte	0x3070
  20:	615f 7032 5f30      	.byte	0x5f, 0x61, 0x32, 0x70, 0x30, 0x5f
  26:	30703263          	.4byte	0x30703263
  2a:	0800                	addi	s0,sp,16
  2c:	0a01                	addi	s4,s4,0
  2e:	0b              	Address 0x000000000000002e is out of bounds.


Disassembly of section .comment:

0000000000000000 <.comment>:
   0:	3a434347          	.4byte	0x3a434347
   4:	2820                	.2byte	0x2820
   6:	65653267          	.4byte	0x65653267
   a:	6535                	lui	a0,0xd
   c:	3334                	.2byte	0x3334
   e:	3030                	.2byte	0x3030
  10:	3831                	addiw	a6,a6,-20 # ffffffffa2211b8a <crc3+0xffffffff2220eb72>
  12:	2029                	.2byte	0x2029
  14:	3231                	addiw	tp,tp,-20 # ffffffffffffffec <crc3+0xffffffff7fffcfd4>
  16:	322e                	.2byte	0x322e
  18:	302e                	.2byte	0x302e
	...

Disassembly of section .debug_line:

0000000000000000 <.debug_line>:
   0:	0302                	c.slli64	t1
   2:	0000                	unimp
   4:	0005                	c.nop	1
   6:	0008                	.2byte	0x8
   8:	002e                	c.slli	zero,0xb
   a:	0000                	unimp
   c:	0101                	addi	sp,sp,0
   e:	fb01                	bnez	a4,ffffffffffffff1e <crc3+0xffffffff7fffcf06>
  10:	0d0e                	slli	s10,s10,0x3
  12:	0100                	addi	s0,sp,128
  14:	0101                	addi	sp,sp,0
  16:	0001                	nop
  18:	0000                	unimp
  1a:	0001                	nop
  1c:	0100                	addi	s0,sp,128
  1e:	0101                	addi	sp,sp,0
  20:	021f 0000 0000      	.byte	0x1f, 0x02, 0x00, 0x00, 0x00, 0x00
  26:	0044                	addi	s1,sp,4
  28:	0000                	unimp
  2a:	0102                	c.slli64	sp
  2c:	021f 020f 008c      	.byte	0x1f, 0x02, 0x0f, 0x02, 0x8c, 0x00
  32:	0000                	unimp
  34:	8c01                	sub	s0,s0,s0
  36:	0000                	unimp
  38:	0100                	addi	s0,sp,128
  3a:	0900                	addi	s0,sp,144
  3c:	0002                	c.slli64	zero
  3e:	0000                	unimp
  40:	0080                	addi	s0,sp,64
  42:	0000                	unimp
  44:	0300                	addi	s0,sp,384
  46:	010c                	addi	a1,sp,128
  48:	04090103          	lb	sp,64(s2)
  4c:	0100                	addi	s0,sp,128
  4e:	04090103          	lb	sp,64(s2)
  52:	0100                	addi	s0,sp,128
  54:	04090103          	lb	sp,64(s2)
  58:	0100                	addi	s0,sp,128
  5a:	04090103          	lb	sp,64(s2)
  5e:	0100                	addi	s0,sp,128
  60:	04090103          	lb	sp,64(s2)
  64:	0100                	addi	s0,sp,128
  66:	04090203          	lb	tp,64(s2)
  6a:	0100                	addi	s0,sp,128
  6c:	04090603          	lb	a2,64(s2)
  70:	0100                	addi	s0,sp,128
  72:	04090103          	lb	sp,64(s2)
  76:	0100                	addi	s0,sp,128
  78:	04090103          	lb	sp,64(s2)
  7c:	0100                	addi	s0,sp,128
  7e:	08090103          	lb	sp,128(s2)
  82:	0100                	addi	s0,sp,128
  84:	04090103          	lb	sp,64(s2)
  88:	0100                	addi	s0,sp,128
  8a:	04090203          	lb	tp,64(s2)
  8e:	0100                	addi	s0,sp,128
  90:	04090103          	lb	sp,64(s2)
  94:	0100                	addi	s0,sp,128
  96:	04090103          	lb	sp,64(s2)
  9a:	0100                	addi	s0,sp,128
  9c:	08090103          	lb	sp,128(s2)
  a0:	0100                	addi	s0,sp,128
  a2:	04090103          	lb	sp,64(s2)
  a6:	0100                	addi	s0,sp,128
  a8:	04090203          	lb	tp,64(s2)
  ac:	0100                	addi	s0,sp,128
  ae:	04090103          	lb	sp,64(s2)
  b2:	0100                	addi	s0,sp,128
  b4:	04090103          	lb	sp,64(s2)
  b8:	0100                	addi	s0,sp,128
  ba:	04090203          	lb	tp,64(s2)
  be:	0100                	addi	s0,sp,128
  c0:	04090103          	lb	sp,64(s2)
  c4:	0100                	addi	s0,sp,128
  c6:	04090103          	lb	sp,64(s2)
  ca:	0100                	addi	s0,sp,128
  cc:	04090103          	lb	sp,64(s2)
  d0:	0100                	addi	s0,sp,128
  d2:	04090103          	lb	sp,64(s2)
  d6:	0100                	addi	s0,sp,128
  d8:	04090103          	lb	sp,64(s2)
  dc:	0100                	addi	s0,sp,128
  de:	04090303          	lb	t1,64(s2)
  e2:	0100                	addi	s0,sp,128
  e4:	04090103          	lb	sp,64(s2)
  e8:	0100                	addi	s0,sp,128
  ea:	04090103          	lb	sp,64(s2)
  ee:	0100                	addi	s0,sp,128
  f0:	04090103          	lb	sp,64(s2)
  f4:	0100                	addi	s0,sp,128
  f6:	04090103          	lb	sp,64(s2)
  fa:	0100                	addi	s0,sp,128
  fc:	04090103          	lb	sp,64(s2)
 100:	0100                	addi	s0,sp,128
 102:	04090103          	lb	sp,64(s2)
 106:	0100                	addi	s0,sp,128
 108:	04090103          	lb	sp,64(s2)
 10c:	0100                	addi	s0,sp,128
 10e:	04090103          	lb	sp,64(s2)
 112:	0100                	addi	s0,sp,128
 114:	04090103          	lb	sp,64(s2)
 118:	0100                	addi	s0,sp,128
 11a:	04090103          	lb	sp,64(s2)
 11e:	0100                	addi	s0,sp,128
 120:	04090103          	lb	sp,64(s2)
 124:	0100                	addi	s0,sp,128
 126:	04090103          	lb	sp,64(s2)
 12a:	0100                	addi	s0,sp,128
 12c:	04090103          	lb	sp,64(s2)
 130:	0100                	addi	s0,sp,128
 132:	04090103          	lb	sp,64(s2)
 136:	0100                	addi	s0,sp,128
 138:	04090103          	lb	sp,64(s2)
 13c:	0100                	addi	s0,sp,128
 13e:	04090103          	lb	sp,64(s2)
 142:	0100                	addi	s0,sp,128
 144:	04090103          	lb	sp,64(s2)
 148:	0100                	addi	s0,sp,128
 14a:	04090103          	lb	sp,64(s2)
 14e:	0100                	addi	s0,sp,128
 150:	04090103          	lb	sp,64(s2)
 154:	0100                	addi	s0,sp,128
 156:	04090103          	lb	sp,64(s2)
 15a:	0100                	addi	s0,sp,128
 15c:	04090103          	lb	sp,64(s2)
 160:	0100                	addi	s0,sp,128
 162:	04090103          	lb	sp,64(s2)
 166:	0100                	addi	s0,sp,128
 168:	04090103          	lb	sp,64(s2)
 16c:	0100                	addi	s0,sp,128
 16e:	04090103          	lb	sp,64(s2)
 172:	0100                	addi	s0,sp,128
 174:	04090103          	lb	sp,64(s2)
 178:	0100                	addi	s0,sp,128
 17a:	04090103          	lb	sp,64(s2)
 17e:	0100                	addi	s0,sp,128
 180:	04090103          	lb	sp,64(s2)
 184:	0100                	addi	s0,sp,128
 186:	04090103          	lb	sp,64(s2)
 18a:	0100                	addi	s0,sp,128
 18c:	04090103          	lb	sp,64(s2)
 190:	0100                	addi	s0,sp,128
 192:	04090103          	lb	sp,64(s2)
 196:	0100                	addi	s0,sp,128
 198:	04090103          	lb	sp,64(s2)
 19c:	0100                	addi	s0,sp,128
 19e:	04090103          	lb	sp,64(s2)
 1a2:	0100                	addi	s0,sp,128
 1a4:	04090203          	lb	tp,64(s2)
 1a8:	0100                	addi	s0,sp,128
 1aa:	08090103          	lb	sp,128(s2)
 1ae:	0100                	addi	s0,sp,128
 1b0:	04090103          	lb	sp,64(s2)
 1b4:	0100                	addi	s0,sp,128
 1b6:	08090103          	lb	sp,128(s2)
 1ba:	0100                	addi	s0,sp,128
 1bc:	04090203          	lb	tp,64(s2)
 1c0:	0100                	addi	s0,sp,128
 1c2:	04090103          	lb	sp,64(s2)
 1c6:	0100                	addi	s0,sp,128
 1c8:	04090203          	lb	tp,64(s2)
 1cc:	0100                	addi	s0,sp,128
 1ce:	04090103          	lb	sp,64(s2)
 1d2:	0100                	addi	s0,sp,128
 1d4:	04090303          	lb	t1,64(s2)
 1d8:	0100                	addi	s0,sp,128
 1da:	08090103          	lb	sp,128(s2)
 1de:	0100                	addi	s0,sp,128
 1e0:	04090103          	lb	sp,64(s2)
 1e4:	0100                	addi	s0,sp,128
 1e6:	04090103          	lb	sp,64(s2)
 1ea:	0100                	addi	s0,sp,128
 1ec:	04090103          	lb	sp,64(s2)
 1f0:	0100                	addi	s0,sp,128
 1f2:	04090103          	lb	sp,64(s2)
 1f6:	0100                	addi	s0,sp,128
 1f8:	04090103          	lb	sp,64(s2)
 1fc:	0100                	addi	s0,sp,128
 1fe:	04090103          	lb	sp,64(s2)
 202:	0100                	addi	s0,sp,128
 204:	04090103          	lb	sp,64(s2)
 208:	0100                	addi	s0,sp,128
 20a:	04090103          	lb	sp,64(s2)
 20e:	0100                	addi	s0,sp,128
 210:	04090103          	lb	sp,64(s2)
 214:	0100                	addi	s0,sp,128
 216:	04090103          	lb	sp,64(s2)
 21a:	0100                	addi	s0,sp,128
 21c:	04090103          	lb	sp,64(s2)
 220:	0100                	addi	s0,sp,128
 222:	04090103          	lb	sp,64(s2)
 226:	0100                	addi	s0,sp,128
 228:	04090103          	lb	sp,64(s2)
 22c:	0100                	addi	s0,sp,128
 22e:	04090103          	lb	sp,64(s2)
 232:	0100                	addi	s0,sp,128
 234:	04090103          	lb	sp,64(s2)
 238:	0100                	addi	s0,sp,128
 23a:	04090103          	lb	sp,64(s2)
 23e:	0100                	addi	s0,sp,128
 240:	04090103          	lb	sp,64(s2)
 244:	0100                	addi	s0,sp,128
 246:	04090103          	lb	sp,64(s2)
 24a:	0100                	addi	s0,sp,128
 24c:	04090103          	lb	sp,64(s2)
 250:	0100                	addi	s0,sp,128
 252:	04090103          	lb	sp,64(s2)
 256:	0100                	addi	s0,sp,128
 258:	04090103          	lb	sp,64(s2)
 25c:	0100                	addi	s0,sp,128
 25e:	04090103          	lb	sp,64(s2)
 262:	0100                	addi	s0,sp,128
 264:	04090103          	lb	sp,64(s2)
 268:	0100                	addi	s0,sp,128
 26a:	04090103          	lb	sp,64(s2)
 26e:	0100                	addi	s0,sp,128
 270:	04090103          	lb	sp,64(s2)
 274:	0100                	addi	s0,sp,128
 276:	04090103          	lb	sp,64(s2)
 27a:	0100                	addi	s0,sp,128
 27c:	04090103          	lb	sp,64(s2)
 280:	0100                	addi	s0,sp,128
 282:	04090103          	lb	sp,64(s2)
 286:	0100                	addi	s0,sp,128
 288:	04090103          	lb	sp,64(s2)
 28c:	0100                	addi	s0,sp,128
 28e:	04090103          	lb	sp,64(s2)
 292:	0100                	addi	s0,sp,128
 294:	04090103          	lb	sp,64(s2)
 298:	0100                	addi	s0,sp,128
 29a:	04090103          	lb	sp,64(s2)
 29e:	0100                	addi	s0,sp,128
 2a0:	04090103          	lb	sp,64(s2)
 2a4:	0100                	addi	s0,sp,128
 2a6:	04090203          	lb	tp,64(s2)
 2aa:	0100                	addi	s0,sp,128
 2ac:	04090103          	lb	sp,64(s2)
 2b0:	0100                	addi	s0,sp,128
 2b2:	04090103          	lb	sp,64(s2)
 2b6:	0100                	addi	s0,sp,128
 2b8:	04090103          	lb	sp,64(s2)
 2bc:	0100                	addi	s0,sp,128
 2be:	04090103          	lb	sp,64(s2)
 2c2:	0100                	addi	s0,sp,128
 2c4:	04090103          	lb	sp,64(s2)
 2c8:	0100                	addi	s0,sp,128
 2ca:	08090103          	lb	sp,128(s2)
 2ce:	0100                	addi	s0,sp,128
 2d0:	04090103          	lb	sp,64(s2)
 2d4:	0100                	addi	s0,sp,128
 2d6:	04090103          	lb	sp,64(s2)
 2da:	0100                	addi	s0,sp,128
 2dc:	04090203          	lb	tp,64(s2)
 2e0:	0100                	addi	s0,sp,128
 2e2:	04090103          	lb	sp,64(s2)
 2e6:	0100                	addi	s0,sp,128
 2e8:	04090103          	lb	sp,64(s2)
 2ec:	0100                	addi	s0,sp,128
 2ee:	10090103          	lb	sp,256(s2)
 2f2:	0100                	addi	s0,sp,128
 2f4:	04090203          	lb	tp,64(s2)
 2f8:	0100                	addi	s0,sp,128
 2fa:	04090103          	lb	sp,64(s2)
 2fe:	0100                	addi	s0,sp,128
 300:	0409                	addi	s0,s0,2
 302:	0000                	unimp
 304:	0101                	addi	sp,sp,0
 306:	01d6                	slli	gp,gp,0x15
 308:	0000                	unimp
 30a:	0005                	c.nop	1
 30c:	0008                	.2byte	0x8
 30e:	002e                	c.slli	zero,0xb
 310:	0000                	unimp
 312:	0101                	addi	sp,sp,0
 314:	fb01                	bnez	a4,224 <_prog_start-0x7ffffddc>
 316:	0d0e                	slli	s10,s10,0x3
 318:	0100                	addi	s0,sp,128
 31a:	0101                	addi	sp,sp,0
 31c:	0001                	nop
 31e:	0000                	unimp
 320:	0001                	nop
 322:	0100                	addi	s0,sp,128
 324:	0101                	addi	sp,sp,0
 326:	021f 0000 0000      	.byte	0x1f, 0x02, 0x00, 0x00, 0x00, 0x00
 32c:	0044                	addi	s1,sp,4
 32e:	0000                	unimp
 330:	0102                	c.slli64	sp
 332:	021f 020f 0093      	.byte	0x1f, 0x02, 0x0f, 0x02, 0x93, 0x00
 338:	0000                	unimp
 33a:	9301                	srli	a4,a4,0x20
 33c:	0000                	unimp
 33e:	0100                	addi	s0,sp,128
 340:	0900                	addi	s0,sp,144
 342:	f802                	sd	zero,48(sp)
 344:	0001                	nop
 346:	0080                	addi	s0,sp,64
 348:	0000                	unimp
 34a:	0300                	addi	s0,sp,384
 34c:	0116                	slli	sp,sp,0x5
 34e:	04090103          	lb	sp,64(s2)
 352:	0100                	addi	s0,sp,128
 354:	04090103          	lb	sp,64(s2)
 358:	0100                	addi	s0,sp,128
 35a:	04090103          	lb	sp,64(s2)
 35e:	0100                	addi	s0,sp,128
 360:	04090103          	lb	sp,64(s2)
 364:	0100                	addi	s0,sp,128
 366:	04090103          	lb	sp,64(s2)
 36a:	0100                	addi	s0,sp,128
 36c:	04090203          	lb	tp,64(s2)
 370:	0100                	addi	s0,sp,128
 372:	04090103          	lb	sp,64(s2)
 376:	0100                	addi	s0,sp,128
 378:	04090103          	lb	sp,64(s2)
 37c:	0100                	addi	s0,sp,128
 37e:	04090103          	lb	sp,64(s2)
 382:	0100                	addi	s0,sp,128
 384:	04090103          	lb	sp,64(s2)
 388:	0100                	addi	s0,sp,128
 38a:	04090103          	lb	sp,64(s2)
 38e:	0100                	addi	s0,sp,128
 390:	04090103          	lb	sp,64(s2)
 394:	0100                	addi	s0,sp,128
 396:	04090103          	lb	sp,64(s2)
 39a:	0100                	addi	s0,sp,128
 39c:	04090103          	lb	sp,64(s2)
 3a0:	0100                	addi	s0,sp,128
 3a2:	04090403          	lb	s0,64(s2)
 3a6:	0100                	addi	s0,sp,128
 3a8:	04090103          	lb	sp,64(s2)
 3ac:	0100                	addi	s0,sp,128
 3ae:	04090103          	lb	sp,64(s2)
 3b2:	0100                	addi	s0,sp,128
 3b4:	04090103          	lb	sp,64(s2)
 3b8:	0100                	addi	s0,sp,128
 3ba:	04090103          	lb	sp,64(s2)
 3be:	0100                	addi	s0,sp,128
 3c0:	04090103          	lb	sp,64(s2)
 3c4:	0100                	addi	s0,sp,128
 3c6:	04090103          	lb	sp,64(s2)
 3ca:	0100                	addi	s0,sp,128
 3cc:	04090103          	lb	sp,64(s2)
 3d0:	0100                	addi	s0,sp,128
 3d2:	04090203          	lb	tp,64(s2)
 3d6:	0100                	addi	s0,sp,128
 3d8:	04090103          	lb	sp,64(s2)
 3dc:	0100                	addi	s0,sp,128
 3de:	04090103          	lb	sp,64(s2)
 3e2:	0100                	addi	s0,sp,128
 3e4:	04090103          	lb	sp,64(s2)
 3e8:	0100                	addi	s0,sp,128
 3ea:	04090403          	lb	s0,64(s2)
 3ee:	0100                	addi	s0,sp,128
 3f0:	04090103          	lb	sp,64(s2)
 3f4:	0100                	addi	s0,sp,128
 3f6:	04090403          	lb	s0,64(s2)
 3fa:	0100                	addi	s0,sp,128
 3fc:	04090103          	lb	sp,64(s2)
 400:	0100                	addi	s0,sp,128
 402:	04090103          	lb	sp,64(s2)
 406:	0100                	addi	s0,sp,128
 408:	04090103          	lb	sp,64(s2)
 40c:	0100                	addi	s0,sp,128
 40e:	04090103          	lb	sp,64(s2)
 412:	0100                	addi	s0,sp,128
 414:	04090103          	lb	sp,64(s2)
 418:	0100                	addi	s0,sp,128
 41a:	04090403          	lb	s0,64(s2)
 41e:	0100                	addi	s0,sp,128
 420:	04090103          	lb	sp,64(s2)
 424:	0100                	addi	s0,sp,128
 426:	04090103          	lb	sp,64(s2)
 42a:	0100                	addi	s0,sp,128
 42c:	04090103          	lb	sp,64(s2)
 430:	0100                	addi	s0,sp,128
 432:	04090103          	lb	sp,64(s2)
 436:	0100                	addi	s0,sp,128
 438:	04090103          	lb	sp,64(s2)
 43c:	0100                	addi	s0,sp,128
 43e:	04090103          	lb	sp,64(s2)
 442:	0100                	addi	s0,sp,128
 444:	04090103          	lb	sp,64(s2)
 448:	0100                	addi	s0,sp,128
 44a:	04090103          	lb	sp,64(s2)
 44e:	0100                	addi	s0,sp,128
 450:	04090103          	lb	sp,64(s2)
 454:	0100                	addi	s0,sp,128
 456:	04090103          	lb	sp,64(s2)
 45a:	0100                	addi	s0,sp,128
 45c:	04090103          	lb	sp,64(s2)
 460:	0100                	addi	s0,sp,128
 462:	04090103          	lb	sp,64(s2)
 466:	0100                	addi	s0,sp,128
 468:	04090403          	lb	s0,64(s2)
 46c:	0100                	addi	s0,sp,128
 46e:	04090103          	lb	sp,64(s2)
 472:	0100                	addi	s0,sp,128
 474:	04090103          	lb	sp,64(s2)
 478:	0100                	addi	s0,sp,128
 47a:	04090103          	lb	sp,64(s2)
 47e:	0100                	addi	s0,sp,128
 480:	04090103          	lb	sp,64(s2)
 484:	0100                	addi	s0,sp,128
 486:	04090103          	lb	sp,64(s2)
 48a:	0100                	addi	s0,sp,128
 48c:	04090103          	lb	sp,64(s2)
 490:	0100                	addi	s0,sp,128
 492:	04090403          	lb	s0,64(s2)
 496:	0100                	addi	s0,sp,128
 498:	04090103          	lb	sp,64(s2)
 49c:	0100                	addi	s0,sp,128
 49e:	04090103          	lb	sp,64(s2)
 4a2:	0100                	addi	s0,sp,128
 4a4:	04090203          	lb	tp,64(s2)
 4a8:	0100                	addi	s0,sp,128
 4aa:	08090103          	lb	sp,128(s2)
 4ae:	0100                	addi	s0,sp,128
 4b0:	04090103          	lb	sp,64(s2)
 4b4:	0100                	addi	s0,sp,128
 4b6:	04090203          	lb	tp,64(s2)
 4ba:	0100                	addi	s0,sp,128
 4bc:	08090103          	lb	sp,128(s2)
 4c0:	0100                	addi	s0,sp,128
 4c2:	04090103          	lb	sp,64(s2)
 4c6:	0100                	addi	s0,sp,128
 4c8:	04090203          	lb	tp,64(s2)
 4cc:	0100                	addi	s0,sp,128
 4ce:	08090103          	lb	sp,128(s2)
 4d2:	0100                	addi	s0,sp,128
 4d4:	04090103          	lb	sp,64(s2)
 4d8:	0100                	addi	s0,sp,128
 4da:	0409                	addi	s0,s0,2
 4dc:	0000                	unimp
 4de:	0101                	addi	sp,sp,0
 4e0:	0396                	slli	t2,t2,0x5
 4e2:	0000                	unimp
 4e4:	0005                	c.nop	1
 4e6:	0008                	.2byte	0x8
 4e8:	0052                	c.slli	zero,0x14
 4ea:	0000                	unimp
 4ec:	0101                	addi	sp,sp,0
 4ee:	fb01                	bnez	a4,3fe <_prog_start-0x7ffffc02>
 4f0:	0d0e                	slli	s10,s10,0x3
 4f2:	0100                	addi	s0,sp,128
 4f4:	0101                	addi	sp,sp,0
 4f6:	0001                	nop
 4f8:	0000                	unimp
 4fa:	0001                	nop
 4fc:	0100                	addi	s0,sp,128
 4fe:	0101                	addi	sp,sp,0
 500:	061f 0000 0000      	.byte	0x1f, 0x06, 0x00, 0x00, 0x00, 0x00
 506:	0044                	addi	s1,sp,4
 508:	0000                	unimp
 50a:	00ee                	slli	ra,ra,0x1b
 50c:	0000                	unimp
 50e:	013a                	slli	sp,sp,0xe
 510:	0000                	unimp
 512:	01ac                	addi	a1,sp,200
 514:	0000                	unimp
 516:	00000217          	auipc	tp,0x0
 51a:	0102                	c.slli64	sp
 51c:	021f 060f 00e4      	.byte	0x1f, 0x02, 0x0f, 0x06, 0xe4, 0x00
 522:	0000                	unimp
 524:	7e01                	lui	t3,0xfffe0
 526:	0002                	c.slli64	zero
 528:	0200                	addi	s0,sp,256
 52a:	00e4                	addi	s1,sp,76
 52c:	0000                	unimp
 52e:	8801                	andi	s0,s0,0
 530:	0002                	c.slli64	zero
 532:	0300                	addi	s0,sp,384
 534:	0291                	addi	t0,t0,4
 536:	0000                	unimp
 538:	a204                	.2byte	0xa204
 53a:	0002                	c.slli64	zero
 53c:	0500                	addi	s0,sp,640
 53e:	0105                	addi	sp,sp,1
 540:	0900                	addi	s0,sp,144
 542:	1002                	c.slli	zero,0x20
 544:	00800003          	lb	zero,8(zero) # 8 <_prog_start-0x7ffffff8>
 548:	0000                	unimp
 54a:	0300                	addi	s0,sp,384
 54c:	0115                	addi	sp,sp,5
 54e:	1505                	addi	a0,a0,-31 # cfe1 <_prog_start-0x7fff301f>
 550:	0c090103          	lb	sp,192(s2)
 554:	0100                	addi	s0,sp,128
 556:	0305                	addi	t1,t1,1 # ffffffffffffa001 <crc3+0xffffffff7fff6fe9>
 558:	0200                	addi	s0,sp,256
 55a:	0104                	addi	s1,sp,128
 55c:	08090403          	lb	s0,128(s2)
 560:	0100                	addi	s0,sp,128
 562:	0d05                	addi	s10,s10,1
 564:	0200                	addi	s0,sp,256
 566:	0104                	addi	s1,sp,128
 568:	16090403          	lb	s0,352(s2)
 56c:	0100                	addi	s0,sp,128
 56e:	0105                	addi	sp,sp,1
 570:	0a090503          	lb	a0,160(s2)
 574:	0100                	addi	s0,sp,128
 576:	0204                	addi	s1,sp,256
 578:	0a096503          	lwu	a0,160(s2)
 57c:	0100                	addi	s0,sp,128
 57e:	0205                	addi	tp,tp,1 # 517 <_prog_start-0x7ffffae9>
 580:	0c090203          	lb	tp,192(s2)
 584:	0100                	addi	s0,sp,128
 586:	0305                	addi	t1,t1,1
 588:	0200                	addi	s0,sp,256
 58a:	0204                	addi	s1,sp,256
 58c:	02090103          	lb	sp,32(s2)
 590:	0100                	addi	s0,sp,128
 592:	1c05                	addi	s8,s8,-31
 594:	0200                	addi	s0,sp,256
 596:	0204                	addi	s1,sp,256
 598:	0a097f03          	.4byte	0xa097f03
 59c:	0100                	addi	s0,sp,128
 59e:	0c05                	addi	s8,s8,1
 5a0:	0200                	addi	s0,sp,256
 5a2:	0104                	addi	s1,sp,128
 5a4:	0a090003          	lb	zero,160(s2)
 5a8:	0100                	addi	s0,sp,128
 5aa:	1205                	addi	tp,tp,-31 # ffffffffffffffe1 <crc3+0xffffffff7fffcfc9>
 5ac:	0200                	addi	s0,sp,256
 5ae:	0104                	addi	s1,sp,128
 5b0:	0c090003          	lb	zero,192(s2)
 5b4:	0100                	addi	s0,sp,128
 5b6:	0105                	addi	sp,sp,1
 5b8:	0a090203          	lb	tp,160(s2)
 5bc:	0100                	addi	s0,sp,128
 5be:	0c090303          	lb	t1,192(s2)
 5c2:	0100                	addi	s0,sp,128
 5c4:	0205                	addi	tp,tp,1 # 1 <_prog_start-0x7fffffff>
 5c6:	0c090103          	lb	sp,192(s2)
 5ca:	0100                	addi	s0,sp,128
 5cc:	08090103          	lb	sp,128(s2)
 5d0:	0100                	addi	s0,sp,128
 5d2:	06090103          	lb	sp,96(s2)
 5d6:	0100                	addi	s0,sp,128
 5d8:	0105                	addi	sp,sp,1
 5da:	06090103          	lb	sp,96(s2)
 5de:	0100                	addi	s0,sp,128
 5e0:	0a090303          	lb	t1,160(s2)
 5e4:	0100                	addi	s0,sp,128
 5e6:	0205                	addi	tp,tp,1 # 1 <_prog_start-0x7fffffff>
 5e8:	1e090503          	lb	a0,480(s2)
 5ec:	0100                	addi	s0,sp,128
 5ee:	0c05                	addi	s8,s8,1
 5f0:	14090103          	lb	sp,320(s2)
 5f4:	0100                	addi	s0,sp,128
 5f6:	0a05                	addi	s4,s4,1
 5f8:	04090103          	lb	sp,64(s2)
 5fc:	0100                	addi	s0,sp,128
 5fe:	04090103          	lb	sp,64(s2)
 602:	0100                	addi	s0,sp,128
 604:	0805                	addi	a6,a6,1
 606:	04090103          	lb	sp,64(s2)
 60a:	0100                	addi	s0,sp,128
 60c:	0605                	addi	a2,a2,1
 60e:	02090103          	lb	sp,32(s2)
 612:	0100                	addi	s0,sp,128
 614:	0405                	addi	s0,s0,1
 616:	0c090103          	lb	sp,192(s2)
 61a:	0100                	addi	s0,sp,128
 61c:	0705                	addi	a4,a4,1
 61e:	3a090303          	lb	t1,928(s2)
 622:	0100                	addi	s0,sp,128
 624:	0e05                	addi	t3,t3,1 # fffffffffffe0001 <crc3+0xffffffff7ffdcfe9>
 626:	12090203          	lb	tp,288(s2)
 62a:	0100                	addi	s0,sp,128
 62c:	0505                	addi	a0,a0,1
 62e:	04090003          	lb	zero,64(s2)
 632:	0100                	addi	s0,sp,128
 634:	2805                	addiw	a6,a6,1
 636:	0200                	addi	s0,sp,256
 638:	0304                	addi	s1,sp,384
 63a:	02090003          	lb	zero,32(s2)
 63e:	0100                	addi	s0,sp,128
 640:	1f05                	addi	t5,t5,-31
 642:	0200                	addi	s0,sp,256
 644:	0304                	addi	s1,sp,384
 646:	0c090003          	lb	zero,192(s2)
 64a:	0100                	addi	s0,sp,128
 64c:	1705                	addi	a4,a4,-31
 64e:	0200                	addi	s0,sp,256
 650:	0104                	addi	s1,sp,128
 652:	0a090003          	lb	zero,160(s2)
 656:	0100                	addi	s0,sp,128
 658:	0805                	addi	a6,a6,1
 65a:	10090103          	lb	sp,256(s2)
 65e:	0100                	addi	s0,sp,128
 660:	0605                	addi	a2,a2,1
 662:	06090103          	lb	sp,96(s2)
 666:	0100                	addi	s0,sp,128
 668:	08090103          	lb	sp,128(s2)
 66c:	0100                	addi	s0,sp,128
 66e:	0f05                	addi	t5,t5,1
 670:	02090303          	lb	t1,32(s2)
 674:	0100                	addi	s0,sp,128
 676:	0605                	addi	a2,a2,1
 678:	08090003          	lb	zero,128(s2)
 67c:	0100                	addi	s0,sp,128
 67e:	2d05                	addiw	s10,s10,1
 680:	0200                	addi	s0,sp,256
 682:	0304                	addi	s1,sp,384
 684:	02090003          	lb	zero,32(s2)
 688:	0100                	addi	s0,sp,128
 68a:	2b05                	addiw	s6,s6,1
 68c:	0200                	addi	s0,sp,256
 68e:	0304                	addi	s1,sp,384
 690:	08090003          	lb	zero,128(s2)
 694:	0100                	addi	s0,sp,128
 696:	2805                	addiw	a6,a6,1
 698:	0200                	addi	s0,sp,256
 69a:	0304                	addi	s1,sp,384
 69c:	08090003          	lb	zero,128(s2)
 6a0:	0100                	addi	s0,sp,128
 6a2:	1f05                	addi	t5,t5,-31
 6a4:	0200                	addi	s0,sp,256
 6a6:	0304                	addi	s1,sp,384
 6a8:	0c090003          	lb	zero,192(s2)
 6ac:	0100                	addi	s0,sp,128
 6ae:	1905                	addi	s2,s2,-31
 6b0:	0200                	addi	s0,sp,256
 6b2:	0104                	addi	s1,sp,128
 6b4:	0a090003          	lb	zero,160(s2)
 6b8:	0100                	addi	s0,sp,128
 6ba:	1505                	addi	a0,a0,-31
 6bc:	0a090103          	lb	sp,160(s2)
 6c0:	0100                	addi	s0,sp,128
 6c2:	1105                	addi	sp,sp,-31
 6c4:	0a090003          	lb	zero,160(s2)
 6c8:	0100                	addi	s0,sp,128
 6ca:	0b05                	addi	s6,s6,1
 6cc:	0c090003          	lb	zero,192(s2)
 6d0:	0100                	addi	s0,sp,128
 6d2:	0805                	addi	a6,a6,1
 6d4:	04090103          	lb	sp,64(s2)
 6d8:	0100                	addi	s0,sp,128
 6da:	0d05                	addi	s10,s10,1
 6dc:	0e097d03          	.4byte	0xe097d03
 6e0:	0100                	addi	s0,sp,128
 6e2:	0e05                	addi	t3,t3,1
 6e4:	06090503          	lb	a0,96(s2)
 6e8:	0100                	addi	s0,sp,128
 6ea:	0505                	addi	a0,a0,1
 6ec:	04090003          	lb	zero,64(s2)
 6f0:	0100                	addi	s0,sp,128
 6f2:	2505                	addiw	a0,a0,1
 6f4:	0200                	addi	s0,sp,256
 6f6:	0304                	addi	s1,sp,384
 6f8:	02090003          	lb	zero,32(s2)
 6fc:	0100                	addi	s0,sp,128
 6fe:	2105                	addiw	sp,sp,1
 700:	0200                	addi	s0,sp,256
 702:	0304                	addi	s1,sp,384
 704:	12090003          	lb	zero,288(s2)
 708:	0100                	addi	s0,sp,128
 70a:	1605                	addi	a2,a2,-31
 70c:	0200                	addi	s0,sp,256
 70e:	0104                	addi	s1,sp,128
 710:	0a090003          	lb	zero,160(s2)
 714:	0100                	addi	s0,sp,128
 716:	1a05                	addi	s4,s4,-31
 718:	0200                	addi	s0,sp,256
 71a:	0104                	addi	s1,sp,128
 71c:	0c090003          	lb	zero,192(s2)
 720:	0100                	addi	s0,sp,128
 722:	0505                	addi	a0,a0,1
 724:	02090103          	lb	sp,32(s2)
 728:	0100                	addi	s0,sp,128
 72a:	0d05                	addi	s10,s10,1
 72c:	0200                	addi	s0,sp,256
 72e:	0104                	addi	s1,sp,128
 730:	02090203          	lb	tp,32(s2)
 734:	0100                	addi	s0,sp,128
 736:	0805                	addi	a6,a6,1
 738:	08090503          	lb	a0,128(s2)
 73c:	0100                	addi	s0,sp,128
 73e:	0a090103          	lb	sp,160(s2)
 742:	0100                	addi	s0,sp,128
 744:	12090103          	lb	sp,288(s2)
 748:	0100                	addi	s0,sp,128
 74a:	0a05                	addi	s4,s4,1
 74c:	0a090203          	lb	tp,160(s2)
 750:	0100                	addi	s0,sp,128
 752:	0805                	addi	a6,a6,1
 754:	0e090003          	lb	zero,224(s2)
 758:	0100                	addi	s0,sp,128
 75a:	1605                	addi	a2,a2,-31
 75c:	08090103          	lb	sp,128(s2)
 760:	0100                	addi	s0,sp,128
 762:	0200                	addi	s0,sp,256
 764:	0104                	addi	s1,sp,128
 766:	0306                	slli	t1,t1,0x1
 768:	0900                	addi	s0,sp,144
 76a:	000a                	c.slli	zero,0x2
 76c:	0001                	nop
 76e:	0402                	c.slli64	s0
 770:	0302                	c.slli64	t1
 772:	0900                	addi	s0,sp,144
 774:	0004                	.2byte	0x4
 776:	0501                	addi	a0,a0,0
 778:	0008                	.2byte	0x8
 77a:	0402                	c.slli64	s0
 77c:	0604                	addi	s1,sp,768
 77e:	02090003          	lb	zero,32(s2)
 782:	0100                	addi	s0,sp,128
 784:	0505                	addi	a0,a0,1
 786:	0200                	addi	s0,sp,256
 788:	0404                	addi	s1,sp,512
 78a:	04090203          	lb	tp,64(s2)
 78e:	0100                	addi	s0,sp,128
 790:	0d05                	addi	s10,s10,1
 792:	02090203          	lb	tp,32(s2)
 796:	0100                	addi	s0,sp,128
 798:	0805                	addi	a6,a6,1
 79a:	10090003          	lb	zero,256(s2)
 79e:	0100                	addi	s0,sp,128
 7a0:	0605                	addi	a2,a2,1
 7a2:	06090103          	lb	sp,96(s2)
 7a6:	0100                	addi	s0,sp,128
 7a8:	1905                	addi	s2,s2,-31
 7aa:	0200                	addi	s0,sp,256
 7ac:	0104                	addi	s1,sp,128
 7ae:	0a090003          	lb	zero,160(s2)
 7b2:	0100                	addi	s0,sp,128
 7b4:	0605                	addi	a2,a2,1
 7b6:	0200                	addi	s0,sp,256
 7b8:	0104                	addi	s1,sp,128
 7ba:	08090003          	lb	zero,128(s2)
 7be:	0100                	addi	s0,sp,128
 7c0:	2705                	addiw	a4,a4,1
 7c2:	0200                	addi	s0,sp,256
 7c4:	0204                	addi	s1,sp,256
 7c6:	0a090003          	lb	zero,160(s2)
 7ca:	0100                	addi	s0,sp,128
 7cc:	0605                	addi	a2,a2,1
 7ce:	0200                	addi	s0,sp,256
 7d0:	0204                	addi	s1,sp,256
 7d2:	08090003          	lb	zero,128(s2)
 7d6:	0100                	addi	s0,sp,128
 7d8:	0200                	addi	s0,sp,256
 7da:	0404                	addi	s1,sp,512
 7dc:	0306                	slli	t1,t1,0x1
 7de:	0900                	addi	s0,sp,144
 7e0:	0008                	.2byte	0x8
 7e2:	0501                	addi	a0,a0,0
 7e4:	0016                	c.slli	zero,0x5
 7e6:	0402                	c.slli64	s0
 7e8:	0604                	addi	s1,sp,768
 7ea:	06097d03          	.4byte	0x6097d03
 7ee:	0100                	addi	s0,sp,128
 7f0:	0e05                	addi	t3,t3,1
 7f2:	0200                	addi	s0,sp,256
 7f4:	0104                	addi	s1,sp,128
 7f6:	0a090003          	lb	zero,160(s2)
 7fa:	0100                	addi	s0,sp,128
 7fc:	0505                	addi	a0,a0,1
 7fe:	08090503          	lb	a0,128(s2)
 802:	0100                	addi	s0,sp,128
 804:	02090303          	lb	t1,32(s2)
 808:	0100                	addi	s0,sp,128
 80a:	14090103          	lb	sp,320(s2)
 80e:	0100                	addi	s0,sp,128
 810:	0b05                	addi	s6,s6,1
 812:	02090203          	lb	tp,32(s2)
 816:	0100                	addi	s0,sp,128
 818:	0505                	addi	a0,a0,1
 81a:	0e090003          	lb	zero,224(s2)
 81e:	0100                	addi	s0,sp,128
 820:	0a090103          	lb	sp,160(s2)
 824:	0100                	addi	s0,sp,128
 826:	0e05                	addi	t3,t3,1
 828:	02090203          	lb	tp,32(s2)
 82c:	0100                	addi	s0,sp,128
 82e:	0c05                	addi	s8,s8,1
 830:	04090103          	lb	sp,64(s2)
 834:	0100                	addi	s0,sp,128
 836:	04090103          	lb	sp,64(s2)
 83a:	0100                	addi	s0,sp,128
 83c:	0d05                	addi	s10,s10,1
 83e:	06090103          	lb	sp,96(s2)
 842:	0100                	addi	s0,sp,128
 844:	0e05                	addi	t3,t3,1
 846:	10090103          	lb	sp,256(s2)
 84a:	0100                	addi	s0,sp,128
 84c:	0405                	addi	s0,s0,1
 84e:	08090203          	lb	tp,128(s2)
 852:	0100                	addi	s0,sp,128
 854:	1205                	addi	tp,tp,-31 # ffffffffffffffe1 <crc3+0xffffffff7fffcfc9>
 856:	0a094c03          	lbu	s8,160(s2)
 85a:	0100                	addi	s0,sp,128
 85c:	0c05                	addi	s8,s8,1
 85e:	0c090003          	lb	zero,192(s2)
 862:	0100                	addi	s0,sp,128
 864:	1605                	addi	a2,a2,-31
 866:	08090003          	lb	zero,128(s2)
 86a:	0100                	addi	s0,sp,128
 86c:	0105                	addi	sp,sp,1
 86e:	0c093803          	ld	a6,192(s2)
 872:	0100                	addi	s0,sp,128
 874:	0c09                	addi	s8,s8,2
 876:	0000                	unimp
 878:	0101                	addi	sp,sp,0
 87a:	03bd                	addi	t2,t2,15
 87c:	0000                	unimp
 87e:	0005                	c.nop	1
 880:	0008                	.2byte	0x8
 882:	004e                	c.slli	zero,0x13
 884:	0000                	unimp
 886:	0101                	addi	sp,sp,0
 888:	fb01                	bnez	a4,798 <_prog_start-0x7ffff868>
 88a:	0d0e                	slli	s10,s10,0x3
 88c:	0100                	addi	s0,sp,128
 88e:	0101                	addi	sp,sp,0
 890:	0001                	nop
 892:	0000                	unimp
 894:	0001                	nop
 896:	0100                	addi	s0,sp,128
 898:	0101                	addi	sp,sp,0
 89a:	051f 0000 0000      	.byte	0x1f, 0x05, 0x00, 0x00, 0x00, 0x00
 8a0:	0044                	addi	s1,sp,4
 8a2:	0000                	unimp
 8a4:	00ee                	slli	ra,ra,0x1b
 8a6:	0000                	unimp
 8a8:	01ac                	addi	a1,sp,200
 8aa:	0000                	unimp
 8ac:	00000217          	auipc	tp,0x0
 8b0:	0102                	c.slli64	sp
 8b2:	021f 060f 02f4      	.byte	0x1f, 0x02, 0x0f, 0x06, 0xf4, 0x02
 8b8:	0000                	unimp
 8ba:	fb01                	bnez	a4,7ca <_prog_start-0x7ffff836>
 8bc:	0002                	c.slli64	zero
 8be:	0200                	addi	s0,sp,256
 8c0:	02f4                	addi	a3,sp,332
 8c2:	0000                	unimp
 8c4:	9101                	srli	a0,a0,0x20
 8c6:	0002                	c.slli64	zero
 8c8:	0300                	addi	s0,sp,384
 8ca:	02a2                	slli	t0,t0,0x8
 8cc:	0000                	unimp
 8ce:	7e04                	ld	s1,56(a2)
 8d0:	0002                	c.slli64	zero
 8d2:	0200                	addi	s0,sp,256
 8d4:	2905                	addiw	s2,s2,1
 8d6:	0900                	addi	s0,sp,144
 8d8:	6c02                	ld	s8,0(sp)
 8da:	0006                	c.slli	zero,0x1
 8dc:	0080                	addi	s0,sp,64
 8de:	0000                	unimp
 8e0:	0300                	addi	s0,sp,384
 8e2:	0121                	addi	sp,sp,8
 8e4:	0505                	addi	a0,a0,1
 8e6:	0e090103          	lb	sp,224(s2)
 8ea:	0100                	addi	s0,sp,128
 8ec:	1005                	c.nop	-31
 8ee:	04090103          	lb	sp,64(s2)
 8f2:	0100                	addi	s0,sp,128
 8f4:	1105                	addi	sp,sp,-31
 8f6:	0e090103          	lb	sp,224(s2)
 8fa:	0100                	addi	s0,sp,128
 8fc:	0c090103          	lb	sp,192(s2)
 900:	0100                	addi	s0,sp,128
 902:	0505                	addi	a0,a0,1
 904:	0c090103          	lb	sp,192(s2)
 908:	0100                	addi	s0,sp,128
 90a:	0105                	addi	sp,sp,1
 90c:	04090203          	lb	tp,64(s2)
 910:	0100                	addi	s0,sp,128
 912:	4505                	li	a0,1
 914:	0a090203          	lb	tp,160(s2)
 918:	0100                	addi	s0,sp,128
 91a:	0505                	addi	a0,a0,1
 91c:	18090103          	lb	sp,384(s2)
 920:	0100                	addi	s0,sp,128
 922:	1105                	addi	sp,sp,-31
 924:	04090103          	lb	sp,64(s2)
 928:	0100                	addi	s0,sp,128
 92a:	1d05                	addi	s10,s10,-31
 92c:	0a090003          	lb	zero,160(s2)
 930:	0100                	addi	s0,sp,128
 932:	1105                	addi	sp,sp,-31
 934:	24090003          	lb	zero,576(s2)
 938:	0100                	addi	s0,sp,128
 93a:	2105                	addiw	sp,sp,1
 93c:	04090003          	lb	zero,64(s2)
 940:	0100                	addi	s0,sp,128
 942:	1105                	addi	sp,sp,-31
 944:	06090103          	lb	sp,96(s2)
 948:	0100                	addi	s0,sp,128
 94a:	1d05                	addi	s10,s10,-31
 94c:	0a090003          	lb	zero,160(s2)
 950:	0100                	addi	s0,sp,128
 952:	1105                	addi	sp,sp,-31
 954:	24090003          	lb	zero,576(s2)
 958:	0100                	addi	s0,sp,128
 95a:	2105                	addiw	sp,sp,1
 95c:	04090003          	lb	zero,64(s2)
 960:	0100                	addi	s0,sp,128
 962:	1105                	addi	sp,sp,-31
 964:	06090103          	lb	sp,96(s2)
 968:	0100                	addi	s0,sp,128
 96a:	1d05                	addi	s10,s10,-31
 96c:	0a090003          	lb	zero,160(s2)
 970:	0100                	addi	s0,sp,128
 972:	1105                	addi	sp,sp,-31
 974:	24090003          	lb	zero,576(s2)
 978:	0100                	addi	s0,sp,128
 97a:	2105                	addiw	sp,sp,1
 97c:	04090003          	lb	zero,64(s2)
 980:	0100                	addi	s0,sp,128
 982:	1105                	addi	sp,sp,-31
 984:	06090103          	lb	sp,96(s2)
 988:	0100                	addi	s0,sp,128
 98a:	1d05                	addi	s10,s10,-31
 98c:	0a090003          	lb	zero,160(s2)
 990:	0100                	addi	s0,sp,128
 992:	1105                	addi	sp,sp,-31
 994:	24090003          	lb	zero,576(s2)
 998:	0100                	addi	s0,sp,128
 99a:	2105                	addiw	sp,sp,1
 99c:	04090003          	lb	zero,64(s2)
 9a0:	0100                	addi	s0,sp,128
 9a2:	0505                	addi	a0,a0,1
 9a4:	06090103          	lb	sp,96(s2)
 9a8:	0100                	addi	s0,sp,128
 9aa:	0105                	addi	sp,sp,1
 9ac:	04090103          	lb	sp,64(s2)
 9b0:	0100                	addi	s0,sp,128
 9b2:	1305                	addi	t1,t1,-31
 9b4:	0a090203          	lb	tp,160(s2)
 9b8:	0100                	addi	s0,sp,128
 9ba:	0905                	addi	s2,s2,1
 9bc:	08090203          	lb	tp,128(s2)
 9c0:	0100                	addi	s0,sp,128
 9c2:	1a05                	addi	s4,s4,-31
 9c4:	04090103          	lb	sp,64(s2)
 9c8:	0100                	addi	s0,sp,128
 9ca:	0c05                	addi	s8,s8,1
 9cc:	1a090003          	lb	zero,416(s2)
 9d0:	0100                	addi	s0,sp,128
 9d2:	3805                	addiw	a6,a6,-31
 9d4:	0200                	addi	s0,sp,256
 9d6:	0104                	addi	s1,sp,128
 9d8:	04090003          	lb	zero,64(s2)
 9dc:	0100                	addi	s0,sp,128
 9de:	2905                	addiw	s2,s2,1
 9e0:	0200                	addi	s0,sp,256
 9e2:	0104                	addi	s1,sp,128
 9e4:	0c090003          	lb	zero,192(s2)
 9e8:	0100                	addi	s0,sp,128
 9ea:	2105                	addiw	sp,sp,1
 9ec:	04090203          	lb	tp,64(s2)
 9f0:	0100                	addi	s0,sp,128
 9f2:	2d05                	addiw	s10,s10,1
 9f4:	0a090003          	lb	zero,160(s2)
 9f8:	0100                	addi	s0,sp,128
 9fa:	2105                	addiw	sp,sp,1
 9fc:	24090003          	lb	zero,576(s2)
 a00:	0100                	addi	s0,sp,128
 a02:	1305                	addi	t1,t1,-31
 a04:	06090003          	lb	zero,96(s2)
 a08:	0100                	addi	s0,sp,128
 a0a:	2605                	addiw	a2,a2,1
 a0c:	04090103          	lb	sp,64(s2)
 a10:	0100                	addi	s0,sp,128
 a12:	3205                	addiw	tp,tp,-31 # 88d <_prog_start-0x7ffff773>
 a14:	0a090003          	lb	zero,160(s2)
 a18:	0100                	addi	s0,sp,128
 a1a:	2605                	addiw	a2,a2,1
 a1c:	24090003          	lb	zero,576(s2)
 a20:	0100                	addi	s0,sp,128
 a22:	1305                	addi	t1,t1,-31
 a24:	04090003          	lb	zero,64(s2)
 a28:	0100                	addi	s0,sp,128
 a2a:	2605                	addiw	a2,a2,1
 a2c:	06090103          	lb	sp,96(s2)
 a30:	0100                	addi	s0,sp,128
 a32:	3205                	addiw	tp,tp,-31 # ffffffffffffffe1 <crc3+0xffffffff7fffcfc9>
 a34:	0a090003          	lb	zero,160(s2)
 a38:	0100                	addi	s0,sp,128
 a3a:	2605                	addiw	a2,a2,1
 a3c:	24090003          	lb	zero,576(s2)
 a40:	0100                	addi	s0,sp,128
 a42:	1305                	addi	t1,t1,-31
 a44:	04090003          	lb	zero,64(s2)
 a48:	0100                	addi	s0,sp,128
 a4a:	2605                	addiw	a2,a2,1
 a4c:	06090103          	lb	sp,96(s2)
 a50:	0100                	addi	s0,sp,128
 a52:	3205                	addiw	tp,tp,-31 # ffffffffffffffe1 <crc3+0xffffffff7fffcfc9>
 a54:	0a090003          	lb	zero,160(s2)
 a58:	0100                	addi	s0,sp,128
 a5a:	2605                	addiw	a2,a2,1
 a5c:	24090003          	lb	zero,576(s2)
 a60:	0100                	addi	s0,sp,128
 a62:	1305                	addi	t1,t1,-31
 a64:	04090003          	lb	zero,64(s2)
 a68:	0100                	addi	s0,sp,128
 a6a:	1705                	addi	a4,a4,-31
 a6c:	06090103          	lb	sp,96(s2)
 a70:	0100                	addi	s0,sp,128
 a72:	0d05                	addi	s10,s10,1
 a74:	1c090103          	lb	sp,448(s2)
 a78:	0100                	addi	s0,sp,128
 a7a:	04090103          	lb	sp,64(s2)
 a7e:	0100                	addi	s0,sp,128
 a80:	3d05                	addiw	s10,s10,-31
 a82:	12097803          	.4byte	0x12097803
 a86:	0100                	addi	s0,sp,128
 a88:	1d05                	addi	s10,s10,-31
 a8a:	02090a03          	lb	s4,32(s2)
 a8e:	0100                	addi	s0,sp,128
 a90:	1105                	addi	sp,sp,-31
 a92:	0c090003          	lb	zero,192(s2)
 a96:	0100                	addi	s0,sp,128
 a98:	0d05                	addi	s10,s10,1
 a9a:	02090103          	lb	sp,32(s2)
 a9e:	0100                	addi	s0,sp,128
 aa0:	06090303          	lb	t1,96(s2)
 aa4:	0100                	addi	s0,sp,128
 aa6:	04090103          	lb	sp,64(s2)
 aaa:	0100                	addi	s0,sp,128
 aac:	0905                	addi	s2,s2,1
 aae:	02097003          	.4byte	0x2097003
 ab2:	0100                	addi	s0,sp,128
 ab4:	0505                	addi	a0,a0,1
 ab6:	02091303          	lh	t1,32(s2)
 aba:	0100                	addi	s0,sp,128
 abc:	0105                	addi	sp,sp,1
 abe:	02090103          	lb	sp,32(s2)
 ac2:	0100                	addi	s0,sp,128
 ac4:	1405                	addi	s0,s0,-31
 ac6:	08090203          	lb	tp,128(s2)
 aca:	0100                	addi	s0,sp,128
 acc:	0505                	addi	a0,a0,1
 ace:	08090103          	lb	sp,128(s2)
 ad2:	0100                	addi	s0,sp,128
 ad4:	0e05                	addi	t3,t3,1
 ad6:	04090203          	lb	tp,64(s2)
 ada:	0100                	addi	s0,sp,128
 adc:	1505                	addi	a0,a0,-31
 ade:	04090303          	lb	t1,64(s2)
 ae2:	0100                	addi	s0,sp,128
 ae4:	1805                	addi	a6,a6,-31
 ae6:	04090103          	lb	sp,64(s2)
 aea:	0100                	addi	s0,sp,128
 aec:	1505                	addi	a0,a0,-31
 aee:	08090003          	lb	zero,128(s2)
 af2:	0100                	addi	s0,sp,128
 af4:	0c05                	addi	s8,s8,1
 af6:	0a090803          	lb	a6,160(s2)
 afa:	0100                	addi	s0,sp,128
 afc:	1505                	addi	a0,a0,-31
 afe:	08097703          	.4byte	0x8097703
 b02:	0100                	addi	s0,sp,128
 b04:	1f05                	addi	t5,t5,-31
 b06:	02090903          	lb	s2,32(s2)
 b0a:	0100                	addi	s0,sp,128
 b0c:	0105                	addi	sp,sp,1
 b0e:	02090203          	lb	tp,32(s2)
 b12:	0100                	addi	s0,sp,128
 b14:	0204                	addi	s1,sp,256
 b16:	4705                	li	a4,1
 b18:	097fbf03          	ld	t5,151(t6)
 b1c:	000a                	c.slli	zero,0x2
 b1e:	0501                	addi	a0,a0,0
 b20:	0310                	addi	a2,sp,384
 b22:	0901                	addi	s2,s2,0
 b24:	0012                	c.slli	zero,0x4
 b26:	0301                	addi	t1,t1,0
 b28:	0901                	addi	s2,s2,0
 b2a:	0006                	c.slli	zero,0x1
 b2c:	0501                	addi	a0,a0,0
 b2e:	030c                	addi	a1,sp,384
 b30:	0902                	c.slli64	s2
 b32:	000a                	c.slli	zero,0x2
 b34:	0501                	addi	a0,a0,0
 b36:	09000303          	lb	t1,144(zero) # 90 <_prog_start-0x7fffff70>
 b3a:	0004                	.2byte	0x4
 b3c:	0501                	addi	a0,a0,0
 b3e:	031a                	slli	t1,t1,0x6
 b40:	0901                	addi	s2,s2,0
 b42:	0002                	c.slli64	zero
 b44:	0501                	addi	a0,a0,0
 b46:	0900030f          	.4byte	0x900030f
 b4a:	000a                	c.slli	zero,0x2
 b4c:	0501                	addi	a0,a0,0
 b4e:	0310                	addi	a2,sp,384
 b50:	0901                	addi	s2,s2,0
 b52:	0008                	.2byte	0x8
 b54:	0301                	addi	t1,t1,0
 b56:	0902                	c.slli64	s2
 b58:	0010                	.2byte	0x10
 b5a:	0501                	addi	a0,a0,0
 b5c:	09000307          	.4byte	0x9000307
 b60:	0004                	.2byte	0x4
 b62:	0501                	addi	a0,a0,0
 b64:	0318                	addi	a4,sp,384
 b66:	0901                	addi	s2,s2,0
 b68:	0002                	c.slli64	zero
 b6a:	0501                	addi	a0,a0,0
 b6c:	030e                	slli	t1,t1,0x3
 b6e:	0900                	addi	s0,sp,144
 b70:	0008                	.2byte	0x8
 b72:	0501                	addi	a0,a0,0
 b74:	0322                	slli	t1,t1,0x8
 b76:	0901                	addi	s2,s2,0
 b78:	0002                	c.slli64	zero
 b7a:	0501                	addi	a0,a0,0
 b7c:	0316                	slli	t1,t1,0x5
 b7e:	0900                	addi	s0,sp,144
 b80:	000a                	c.slli	zero,0x2
 b82:	0301                	addi	t1,t1,0
 b84:	0902                	c.slli64	s2
 b86:	0012                	c.slli	zero,0x4
 b88:	0501                	addi	a0,a0,0
 b8a:	001e                	c.slli	zero,0x7
 b8c:	0402                	c.slli64	s0
 b8e:	0302                	c.slli64	t1
 b90:	097c                	addi	a5,sp,156
 b92:	000c                	.2byte	0xc
 b94:	0501                	addi	a0,a0,0
 b96:	0019                	c.nop	6
 b98:	0402                	c.slli64	s0
 b9a:	0301                	addi	t1,t1,0
 b9c:	0900                	addi	s0,sp,144
 b9e:	000a                	c.slli	zero,0x2
 ba0:	0501                	addi	a0,a0,0
 ba2:	001f 0402 0302      	.byte	0x1f, 0x00, 0x02, 0x04, 0x02, 0x03
 ba8:	097c                	addi	a5,sp,156
 baa:	000e                	c.slli	zero,0x3
 bac:	0501                	addi	a0,a0,0
 bae:	0015                	c.nop	5
 bb0:	0402                	c.slli64	s0
 bb2:	0301                	addi	t1,t1,0
 bb4:	0900                	addi	s0,sp,144
 bb6:	000a                	c.slli	zero,0x2
 bb8:	0501                	addi	a0,a0,0
 bba:	030a                	slli	t1,t1,0x2
 bbc:	090d                	addi	s2,s2,3
 bbe:	000e                	c.slli	zero,0x3
 bc0:	0501                	addi	a0,a0,0
 bc2:	0308                	addi	a0,sp,384
 bc4:	0900                	addi	s0,sp,144
 bc6:	000c                	.2byte	0xc
 bc8:	0501                	addi	a0,a0,0
 bca:	0301                	addi	t1,t1,0
 bcc:	0901                	addi	s2,s2,0
 bce:	0006                	c.slli	zero,0x1
 bd0:	0501                	addi	a0,a0,0
 bd2:	09020323          	sb	a6,134(tp) # 86 <_prog_start-0x7fffff7a>
 bd6:	0008                	.2byte	0x8
 bd8:	0501                	addi	a0,a0,0
 bda:	09020303          	lb	t1,144(tp) # 90 <_prog_start-0x7fffff70>
 bde:	0012                	c.slli	zero,0x4
 be0:	0501                	addi	a0,a0,0
 be2:	0320                	addi	s0,sp,392
 be4:	0900                	addi	s0,sp,144
 be6:	0006                	c.slli	zero,0x1
 be8:	0501                	addi	a0,a0,0
 bea:	030c                	addi	a1,sp,384
 bec:	0902                	c.slli64	s2
 bee:	0004                	.2byte	0x4
 bf0:	0301                	addi	t1,t1,0
 bf2:	0901                	addi	s2,s2,0
 bf4:	0006                	c.slli	zero,0x1
 bf6:	0301                	addi	t1,t1,0
 bf8:	0901                	addi	s2,s2,0
 bfa:	0006                	c.slli	zero,0x1
 bfc:	0301                	addi	t1,t1,0
 bfe:	0901                	addi	s2,s2,0
 c00:	0006                	c.slli	zero,0x1
 c02:	0501                	addi	a0,a0,0
 c04:	09040303          	lb	t1,144(s0)
 c08:	0006                	c.slli	zero,0x1
 c0a:	0301                	addi	t1,t1,0
 c0c:	00060903          	lb	s2,0(a2)
 c10:	0301                	addi	t1,t1,0
 c12:	0901                	addi	s2,s2,0
 c14:	0022                	c.slli	zero,0x8
 c16:	0301                	addi	t1,t1,0
 c18:	0901                	addi	s2,s2,0
 c1a:	0022                	c.slli	zero,0x8
 c1c:	0301                	addi	t1,t1,0
 c1e:	0901                	addi	s2,s2,0
 c20:	0022                	c.slli	zero,0x8
 c22:	0301                	addi	t1,t1,0
 c24:	0901                	addi	s2,s2,0
 c26:	0022                	c.slli	zero,0x8
 c28:	0501                	addi	a0,a0,0
 c2a:	0009                	c.nop	2
 c2c:	0402                	c.slli64	s0
 c2e:	0301                	addi	t1,t1,0
 c30:	0904                	addi	s1,sp,144
 c32:	0004                	.2byte	0x4
 c34:	0901                	addi	s2,s2,0
 c36:	0004                	.2byte	0x4
 c38:	0100                	addi	s0,sp,128
 c3a:	01              	Address 0x0000000000000c3a is out of bounds.


Disassembly of section .debug_line_str:

0000000000000000 <.debug_line_str>:
   0:	6d6f682f          	.4byte	0x6d6f682f
   4:	2f65                	addiw	t5,t5,25
   6:	6962                	ld	s2,24(sp)
   8:	686e                	ld	a6,216(sp)
   a:	7565696b          	.4byte	0x7565696b
   e:	6f64                	ld	s1,216(a4)
  10:	726f572f          	.4byte	0x726f572f
  14:	6170736b          	.4byte	0x6170736b
  18:	442f6563          	bltu	t5,sp,462 <_prog_start-0x7ffffb9e>
  1c:	6d65                	lui	s10,0x19
  1e:	6d742f6f          	jal	t5,42ef4 <_prog_start-0x7ffbd10c>
  22:	2f70                	.2byte	0x2f70
  24:	4952                	lw	s2,20(sp)
  26:	562d4353          	.4byte	0x562d4353
  2a:	442d                	li	s0,11
  2c:	6d65                	lui	s10,0x19
  2e:	65442f6f          	jal	t5,42682 <_prog_start-0x7ffbd97e>
  32:	6f6d                	lui	t5,0x1b
  34:	666f732f          	.4byte	0x666f732f
  38:	7774                	ld	a3,232(a4)
  3a:	7261                	lui	tp,0xffff8
  3c:	2f65                	addiw	t5,t5,25 # 1b019 <_prog_start-0x7ffe4fe7>
  3e:	33435243          	.4byte	0x33435243
  42:	0032                	c.slli	zero,0xc
  44:	6d6f682f          	.4byte	0x6d6f682f
  48:	2f65                	addiw	t5,t5,25
  4a:	6962                	ld	s2,24(sp)
  4c:	686e                	ld	a6,216(sp)
  4e:	7565696b          	.4byte	0x7565696b
  52:	6f64                	ld	s1,216(a4)
  54:	726f572f          	.4byte	0x726f572f
  58:	6170736b          	.4byte	0x6170736b
  5c:	442f6563          	bltu	t5,sp,4a6 <_prog_start-0x7ffffb5a>
  60:	6d65                	lui	s10,0x19
  62:	6d742f6f          	jal	t5,42f38 <_prog_start-0x7ffbd0c8>
  66:	2f70                	.2byte	0x2f70
  68:	4952                	lw	s2,20(sp)
  6a:	562d4353          	.4byte	0x562d4353
  6e:	442d                	li	s0,11
  70:	6d65                	lui	s10,0x19
  72:	65442f6f          	jal	t5,426c6 <_prog_start-0x7ffbd93a>
  76:	6f6d                	lui	t5,0x1b
  78:	666f732f          	.4byte	0x666f732f
  7c:	7774                	ld	a3,232(a4)
  7e:	7261                	lui	tp,0xffff8
  80:	2f65                	addiw	t5,t5,25 # 1b019 <_prog_start-0x7ffe4fe7>
  82:	33435243          	.4byte	0x33435243
  86:	2f32                	.2byte	0x2f32
  88:	00637273          	csrrci	tp,0x6,6
  8c:	30747263          	bgeu	s0,t2,390 <_prog_start-0x7ffffc70>
  90:	532e                	lw	t1,232(sp)
  92:	7400                	ld	s0,40(s0)
  94:	7268                	ld	a0,224(a2)
  96:	6165                	addi	sp,sp,112
  98:	2e64                	.2byte	0x2e64
  9a:	682f0053          	.4byte	0x682f0053
  9e:	2f656d6f          	jal	s10,56394 <_prog_start-0x7ffa9c6c>
  a2:	6962                	ld	s2,24(sp)
  a4:	686e                	ld	a6,216(sp)
  a6:	7565696b          	.4byte	0x7565696b
  aa:	6f64                	ld	s1,216(a4)
  ac:	726f572f          	.4byte	0x726f572f
  b0:	6170736b          	.4byte	0x6170736b
  b4:	442f6563          	bltu	t5,sp,4fe <_prog_start-0x7ffffb02>
  b8:	6d65                	lui	s10,0x19
  ba:	6d742f6f          	jal	t5,42f90 <_prog_start-0x7ffbd070>
  be:	2f70                	.2byte	0x2f70
  c0:	4952                	lw	s2,20(sp)
  c2:	562d4353          	.4byte	0x562d4353
  c6:	442d                	li	s0,11
  c8:	6d65                	lui	s10,0x19
  ca:	65442f6f          	jal	t5,4271e <_prog_start-0x7ffbd8e2>
  ce:	6f6d                	lui	t5,0x1b
  d0:	666f732f          	.4byte	0x666f732f
  d4:	7774                	ld	a3,232(a4)
  d6:	7261                	lui	tp,0xffff8
  d8:	2f65                	addiw	t5,t5,25 # 1b019 <_prog_start-0x7ffe4fe7>
  da:	33435243          	.4byte	0x33435243
  de:	2f32                	.2byte	0x2f32
  e0:	2f637273          	csrrci	tp,0x2f6,6
  e4:	6972706b          	.4byte	0x6972706b
  e8:	746e                	ld	s0,248(sp)
  ea:	2e66                	.2byte	0x2e66
  ec:	682f0063          	beq	t5,sp,76c <_prog_start-0x7ffff894>
  f0:	2f656d6f          	jal	s10,563e6 <_prog_start-0x7ffa9c1a>
  f4:	6962                	ld	s2,24(sp)
  f6:	686e                	ld	a6,216(sp)
  f8:	7565696b          	.4byte	0x7565696b
  fc:	6f64                	ld	s1,216(a4)
  fe:	726f572f          	.4byte	0x726f572f
 102:	6170736b          	.4byte	0x6170736b
 106:	442f6563          	bltu	t5,sp,550 <_prog_start-0x7ffffab0>
 10a:	6d65                	lui	s10,0x19
 10c:	6d742f6f          	jal	t5,42fe2 <_prog_start-0x7ffbd01e>
 110:	2f70                	.2byte	0x2f70
 112:	4952                	lw	s2,20(sp)
 114:	562d4353          	.4byte	0x562d4353
 118:	442d                	li	s0,11
 11a:	6d65                	lui	s10,0x19
 11c:	65442f6f          	jal	t5,42770 <_prog_start-0x7ffbd890>
 120:	6f6d                	lui	t5,0x1b
 122:	666f732f          	.4byte	0x666f732f
 126:	7774                	ld	a3,232(a4)
 128:	7261                	lui	tp,0xffff8
 12a:	2f65                	addiw	t5,t5,25 # 1b019 <_prog_start-0x7ffe4fe7>
 12c:	33435243          	.4byte	0x33435243
 130:	2f32                	.2byte	0x2f32
 132:	6e69                	lui	t3,0x1a
 134:	64756c63          	bltu	a0,t2,78c <_prog_start-0x7ffff874>
 138:	0065                	c.nop	25
 13a:	6d6f682f          	.4byte	0x6d6f682f
 13e:	2f65                	addiw	t5,t5,25
 140:	6962                	ld	s2,24(sp)
 142:	686e                	ld	a6,216(sp)
 144:	7565696b          	.4byte	0x7565696b
 148:	6f64                	ld	s1,216(a4)
 14a:	726f572f          	.4byte	0x726f572f
 14e:	6170736b          	.4byte	0x6170736b
 152:	442f6563          	bltu	t5,sp,59c <_prog_start-0x7ffffa64>
 156:	6d65                	lui	s10,0x19
 158:	6d742f6f          	jal	t5,4302e <_prog_start-0x7ffbcfd2>
 15c:	2f70                	.2byte	0x2f70
 15e:	4952                	lw	s2,20(sp)
 160:	562d4353          	.4byte	0x562d4353
 164:	442d                	li	s0,11
 166:	6d65                	lui	s10,0x19
 168:	632e2f6f          	jal	t5,e279a <_prog_start-0x7ff1d866>
 16c:	61646e6f          	jal	t3,46782 <_prog_start-0x7ffb987e>
 170:	652d                	lui	a0,0xb
 172:	766e                	ld	a2,248(sp)
 174:	7369722f          	.4byte	0x7369722f
 178:	742d7663          	bgeu	s10,sp,8c4 <_prog_start-0x7ffff73c>
 17c:	736c6f6f          	jal	t5,c68b2 <_prog_start-0x7ff3974e>
 180:	62696c2f          	.4byte	0x62696c2f
 184:	6363672f          	.4byte	0x6363672f
 188:	7369722f          	.4byte	0x7369722f
 18c:	34367663          	bgeu	a2,gp,4d8 <_prog_start-0x7ffffb28>
 190:	752d                	lui	a0,0xfffeb
 192:	6b6e                	ld	s6,216(sp)
 194:	6f6e                	ld	t5,216(sp)
 196:	652d6e77          	.4byte	0x652d6e77
 19a:	666c                	ld	a1,200(a2)
 19c:	2e32312f          	.4byte	0x2e32312f
 1a0:	2e32                	.2byte	0x2e32
 1a2:	2f30                	.2byte	0x2f30
 1a4:	6e69                	lui	t3,0x1a
 1a6:	64756c63          	bltu	a0,t2,7fe <_prog_start-0x7ffff802>
 1aa:	0065                	c.nop	25
 1ac:	6d6f682f          	.4byte	0x6d6f682f
 1b0:	2f65                	addiw	t5,t5,25
 1b2:	6962                	ld	s2,24(sp)
 1b4:	686e                	ld	a6,216(sp)
 1b6:	7565696b          	.4byte	0x7565696b
 1ba:	6f64                	ld	s1,216(a4)
 1bc:	726f572f          	.4byte	0x726f572f
 1c0:	6170736b          	.4byte	0x6170736b
 1c4:	442f6563          	bltu	t5,sp,60e <_prog_start-0x7ffff9f2>
 1c8:	6d65                	lui	s10,0x19
 1ca:	6d742f6f          	jal	t5,430a0 <_prog_start-0x7ffbcf60>
 1ce:	2f70                	.2byte	0x2f70
 1d0:	4952                	lw	s2,20(sp)
 1d2:	562d4353          	.4byte	0x562d4353
 1d6:	442d                	li	s0,11
 1d8:	6d65                	lui	s10,0x19
 1da:	632e2f6f          	jal	t5,e280c <_prog_start-0x7ff1d7f4>
 1de:	61646e6f          	jal	t3,467f4 <_prog_start-0x7ffb980c>
 1e2:	652d                	lui	a0,0xb
 1e4:	766e                	ld	a2,248(sp)
 1e6:	7369722f          	.4byte	0x7369722f
 1ea:	742d7663          	bgeu	s10,sp,936 <_prog_start-0x7ffff6ca>
 1ee:	736c6f6f          	jal	t5,c6924 <_prog_start-0x7ff396dc>
 1f2:	7369722f          	.4byte	0x7369722f
 1f6:	34367663          	bgeu	a2,gp,542 <_prog_start-0x7ffffabe>
 1fa:	752d                	lui	a0,0xfffeb
 1fc:	6b6e                	ld	s6,216(sp)
 1fe:	6f6e                	ld	t5,216(sp)
 200:	652d6e77          	.4byte	0x652d6e77
 204:	666c                	ld	a1,200(a2)
 206:	636e692f          	.4byte	0x636e692f
 20a:	756c                	ld	a1,232(a0)
 20c:	6564                	ld	s1,200(a0)
 20e:	63616d2f          	.4byte	0x63616d2f
 212:	6968                	ld	a0,208(a0)
 214:	656e                	ld	a0,216(sp)
 216:	2f00                	.2byte	0x2f00
 218:	6f68                	ld	a0,216(a4)
 21a:	656d                	lui	a0,0x1b
 21c:	6e69622f          	.4byte	0x6e69622f
 220:	6b68                	ld	a0,208(a4)
 222:	6569                	lui	a0,0x1a
 224:	6475                	lui	s0,0x1d
 226:	6f572f6f          	jal	t5,7311a <_prog_start-0x7ff8cee6>
 22a:	6b72                	ld	s6,280(sp)
 22c:	63617073          	csrci	0x636,2
 230:	2f65                	addiw	t5,t5,25
 232:	6544                	ld	s1,136(a0)
 234:	6f6d                	lui	t5,0x1b
 236:	706d742f          	.4byte	0x706d742f
 23a:	5349522f          	.4byte	0x5349522f
 23e:	2d562d43          	.4byte	0x2d562d43
 242:	6544                	ld	s1,136(a0)
 244:	6f6d                	lui	t5,0x1b
 246:	6f632e2f          	.4byte	0x6f632e2f
 24a:	646e                	ld	s0,216(sp)
 24c:	2d61                	addiw	s10,s10,24 # 19018 <_prog_start-0x7ffe6fe8>
 24e:	6e65                	lui	t3,0x19
 250:	2f76                	.2byte	0x2f76
 252:	6972                	ld	s2,280(sp)
 254:	2d766373          	csrrsi	t1,0x2d7,12
 258:	6f74                	ld	a3,216(a4)
 25a:	2f736c6f          	jal	s8,36d50 <_prog_start-0x7ffc92b0>
 25e:	6972                	ld	s2,280(sp)
 260:	36766373          	csrrsi	t1,0x367,12
 264:	2d34                	.2byte	0x2d34
 266:	6e75                	lui	t3,0x1d
 268:	776f6e6b          	.4byte	0x776f6e6b
 26c:	2d6e                	.2byte	0x2d6e
 26e:	6c65                	lui	s8,0x19
 270:	2f66                	.2byte	0x2f66
 272:	6e69                	lui	t3,0x1a
 274:	64756c63          	bltu	a0,t2,8cc <_prog_start-0x7ffff734>
 278:	2f65                	addiw	t5,t5,25 # 1b019 <_prog_start-0x7ffe4fe7>
 27a:	00737973          	csrrci	s2,0x7,6
 27e:	6972706b          	.4byte	0x6972706b
 282:	746e                	ld	s0,248(sp)
 284:	2e66                	.2byte	0x2e66
 286:	0068                	addi	a0,sp,12
 288:	61647473          	csrrci	s0,0x616,8
 28c:	6772                	ld	a4,280(sp)
 28e:	682e                	ld	a6,200(sp)
 290:	5f00                	lw	s0,56(a4)
 292:	6564                	ld	s1,200(a0)
 294:	6166                	ld	sp,88(sp)
 296:	6c75                	lui	s8,0x1d
 298:	5f74                	lw	a3,124(a4)
 29a:	7974                	ld	a3,240(a0)
 29c:	6570                	ld	a2,200(a0)
 29e:	00682e73          	csrrs	t3,0x6,a6
 2a2:	735f 6474 6e69      	.byte	0x5f, 0x73, 0x74, 0x64, 0x69, 0x6e
 2a8:	2e74                	.2byte	0x2e74
 2aa:	0068                	addi	a0,sp,12
 2ac:	6d6f682f          	.4byte	0x6d6f682f
 2b0:	2f65                	addiw	t5,t5,25
 2b2:	6962                	ld	s2,24(sp)
 2b4:	686e                	ld	a6,216(sp)
 2b6:	7565696b          	.4byte	0x7565696b
 2ba:	6f64                	ld	s1,216(a4)
 2bc:	726f572f          	.4byte	0x726f572f
 2c0:	6170736b          	.4byte	0x6170736b
 2c4:	442f6563          	bltu	t5,sp,70e <_prog_start-0x7ffff8f2>
 2c8:	6d65                	lui	s10,0x19
 2ca:	6d742f6f          	jal	t5,431a0 <_prog_start-0x7ffbce60>
 2ce:	2f70                	.2byte	0x2f70
 2d0:	4952                	lw	s2,20(sp)
 2d2:	562d4353          	.4byte	0x562d4353
 2d6:	442d                	li	s0,11
 2d8:	6d65                	lui	s10,0x19
 2da:	65442f6f          	jal	t5,4292e <_prog_start-0x7ffbd6d2>
 2de:	6f6d                	lui	t5,0x1b
 2e0:	666f732f          	.4byte	0x666f732f
 2e4:	7774                	ld	a3,232(a4)
 2e6:	7261                	lui	tp,0xffff8
 2e8:	2f65                	addiw	t5,t5,25 # 1b019 <_prog_start-0x7ffe4fe7>
 2ea:	33435243          	.4byte	0x33435243
 2ee:	2f32                	.2byte	0x2f32
 2f0:	2f637273          	csrrci	tp,0x2f6,6
 2f4:	616d                	addi	sp,sp,240
 2f6:	6e69                	lui	t3,0x1a
 2f8:	632e                	ld	t1,200(sp)
 2fa:	7400                	ld	s0,40(s0)
 2fc:	7268                	ld	a0,224(a2)
 2fe:	6165                	addi	sp,sp,112
 300:	2e64                	.2byte	0x2e64
 302:	0068                	addi	a0,sp,12

Disassembly of section .debug_info:

0000000000000000 <.debug_info>:
   0:	0025                	c.nop	9
   2:	0000                	unimp
   4:	0005                	c.nop	1
   6:	0801                	addi	a6,a6,0
   8:	0000                	unimp
   a:	0000                	unimp
   c:	0001                	nop
   e:	0000                	unimp
  10:	0000                	unimp
  12:	0000                	unimp
  14:	0080                	addi	s0,sp,64
  16:	0000                	unimp
  18:	8800                	.2byte	0x8800
  1a:	0004                	.2byte	0x4
  1c:	0000                	unimp
  1e:	4f00                	lw	s0,24(a4)
  20:	0000                	unimp
  22:	9300                	.2byte	0x9300
  24:	0000                	unimp
  26:	0100                	addi	s0,sp,128
  28:	2580                	.2byte	0x2580
  2a:	0000                	unimp
  2c:	0500                	addi	s0,sp,640
  2e:	0100                	addi	s0,sp,128
  30:	1408                	addi	a0,sp,544
  32:	0000                	unimp
  34:	0100                	addi	s0,sp,128
  36:	0306                	slli	t1,t1,0x1
  38:	0000                	unimp
  3a:	01f8                	addi	a4,sp,204
  3c:	8000                	.2byte	0x8000
  3e:	0000                	unimp
  40:	0000                	unimp
  42:	0298                	addi	a4,sp,320
  44:	009f 0000 004f      	.byte	0x9f, 0x00, 0x00, 0x00, 0x4f, 0x00
  4a:	0000                	unimp
  4c:	00000093          	li	ra,0
  50:	8001                	c.srli64	s0
  52:	00000307          	.4byte	0x307
  56:	0005                	c.nop	1
  58:	0801                	addi	a6,a6,0
  5a:	0028                	addi	a0,sp,8
  5c:	0000                	unimp
  5e:	00018b0b          	.4byte	0x18b0b
  62:	1d00                	addi	s0,sp,688
  64:	009c                	addi	a5,sp,64
  66:	0000                	unimp
  68:	0000                	unimp
  6a:	0000                	unimp
  6c:	0310                	addi	a2,sp,384
  6e:	8000                	.2byte	0x8000
  70:	0000                	unimp
  72:	0000                	unimp
  74:	035c                	addi	a5,sp,388
  76:	0000                	unimp
  78:	0000                	unimp
  7a:	0000                	unimp
  7c:	04e0                	addi	s0,sp,588
  7e:	0000                	unimp
  80:	00012403          	lw	s0,0(sp)
  84:	0300                	addi	s0,sp,384
  86:	1b28                	addi	a0,sp,440
  88:	003a                	c.slli	zero,0xe
  8a:	0000                	unimp
  8c:	080c                	addi	a1,sp,16
  8e:	00f8                	addi	a4,sp,76
  90:	0000                	unimp
  92:	00012b03          	lw	s6,0(sp)
  96:	0300                	addi	s0,sp,384
  98:	002e1863          	bne	t3,sp,a8 <_prog_start-0x7fffff58>
  9c:	0000                	unimp
  9e:	0102                	c.slli64	sp
  a0:	3506                	.2byte	0x3506
  a2:	0001                	nop
  a4:	0200                	addi	s0,sp,256
  a6:	0801                	addi	a6,a6,0
  a8:	00000133          	add	sp,zero,zero
  ac:	0202                	c.slli64	tp
  ae:	6905                	lui	s2,0x1
  b0:	0001                	nop
  b2:	0200                	addi	s0,sp,256
  b4:	0702                	c.slli64	a4
  b6:	0141                	addi	sp,sp,16
  b8:	0000                	unimp
  ba:	00010a03          	lb	s4,0(sp)
  be:	0400                	addi	s0,sp,512
  c0:	184d                	addi	a6,a6,-13
  c2:	0074                	addi	a3,sp,12
  c4:	0000                	unimp
  c6:	040d                	addi	s0,s0,3 # 1d003 <_prog_start-0x7ffe2ffd>
  c8:	6905                	lui	s2,0x1
  ca:	746e                	ld	s0,248(sp)
  cc:	0300                	addi	s0,sp,384
  ce:	0154                	addi	a3,sp,132
  d0:	0000                	unimp
  d2:	4f04                	lw	s1,24(a4)
  d4:	8719                	srai	a4,a4,0x6
  d6:	0000                	unimp
  d8:	0200                	addi	s0,sp,256
  da:	0704                	addi	s1,sp,896
  dc:	0000024f          	.4byte	0x24f
  e0:	0802                	c.slli64	a6
  e2:	6605                	lui	a2,0x1
  e4:	0002                	c.slli64	zero
  e6:	0200                	addi	s0,sp,256
  e8:	0708                	addi	a0,sp,896
  ea:	024a                	slli	tp,tp,0x12
  ec:	0000                	unimp
  ee:	00010c03          	lb	s8,0(sp)
  f2:	0500                	addi	s0,sp,640
  f4:	132c                	addi	a1,sp,424
  f6:	0068                	addi	a0,sp,12
  f8:	0000                	unimp
  fa:	00015603          	lhu	a2,0(sp)
  fe:	0500                	addi	s0,sp,640
 100:	1430                	addi	a2,sp,552
 102:	0000007b          	.4byte	0x7b
 106:	a80e                	.2byte	0xa80e
 108:	0000                	unimp
 10a:	0400                	addi	s0,sp,512
 10c:	017a                	slli	sp,sp,0x1e
 10e:	0000                	unimp
 110:	1301                	addi	t1,t1,-32
 112:	d422                	sw	s0,40(sp)
 114:	0000                	unimp
 116:	0900                	addi	s0,sp,144
 118:	000b4803          	lbu	a6,0(s6)
 11c:	0080                	addi	s0,sp,64
 11e:	0000                	unimp
 120:	0800                	addi	s0,sp,16
 122:	00b4                	addi	a3,sp,72
 124:	0000                	unimp
 126:	cf09                	beqz	a4,140 <_prog_start-0x7ffffec0>
 128:	0000                	unimp
 12a:	0a00                	addi	s0,sp,272
 12c:	011c                	addi	a5,sp,128
 12e:	0000                	unimp
 130:	bc16                	.2byte	0xbc16
 132:	00800003          	lb	zero,8(zero) # 8 <_prog_start-0x7ffffff8>
 136:	0000                	unimp
 138:	b000                	.2byte	0xb000
 13a:	0002                	c.slli64	zero
 13c:	0000                	unimp
 13e:	0000                	unimp
 140:	0100                	addi	s0,sp,128
 142:	3c9c                	.2byte	0x3c9c
 144:	0002                	c.slli64	zero
 146:	0500                	addi	s0,sp,640
 148:	6d66                	ld	s10,88(sp)
 14a:	0074                	addi	a3,sp,12
 14c:	1602                	slli	a2,a2,0x20
 14e:	3c1a                	.2byte	0x3c1a
 150:	0002                	c.slli64	zero
 152:	0300                	addi	s0,sp,384
 154:	9891                	andi	s1,s1,-28
 156:	0f7e                	slli	t5,t5,0x1f
 158:	7601                	lui	a2,0xfffe0
 15a:	006c                	addi	a1,sp,12
 15c:	1802                	slli	a6,a6,0x20
 15e:	0000400b          	.4byte	0x400b
 162:	0300                	addi	s0,sp,384
 164:	e891                	bnez	s1,178 <_prog_start-0x7ffffe88>
 166:	047e                	slli	s0,s0,0x1f
 168:	015f 0000 1902      	.byte	0x5f, 0x01, 0x00, 0x00, 0x02, 0x19
 16e:	00024d07          	.4byte	0x24d07
 172:	0300                	addi	s0,sp,384
 174:	af91                	j	8c8 <_prog_start-0x7ffff738>
 176:	047f                	.2byte	0x47f
 178:	0114                	addi	a3,sp,128
 17a:	0000                	unimp
 17c:	1902                	slli	s2,s2,0x20
 17e:	4d12                	lw	s10,4(sp)
 180:	0002                	c.slli64	zero
 182:	0300                	addi	s0,sp,384
 184:	ae91                	j	4d8 <_prog_start-0x7ffffb28>
 186:	047f                	.2byte	0x47f
 188:	00f0                	addi	a2,sp,76
 18a:	0000                	unimp
 18c:	1902                	slli	s2,s2,0x20
 18e:	00024d1b          	.4byte	0x24d1b
 192:	0300                	addi	s0,sp,384
 194:	ad91                	j	7e8 <_prog_start-0x7ffff818>
 196:	017f                	.2byte	0x17f
 198:	1a020063          	beqz	tp,338 <_prog_start-0x7ffffcc8>
 19c:	00024107          	.4byte	0x24107
 1a0:	0300                	addi	s0,sp,384
 1a2:	ff91                	bnez	a5,be <_prog_start-0x7fffff42>
 1a4:	067e                	slli	a2,a2,0x1f
 1a6:	0442                	slli	s0,s0,0x10
 1a8:	8000                	.2byte	0x8000
 1aa:	0000                	unimp
 1ac:	0000                	unimp
 1ae:	01ce                	slli	gp,gp,0x13
 1b0:	0000                	unimp
 1b2:	0000                	unimp
 1b4:	0000                	unimp
 1b6:	6e01                	.2byte	0x6e01
 1b8:	0200                	addi	s0,sp,256
 1ba:	1324                	addi	s1,sp,424
 1bc:	0095                	addi	ra,ra,5
 1be:	0000                	unimp
 1c0:	7fa09103          	lh	sp,2042(ra)
 1c4:	6301                	.2byte	0x6301
 1c6:	0200                	addi	s0,sp,256
 1c8:	0a26                	slli	s4,s4,0x9
 1ca:	0254                	addi	a3,sp,260
 1cc:	0000                	unimp
 1ce:	7ea89103          	lh	sp,2026(a7)
 1d2:	00045407          	.4byte	0x45407
 1d6:	0080                	addi	s0,sp,64
 1d8:	0000                	unimp
 1da:	2c00                	.2byte	0x2c00
 1dc:	0000                	unimp
 1de:	0000                	unimp
 1e0:	0000                	unimp
 1e2:	a400                	.2byte	0xa400
 1e4:	0001                	nop
 1e6:	0100                	addi	s0,sp,128
 1e8:	0069                	c.nop	26
 1ea:	2702                	.2byte	0x2702
 1ec:	740e                	ld	s0,224(sp)
 1ee:	0000                	unimp
 1f0:	0300                	addi	s0,sp,384
 1f2:	9c91                	subw	s1,s1,a2
 1f4:	007f                	.2byte	0x7f
 1f6:	00049007          	.4byte	0x49007
 1fa:	0080                	addi	s0,sp,64
 1fc:	0000                	unimp
 1fe:	3a00                	.2byte	0x3a00
 200:	0000                	unimp
 202:	0000                	unimp
 204:	0000                	unimp
 206:	c800                	sw	s0,16(s0)
 208:	0001                	nop
 20a:	0100                	addi	s0,sp,128
 20c:	0069                	c.nop	26
 20e:	2d02                	.2byte	0x2d02
 210:	0000740f          	.4byte	0x740f
 214:	0300                	addi	s0,sp,384
 216:	9891                	andi	s1,s1,-28
 218:	007f                	.2byte	0x7f
 21a:	0004f807          	.4byte	0x4f807
 21e:	0080                	addi	s0,sp,64
 220:	0000                	unimp
 222:	3000                	.2byte	0x3000
 224:	0000                	unimp
 226:	0000                	unimp
 228:	0000                	unimp
 22a:	ec00                	sd	s0,24(s0)
 22c:	0001                	nop
 22e:	0100                	addi	s0,sp,128
 230:	0069                	c.nop	26
 232:	3102                	.2byte	0x3102
 234:	740e                	ld	s0,224(sp)
 236:	0000                	unimp
 238:	0300                	addi	s0,sp,384
 23a:	9491                	srai	s1,s1,0x24
 23c:	007f                	.2byte	0x7f
 23e:	3206                	.2byte	0x3206
 240:	0005                	c.nop	1
 242:	0080                	addi	s0,sp,64
 244:	0000                	unimp
 246:	ae00                	.2byte	0xae00
 248:	0000                	unimp
 24a:	0000                	unimp
 24c:	0000                	unimp
 24e:	0100                	addi	s0,sp,128
 250:	006e                	c.slli	zero,0x1b
 252:	3702                	.2byte	0x3702
 254:	00009513          	slli	a0,ra,0x0
 258:	0300                	addi	s0,sp,384
 25a:	8891                	andi	s1,s1,4
 25c:	017f                	.2byte	0x17f
 25e:	0069                	c.nop	26
 260:	3802                	.2byte	0x3802
 262:	8e0a                	mv	t3,sp
 264:	0000                	unimp
 266:	0300                	addi	s0,sp,384
 268:	8091                	srli	s1,s1,0x4
 26a:	067f                	.2byte	0x67f
 26c:	0584                	addi	s1,sp,704
 26e:	8000                	.2byte	0x8000
 270:	0000                	unimp
 272:	0000                	unimp
 274:	0048                	addi	a0,sp,4
 276:	0000                	unimp
 278:	0000                	unimp
 27a:	0000                	unimp
 27c:	6401                	.2byte	0x6401
 27e:	0200                	addi	s0,sp,256
 280:	0b41                	addi	s6,s6,16
 282:	008e                	slli	ra,ra,0x3
 284:	0000                	unimp
 286:	7ef09103          	lh	sp,2031(ra)
 28a:	0000                	unimp
 28c:	0000                	unimp
 28e:	4808                	lw	a0,16(s0)
 290:	0002                	c.slli64	zero
 292:	0200                	addi	s0,sp,256
 294:	0801                	addi	a6,a6,0
 296:	013c                	addi	a5,sp,136
 298:	0000                	unimp
 29a:	4109                	li	sp,2
 29c:	0002                	c.slli64	zero
 29e:	0200                	addi	s0,sp,256
 2a0:	0201                	addi	tp,tp,0 # ffffffffffff8000 <crc3+0xffffffff7fff4fe8>
 2a2:	0185                	addi	gp,gp,1
 2a4:	0000                	unimp
 2a6:	4110                	lw	a2,0(a0)
 2a8:	0002                	c.slli64	zero
 2aa:	6400                	ld	s0,8(s0)
 2ac:	0002                	c.slli64	zero
 2ae:	1100                	addi	s0,sp,160
 2b0:	0095                	addi	ra,ra,5
 2b2:	0000                	unimp
 2b4:	740a003f 0f000001 	.8byte	0xf000001740a003f
 2bc:	0392                	slli	t2,t2,0x4
 2be:	8000                	.2byte	0x8000
 2c0:	0000                	unimp
 2c2:	0000                	unimp
 2c4:	002a                	c.slli	zero,0xa
 2c6:	0000                	unimp
 2c8:	0000                	unimp
 2ca:	0000                	unimp
 2cc:	9c01                	subw	s0,s0,s0
 2ce:	028e                	slli	t0,t0,0x3
 2d0:	0000                	unimp
 2d2:	7305                	lui	t1,0xfffe1
 2d4:	0200                	addi	s0,sp,256
 2d6:	023c180f          	.4byte	0x23c180f
 2da:	0000                	unimp
 2dc:	9102                	jalr	sp
 2de:	0068                	addi	a0,sp,12
 2e0:	7312                	ld	t1,288(sp)
 2e2:	0001                	nop
 2e4:	0200                	addi	s0,sp,256
 2e6:	1408                	addi	a0,sp,544
 2e8:	034e                	slli	t1,t1,0x13
 2ea:	8000                	.2byte	0x8000
 2ec:	0000                	unimp
 2ee:	0000                	unimp
 2f0:	0044                	addi	s1,sp,4
 2f2:	0000                	unimp
 2f4:	0000                	unimp
 2f6:	0000                	unimp
 2f8:	9c01                	subw	s0,s0,s0
 2fa:	000002c7          	.4byte	0x2c7
 2fe:	7305                	lui	t1,0xfffe1
 300:	0200                	addi	s0,sp,256
 302:	2708                	.2byte	0x2708
 304:	023c                	addi	a5,sp,264
 306:	0000                	unimp
 308:	9102                	jalr	sp
 30a:	0158                	addi	a4,sp,132
 30c:	0a020063          	beqz	tp,3ac <_prog_start-0x7ffffc54>
 310:	00024107          	.4byte	0x24107
 314:	0200                	addi	s0,sp,256
 316:	6f91                	lui	t6,0x4
 318:	1300                	addi	s0,sp,416
 31a:	017f                	.2byte	0x17f
 31c:	0000                	unimp
 31e:	1501                	addi	a0,a0,-32 # 19fe0 <_prog_start-0x7ffe6020>
 320:	1014                	addi	a3,sp,32
 322:	00800003          	lb	zero,8(zero) # 8 <_prog_start-0x7ffffff8>
 326:	0000                	unimp
 328:	3e00                	.2byte	0x3e00
 32a:	0000                	unimp
 32c:	0000                	unimp
 32e:	0000                	unimp
 330:	0100                	addi	s0,sp,128
 332:	059c                	addi	a5,sp,704
 334:	15010063          	beq	sp,a6,474 <_prog_start-0x7ffffb8c>
 338:	411f 0002 0200      	.byte	0x1f, 0x41, 0x02, 0x00, 0x00, 0x02
 33e:	5f91                	li	t6,-28
 340:	7401                	lui	s0,0xfffe0
 342:	0078                	addi	a4,sp,12
 344:	1701                	addi	a4,a4,-32
 346:	cf15                	beqz	a4,382 <_prog_start-0x7ffffc7e>
 348:	0000                	unimp
 34a:	0200                	addi	s0,sp,256
 34c:	6891                	lui	a7,0x4
 34e:	7201                	lui	tp,0xfffe0
 350:	0100                	addi	s0,sp,128
 352:	0a19                	addi	s4,s4,6
 354:	009c                	addi	a5,sp,64
 356:	0000                	unimp
 358:	9102                	jalr	sp
 35a:	0064                	addi	s1,sp,12
 35c:	6b00                	ld	s0,16(a4)
 35e:	0005                	c.nop	1
 360:	0500                	addi	s0,sp,640
 362:	0100                	addi	s0,sp,128
 364:	2d08                	.2byte	0x2d08
 366:	0001                	nop
 368:	1000                	addi	s0,sp,32
 36a:	0000018b          	.4byte	0x18b
 36e:	ac1d                	j	5a4 <_prog_start-0x7ffffa5c>
 370:	0002                	c.slli64	zero
 372:	0000                	unimp
 374:	0000                	unimp
 376:	6c00                	ld	s0,24(s0)
 378:	0006                	c.slli	zero,0x1
 37a:	0080                	addi	s0,sp,64
 37c:	0000                	unimp
 37e:	9600                	.2byte	0x9600
 380:	0004                	.2byte	0x4
 382:	0000                	unimp
 384:	0000                	unimp
 386:	7a00                	ld	s0,48(a2)
 388:	0008                	.2byte	0x8
 38a:	0300                	addi	s0,sp,384
 38c:	0601                	addi	a2,a2,0 # fffffffffffe0000 <crc3+0xffffffff7ffdcfe8>
 38e:	0135                	addi	sp,sp,13
 390:	0000                	unimp
 392:	2506                	.2byte	0x2506
 394:	0002                	c.slli64	zero
 396:	0300                	addi	s0,sp,384
 398:	0041182b          	.4byte	0x41182b
 39c:	0000                	unimp
 39e:	33080103          	lb	sp,816(a6)
 3a2:	0001                	nop
 3a4:	0300                	addi	s0,sp,384
 3a6:	0502                	c.slli64	a0
 3a8:	0169                	addi	sp,sp,26
 3aa:	0000                	unimp
 3ac:	4006                	.2byte	0x4006
 3ae:	03000003          	lb	zero,48(zero) # 30 <_prog_start-0x7fffffd0>
 3b2:	1939                	addi	s2,s2,-18 # fee <_prog_start-0x7ffff012>
 3b4:	0000005b          	.4byte	0x5b
 3b8:	41070203          	lb	tp,1040(a4)
 3bc:	0001                	nop
 3be:	1100                	addi	s0,sp,160
 3c0:	0504                	addi	s1,sp,640
 3c2:	6e69                	lui	t3,0x1a
 3c4:	0074                	addi	a3,sp,12
 3c6:	5406                	lw	s0,96(sp)
 3c8:	0001                	nop
 3ca:	0300                	addi	s0,sp,384
 3cc:	0075194f          	.4byte	0x75194f
 3d0:	0000                	unimp
 3d2:	4f070403          	lb	s0,1264(a4)
 3d6:	0002                	c.slli64	zero
 3d8:	0300                	addi	s0,sp,384
 3da:	0508                	addi	a0,sp,640
 3dc:	0266                	slli	tp,tp,0x19
 3de:	0000                	unimp
 3e0:	4a070803          	lb	a6,1184(a4)
 3e4:	0002                	c.slli64	zero
 3e6:	0600                	addi	s0,sp,768
 3e8:	00000227          	.4byte	0x227
 3ec:	1804                	addi	s1,sp,48
 3ee:	00003513          	sltiu	a0,zero,0
 3f2:	0b00                	addi	s0,sp,400
 3f4:	008a                	slli	ra,ra,0x2
 3f6:	0000                	unimp
 3f8:	4206                	lw	tp,64(sp)
 3fa:	04000003          	lb	zero,64(zero) # 40 <_prog_start-0x7fffffc0>
 3fe:	1424                	addi	s1,sp,552
 400:	0000004f          	.4byte	0x4f
 404:	5606                	lw	a2,96(sp)
 406:	0001                	nop
 408:	0400                	addi	s0,sp,512
 40a:	1430                	addi	a2,sp,552
 40c:	0069                	c.nop	26
 40e:	0000                	unimp
 410:	a70c                	.2byte	0xa70c
 412:	0000                	unimp
 414:	0300                	addi	s0,sp,384
 416:	0508                	addi	a0,sp,640
 418:	0261                	addi	tp,tp,24 # fffffffffffe0018 <crc3+0xffffffff7ffdd000>
 41a:	0000                	unimp
 41c:	e4041003          	lh	zero,-448(s0) # fffffffffffdfe40 <crc3+0xffffffff7ffdce28>
 420:	0002                	c.slli64	zero
 422:	1200                	addi	s0,sp,288
 424:	0408                	addi	a0,sp,512
 426:	00cd                	addi	ra,ra,19
 428:	0000                	unimp
 42a:	3c080103          	lb	sp,960(a6)
 42e:	0001                	nop
 430:	0300                	addi	s0,sp,384
 432:	0708                	addi	a0,sp,896
 434:	0245                	addi	tp,tp,17 # 11 <_prog_start-0x7fffffef>
 436:	0000                	unimp
 438:	7a01                	lui	s4,0xfffe0
 43a:	0001                	nop
 43c:	0500                	addi	s0,sp,640
 43e:	00f62213          	slti	tp,a2,15
 442:	0000                	unimp
 444:	0309                	addi	t1,t1,2 # fffffffffffe1002 <crc3+0xffffffff7ffddfea>
 446:	0b50                	addi	a2,sp,404
 448:	8000                	.2byte	0x8000
 44a:	0000                	unimp
 44c:	0000                	unimp
 44e:	b304                	.2byte	0xb304
 450:	0000                	unimp
 452:	0b00                	addi	s0,sp,400
 454:	00f1                	addi	ra,ra,28
 456:	0000                	unimp
 458:	f002                	sd	zero,32(sp)
 45a:	0002                	c.slli64	zero
 45c:	0100                	addi	s0,sp,128
 45e:	1308                	addi	a0,sp,416
 460:	000000b3          	add	ra,zero,zero
 464:	0309                	addi	t1,t1,2
 466:	3000                	.2byte	0x3000
 468:	8000                	.2byte	0x8000
 46a:	0000                	unimp
 46c:	0000                	unimp
 46e:	2f02                	.2byte	0x2f02
 470:	0002                	c.slli64	zero
 472:	0100                	addi	s0,sp,128
 474:	1309                	addi	t1,t1,-30
 476:	000000b3          	add	ra,zero,zero
 47a:	0309                	addi	t1,t1,2
 47c:	3004                	.2byte	0x3004
 47e:	8000                	.2byte	0x8000
 480:	0000                	unimp
 482:	0000                	unimp
 484:	ac02                	.2byte	0xac02
 486:	0002                	c.slli64	zero
 488:	0100                	addi	s0,sp,128
 48a:	130a                	slli	t1,t1,0x22
 48c:	000000b3          	add	ra,zero,zero
 490:	0309                	addi	t1,t1,2
 492:	3008                	.2byte	0x3008
 494:	8000                	.2byte	0x8000
 496:	0000                	unimp
 498:	0000                	unimp
 49a:	6302                	ld	t1,0(sp)
 49c:	01000003          	lb	zero,16(zero) # 10 <_prog_start-0x7ffffff0>
 4a0:	080d                	addi	a6,a6,3
 4a2:	00000153          	.4byte	0x153
 4a6:	0309                	addi	t1,t1,2
 4a8:	0b58                	addi	a4,sp,404
 4aa:	8000                	.2byte	0x8000
 4ac:	0000                	unimp
 4ae:	0000                	unimp
 4b0:	c604                	sw	s1,8(a2)
 4b2:	0000                	unimp
 4b4:	0100                	addi	s0,sp,128
 4b6:	0321                	addi	t1,t1,8
 4b8:	0000                	unimp
 4ba:	0f01                	addi	t5,t5,0
 4bc:	0000f11b          	.4byte	0xf11b
 4c0:	0900                	addi	s0,sp,144
 4c2:	000b6003          	lwu	zero,0(s6)
 4c6:	0080                	addi	s0,sp,64
 4c8:	0000                	unimp
 4ca:	0100                	addi	s0,sp,128
 4cc:	0295                	addi	t0,t0,5
 4ce:	0000                	unimp
 4d0:	1001                	c.nop	-32
 4d2:	0000f11b          	.4byte	0xf11b
 4d6:	0900                	addi	s0,sp,144
 4d8:	000b6803          	lwu	a6,0(s6)
 4dc:	0080                	addi	s0,sp,64
 4de:	0000                	unimp
 4e0:	0100                	addi	s0,sp,128
 4e2:	0000029b          	sext.w	t0,zero
 4e6:	1101                	addi	sp,sp,-32
 4e8:	0000f11b          	.4byte	0xf11b
 4ec:	0900                	addi	s0,sp,144
 4ee:	000b7003          	.4byte	0xb7003
 4f2:	0080                	addi	s0,sp,64
 4f4:	0000                	unimp
 4f6:	0100                	addi	s0,sp,128
 4f8:	00000307          	.4byte	0x307
 4fc:	1201                	addi	tp,tp,-32 # ffffffffffffffe0 <crc3+0xffffffff7fffcfc8>
 4fe:	0000f11b          	.4byte	0xf11b
 502:	0900                	addi	s0,sp,144
 504:	000b7803          	.4byte	0xb7803
 508:	0080                	addi	s0,sp,64
 50a:	0000                	unimp
 50c:	0100                	addi	s0,sp,128
 50e:	02a1                	addi	t0,t0,8
 510:	0000                	unimp
 512:	1301                	addi	t1,t1,-32
 514:	0000f11b          	.4byte	0xf11b
 518:	0900                	addi	s0,sp,144
 51a:	000b8003          	lb	zero,0(s7)
 51e:	0080                	addi	s0,sp,64
 520:	0000                	unimp
 522:	0600                	addi	s0,sp,768
 524:	0000020b          	.4byte	0x20b
 528:	0e02                	c.slli64	t3
 52a:	9b12                	add	s6,s6,tp
 52c:	0000                	unimp
 52e:	0c00                	addi	s0,sp,528
 530:	01c6                	slli	gp,gp,0x11
 532:	0000                	unimp
 534:	7501                	lui	a0,0xfffe0
 536:	02000003          	lb	zero,32(zero) # 20 <_prog_start-0x7fffffe0>
 53a:	1810                	addi	a2,sp,48
 53c:	01ed                	addi	gp,gp,27
 53e:	0000                	unimp
 540:	0309                	addi	t1,t1,2
 542:	0b88                	addi	a0,sp,464
 544:	8000                	.2byte	0x8000
 546:	0000                	unimp
 548:	0000                	unimp
 54a:	d204                	sw	s1,32(a2)
 54c:	0001                	nop
 54e:	1300                	addi	s0,sp,416
 550:	008a                	slli	ra,ra,0x2
 552:	0000                	unimp
 554:	0202                	c.slli64	tp
 556:	0000                	unimp
 558:	8314                	.2byte	0x8314
 55a:	0000                	unimp
 55c:	0700                	addi	s0,sp,896
 55e:	0200                	addi	s0,sp,256
 560:	02bc                	addi	a5,sp,328
 562:	0000                	unimp
 564:	1202                	slli	tp,tp,0x20
 566:	f209                	bnez	a2,468 <_prog_start-0x7ffffb98>
 568:	0001                	nop
 56a:	0900                	addi	s0,sp,144
 56c:	000b9003          	lh	zero,0(s7)
 570:	0080                	addi	s0,sp,64
 572:	0000                	unimp
 574:	0200                	addi	s0,sp,256
 576:	02c6                	slli	t0,t0,0x11
 578:	0000                	unimp
 57a:	1302                	slli	t1,t1,0x20
 57c:	f209                	bnez	a2,47e <_prog_start-0x7ffffb82>
 57e:	0001                	nop
 580:	0900                	addi	s0,sp,144
 582:	000b9803          	lh	a6,0(s7)
 586:	0080                	addi	s0,sp,64
 588:	0000                	unimp
 58a:	0200                	addi	s0,sp,256
 58c:	02d0                	addi	a2,sp,324
 58e:	0000                	unimp
 590:	1402                	slli	s0,s0,0x20
 592:	f209                	bnez	a2,494 <_prog_start-0x7ffffb6c>
 594:	0001                	nop
 596:	0900                	addi	s0,sp,144
 598:	000ba003          	lw	zero,0(s7)
 59c:	0080                	addi	s0,sp,64
 59e:	0000                	unimp
 5a0:	0200                	addi	s0,sp,256
 5a2:	02da                	slli	t0,t0,0x16
 5a4:	0000                	unimp
 5a6:	1502                	slli	a0,a0,0x20
 5a8:	f209                	bnez	a2,4aa <_prog_start-0x7ffffb56>
 5aa:	0001                	nop
 5ac:	0900                	addi	s0,sp,144
 5ae:	000ba803          	lw	a6,0(s7)
 5b2:	0080                	addi	s0,sp,64
 5b4:	0000                	unimp
 5b6:	0200                	addi	s0,sp,256
 5b8:	0000023b          	addw	tp,zero,zero
 5bc:	1702                	slli	a4,a4,0x20
 5be:	a70a                	.2byte	0xa70a
 5c0:	0000                	unimp
 5c2:	0900                	addi	s0,sp,144
 5c4:	00300c03          	lb	s8,3(zero) # 3 <_prog_start-0x7ffffffd>
 5c8:	0080                	addi	s0,sp,64
 5ca:	0000                	unimp
 5cc:	0200                	addi	s0,sp,256
 5ce:	0240                	addi	s0,sp,260
 5d0:	0000                	unimp
 5d2:	1802                	slli	a6,a6,0x20
 5d4:	a70a                	.2byte	0xa70a
 5d6:	0000                	unimp
 5d8:	0900                	addi	s0,sp,144
 5da:	00301003          	lh	zero,3(zero) # 3 <_prog_start-0x7ffffffd>
 5de:	0080                	addi	s0,sp,64
 5e0:	0000                	unimp
 5e2:	0200                	addi	s0,sp,256
 5e4:	0000033b          	addw	t1,zero,zero
 5e8:	1902                	slli	s2,s2,0x20
 5ea:	a70a                	.2byte	0xa70a
 5ec:	0000                	unimp
 5ee:	0900                	addi	s0,sp,144
 5f0:	00301403          	lh	s0,3(zero) # 3 <_prog_start-0x7ffffffd>
 5f4:	0080                	addi	s0,sp,64
 5f6:	0000                	unimp
 5f8:	0200                	addi	s0,sp,256
 5fa:	025c                	addi	a5,sp,260
 5fc:	0000                	unimp
 5fe:	1a02                	slli	s4,s4,0x20
 600:	a70a                	.2byte	0xa70a
 602:	0000                	unimp
 604:	0900                	addi	s0,sp,144
 606:	00301803          	lh	a6,3(zero) # 3 <_prog_start-0x7ffffffd>
 60a:	0080                	addi	s0,sp,64
 60c:	0000                	unimp
 60e:	1500                	addi	s0,sp,672
 610:	00000283          	lb	t0,0(zero) # 0 <_prog_start-0x80000000>
 614:	1d01                	addi	s10,s10,-32 # 18fe0 <_prog_start-0x7ffe7020>
 616:	a711                	j	d1a <_prog_start-0x7ffff2e6>
 618:	0000                	unimp
 61a:	c400                	sw	s0,8(s0)
 61c:	0002                	c.slli64	zero
 61e:	0700                	addi	s0,sp,896
 620:	0900                	addi	s0,sp,144
 622:	030d                	addi	t1,t1,3
 624:	0000                	unimp
 626:	0002d01b          	srliw	zero,t0,0x0
 62a:	0700                	addi	s0,sp,896
 62c:	0900                	addi	s0,sp,144
 62e:	0000026f          	jal	tp,62e <_prog_start-0x7ffff9d2>
 632:	dc16                	sw	t0,56(sp)
 634:	0002                	c.slli64	zero
 636:	0700                	addi	s0,sp,896
 638:	0900                	addi	s0,sp,144
 63a:	027a                	slli	tp,tp,0x1e
 63c:	0000                	unimp
 63e:	e815                	bnez	s0,672 <_prog_start-0x7ffff98e>
 640:	0002                	c.slli64	zero
 642:	0700                	addi	s0,sp,896
 644:	1600                	addi	s0,sp,800
 646:	0000039b          	sext.w	t2,zero
 64a:	3002                	.2byte	0x3002
 64c:	6205                	lui	tp,0x1
 64e:	0000                	unimp
 650:	3800                	.2byte	0x3800
 652:	000a                	c.slli	zero,0x2
 654:	0080                	addi	s0,sp,64
 656:	0000                	unimp
 658:	ca00                	sw	s0,16(a2)
 65a:	0000                	unimp
 65c:	0000                	unimp
 65e:	0000                	unimp
 660:	0100                	addi	s0,sp,128
 662:	659c                	ld	a5,8(a1)
 664:	05000003          	lb	zero,80(zero) # 50 <_prog_start-0x7fffffb0>
 668:	028e                	slli	t0,t0,0x3
 66a:	0000                	unimp
 66c:	3002                	.2byte	0x3002
 66e:	620e                	ld	tp,192(sp)
 670:	0000                	unimp
 672:	0200                	addi	s0,sp,256
 674:	5c91                	li	s9,-28
 676:	7005                	c.lui	zero,0xfffe1
 678:	02000003          	lb	zero,32(zero) # 20 <_prog_start-0x7fffffe0>
 67c:	1d30                	addi	a2,sp,696
 67e:	0365                	addi	t1,t1,25
 680:	0000                	unimp
 682:	9102                	jalr	sp
 684:	0150                	addi	a2,sp,132
 686:	037a                	slli	t1,t1,0x1e
 688:	0000                	unimp
 68a:	3402                	.2byte	0x3402
 68c:	a70c                	.2byte	0xa70c
 68e:	0000                	unimp
 690:	0200                	addi	s0,sp,256
 692:	6c91                	lui	s9,0x4
 694:	7f01                	lui	t5,0xfffe0
 696:	02000003          	lb	zero,32(zero) # 20 <_prog_start-0x7fffffe0>
 69a:	0c35                	addi	s8,s8,13 # 1d00d <_prog_start-0x7ffe2ff3>
 69c:	000000a7          	.4byte	0xa7
 6a0:	9102                	jalr	sp
 6a2:	0168                	addi	a0,sp,140
 6a4:	0384                	addi	s1,sp,448
 6a6:	0000                	unimp
 6a8:	3602                	.2byte	0x3602
 6aa:	a70c                	.2byte	0xa70c
 6ac:	0000                	unimp
 6ae:	0200                	addi	s0,sp,256
 6b0:	6491                	lui	s1,0x4
 6b2:	9601                	srai	a2,a2,0x20
 6b4:	02000003          	lb	zero,32(zero) # 20 <_prog_start-0x7fffffe0>
 6b8:	00a70c37          	lui	s8,0xa70
 6bc:	0000                	unimp
 6be:	9102                	jalr	sp
 6c0:	0060                	addi	s0,sp,12
 6c2:	c804                	sw	s1,16(s0)
 6c4:	0000                	unimp
 6c6:	1700                	addi	s0,sp,928
 6c8:	0205                	addi	tp,tp,1 # 1001 <_prog_start-0x7fffefff>
 6ca:	0000                	unimp
 6cc:	1c02                	slli	s8,s8,0x20
 6ce:	6c06                	ld	s8,64(sp)
 6d0:	0009                	c.nop	2
 6d2:	0080                	addi	s0,sp,64
 6d4:	0000                	unimp
 6d6:	cc00                	sw	s0,24(s0)
 6d8:	0000                	unimp
 6da:	0000                	unimp
 6dc:	0000                	unimp
 6de:	0100                	addi	s0,sp,128
 6e0:	2e9c                	.2byte	0x2e9c
 6e2:	0004                	.2byte	0x4
 6e4:	0500                	addi	s0,sp,640
 6e6:	000002b7          	lui	t0,0x0
 6ea:	1c02                	slli	s8,s8,0x20
 6ec:	00042e1b          	.4byte	0x42e1b
 6f0:	0200                	addi	s0,sp,256
 6f2:	4891                	li	a7,4
 6f4:	6c0d                	lui	s8,0x3
 6f6:	6e65                	lui	t3,0x19
 6f8:	2f00                	.2byte	0x2f00
 6fa:	00000433          	add	s0,zero,zero
 6fe:	9102                	jalr	sp
 700:	0d40                	addi	s0,sp,660
 702:	00637263          	bgeu	t1,t1,706 <_prog_start-0x7ffff8fa>
 706:	3342                	.2byte	0x3342
 708:	0004                	.2byte	0x4
 70a:	0300                	addi	s0,sp,384
 70c:	b891                	j	ffffffffffffff60 <crc3+0xffffffff7fffcf48>
 70e:	017f                	.2byte	0x17f
 710:	0211                	addi	tp,tp,4 # 4 <_prog_start-0x7ffffffc>
 712:	0000                	unimp
 714:	1d02                	slli	s10,s10,0x20
 716:	7510                	ld	a2,40(a0)
 718:	0000                	unimp
 71a:	0200                	addi	s0,sp,256
 71c:	6c91                	lui	s9,0x4
 71e:	3401                	addiw	s0,s0,-32
 720:	02000003          	lb	zero,32(zero) # 20 <_prog_start-0x7fffffe0>
 724:	101e                	c.slli	zero,0x27
 726:	0075                	c.nop	29
 728:	0000                	unimp
 72a:	9102                	jalr	sp
 72c:	0860                	addi	s0,sp,28
 72e:	098e                	slli	s3,s3,0x3
 730:	8000                	.2byte	0x8000
 732:	0000                	unimp
 734:	0000                	unimp
 736:	0090                	addi	a2,sp,64
 738:	0000                	unimp
 73a:	0000                	unimp
 73c:	0000                	unimp
 73e:	690e                	ld	s2,192(sp)
 740:	2000                	.2byte	0x2000
 742:	620c                	ld	a1,0(a2)
 744:	0000                	unimp
 746:	0200                	addi	s0,sp,256
 748:	6891                	lui	a7,0x4
 74a:	9408                	.2byte	0x9408
 74c:	0009                	c.nop	2
 74e:	0080                	addi	s0,sp,64
 750:	0000                	unimp
 752:	7200                	ld	s0,32(a2)
 754:	0000                	unimp
 756:	0000                	unimp
 758:	0000                	unimp
 75a:	0100                	addi	s0,sp,128
 75c:	000002a7          	.4byte	0x2a7
 760:	2102                	.2byte	0x2102
 762:	00008a0f          	.4byte	0x8a0f
 766:	0200                	addi	s0,sp,256
 768:	5f91                	li	t6,-28
 76a:	b608                	.2byte	0xb608
 76c:	0009                	c.nop	2
 76e:	0080                	addi	s0,sp,64
 770:	0000                	unimp
 772:	5000                	lw	s0,32(s0)
 774:	0000                	unimp
 776:	0000                	unimp
 778:	0000                	unimp
 77a:	0e00                	addi	s0,sp,784
 77c:	006a                	c.slli	zero,0x1a
 77e:	1024                	addi	s1,sp,40
 780:	0062                	c.slli	zero,0x18
 782:	0000                	unimp
 784:	9102                	jalr	sp
 786:	0064                	addi	s1,sp,12
 788:	0000                	unimp
 78a:	0400                	addi	s0,sp,512
 78c:	0096                	slli	ra,ra,0x5
 78e:	0000                	unimp
 790:	7504                	ld	s1,40(a0)
 792:	0000                	unimp
 794:	0f00                	addi	s0,sp,912
 796:	00000357          	.4byte	0x357
 79a:	304c                	.2byte	0x304c
 79c:	0009                	c.nop	2
 79e:	0080                	addi	s0,sp,64
 7a0:	0000                	unimp
 7a2:	3c00                	.2byte	0x3c00
 7a4:	0000                	unimp
 7a6:	0000                	unimp
 7a8:	0000                	unimp
 7aa:	0100                	addi	s0,sp,128
 7ac:	649c                	ld	a5,8(s1)
 7ae:	0004                	.2byte	0x4
 7b0:	0100                	addi	s0,sp,128
 7b2:	03a0                	addi	s0,sp,456
 7b4:	0000                	unimp
 7b6:	4f01                	li	t5,0
 7b8:	a70e                	.2byte	0xa70e
 7ba:	0000                	unimp
 7bc:	0200                	addi	s0,sp,256
 7be:	6c91                	lui	s9,0x4
 7c0:	0f00                	addi	s0,sp,912
 7c2:	02fc                	addi	a5,sp,332
 7c4:	0000                	unimp
 7c6:	bc34                	.2byte	0xbc34
 7c8:	00800007          	.4byte	0x800007
 7cc:	0000                	unimp
 7ce:	7400                	ld	s0,40(s0)
 7d0:	0001                	nop
 7d2:	0000                	unimp
 7d4:	0000                	unimp
 7d6:	0100                	addi	s0,sp,128
 7d8:	cf9c                	sw	a5,24(a5)
 7da:	0004                	.2byte	0x4
 7dc:	0800                	addi	s0,sp,16
 7de:	07f6                	slli	a5,a5,0x1d
 7e0:	8000                	.2byte	0x8000
 7e2:	0000                	unimp
 7e4:	0000                	unimp
 7e6:	0112                	slli	sp,sp,0x4
 7e8:	0000                	unimp
 7ea:	0000                	unimp
 7ec:	0000                	unimp
 7ee:	1a01                	addi	s4,s4,-32 # fffffffffffdffe0 <crc3+0xffffffff7ffdcfc8>
 7f0:	0002                	c.slli64	zero
 7f2:	0100                	addi	s0,sp,128
 7f4:	1438                	addi	a4,sp,552
 7f6:	04e4                	addi	s1,sp,588
 7f8:	0000                	unimp
 7fa:	9102                	jalr	sp
 7fc:	0168                	addi	a0,sp,140
 7fe:	0220                	addi	s0,sp,264
 800:	0000                	unimp
 802:	3a01                	addiw	s4,s4,-32
 804:	0000c613          	xori	a2,ra,0
 808:	0200                	addi	s0,sp,256
 80a:	6091                	lui	ra,0x4
 80c:	1c01                	addi	s8,s8,-32 # 2fe0 <_prog_start-0x7fffd020>
 80e:	01000003          	lb	zero,16(zero) # 10 <_prog_start-0x7ffffff0>
 812:	00c6133b          	sllw	t1,a2,a2
 816:	0000                	unimp
 818:	9102                	jalr	sp
 81a:	0158                	addi	a4,sp,132
 81c:	0200                	addi	s0,sp,256
 81e:	0000                	unimp
 820:	3c01                	addiw	s8,s8,-32
 822:	0000c613          	xori	a2,ra,0
 826:	0200                	addi	s0,sp,256
 828:	5091                	li	ra,-28
 82a:	0000                	unimp
 82c:	e418                	sd	a4,8(s0)
 82e:	0004                	.2byte	0x4
 830:	0a00                	addi	s0,sp,272
 832:	00c6                	slli	ra,ra,0x11
 834:	0000                	unimp
 836:	c60a                	sw	sp,12(sp)
 838:	0000                	unimp
 83a:	0a00                	addi	s0,sp,272
 83c:	00c6                	slli	ra,ra,0x11
 83e:	0000                	unimp
 840:	0400                	addi	s0,sp,512
 842:	000004cf          	.4byte	0x4cf
 846:	2619                	addiw	a2,a2,6
 848:	01000003          	lb	zero,16(zero) # 10 <_prog_start-0x7ffffff0>
 84c:	06b2062b          	.4byte	0x6b2062b
 850:	8000                	.2byte	0x8000
 852:	0000                	unimp
 854:	0000                	unimp
 856:	010a                	slli	sp,sp,0x2
 858:	0000                	unimp
 85a:	0000                	unimp
 85c:	0000                	unimp
 85e:	9c01                	subw	s0,s0,s0
 860:	0544                	addi	s1,sp,644
 862:	0000                	unimp
 864:	1a05                	addi	s4,s4,-31
 866:	0002                	c.slli64	zero
 868:	0100                	addi	s0,sp,128
 86a:	00c61a2b          	.4byte	0xc61a2b
 86e:	0000                	unimp
 870:	9102                	jalr	sp
 872:	0568                	addi	a0,sp,652
 874:	0220                	addi	s0,sp,264
 876:	0000                	unimp
 878:	2b01                	sext.w	s6,s6
 87a:	0000c627          	.4byte	0xc627
 87e:	0200                	addi	s0,sp,256
 880:	6091                	lui	ra,0x4
 882:	1c05                	addi	s8,s8,-31
 884:	01000003          	lb	zero,16(zero) # 10 <_prog_start-0x7ffffff0>
 888:	00c6332b          	.4byte	0xc6332b
 88c:	0000                	unimp
 88e:	9102                	jalr	sp
 890:	0558                	addi	a4,sp,644
 892:	0200                	addi	s0,sp,256
 894:	0000                	unimp
 896:	2b01                	sext.w	s6,s6
 898:	0000c63f 50910200 	.8byte	0x509102000000c63f
 8a0:	1a00                	addi	s0,sp,304
 8a2:	0000034b          	.4byte	0x34b
 8a6:	2201                	sext.w	tp,tp
 8a8:	6c06                	ld	s8,64(sp)
 8aa:	0006                	c.slli	zero,0x1
 8ac:	0080                	addi	s0,sp,64
 8ae:	0000                	unimp
 8b0:	4600                	lw	s0,8(a2)
 8b2:	0000                	unimp
 8b4:	0000                	unimp
 8b6:	0000                	unimp
 8b8:	0100                	addi	s0,sp,128
 8ba:	059c                	addi	a5,sp,704
 8bc:	0389                	addi	t2,t2,2
 8be:	0000                	unimp
 8c0:	2201                	sext.w	tp,tp
 8c2:	0000a71b          	.4byte	0xa71b
 8c6:	0200                	addi	s0,sp,256
 8c8:	6c91                	lui	s9,0x4
	...

Disassembly of section .debug_abbrev:

0000000000000000 <.debug_abbrev>:
   0:	1101                	addi	sp,sp,-32
   2:	1000                	addi	s0,sp,32
   4:	12011117          	auipc	sp,0x12011
   8:	1b0e030f          	.4byte	0x1b0e030f
   c:	250e                	.2byte	0x250e
   e:	130e                	slli	t1,t1,0x23
  10:	0005                	c.nop	1
  12:	0000                	unimp
  14:	1101                	addi	sp,sp,-32 # 12010fe4 <_prog_start-0x6dfef01c>
  16:	1000                	addi	s0,sp,32
  18:	12011117          	auipc	sp,0x12011
  1c:	1b0e030f          	.4byte	0x1b0e030f
  20:	250e                	.2byte	0x250e
  22:	130e                	slli	t1,t1,0x23
  24:	0005                	c.nop	1
  26:	0000                	unimp
  28:	3401                	addiw	s0,s0,-32
  2a:	0300                	addi	s0,sp,384
  2c:	3a08                	.2byte	0x3a08
  2e:	390b3b0b          	.4byte	0x390b3b0b
  32:	0213490b          	.4byte	0x213490b
  36:	0018                	.2byte	0x18
  38:	0200                	addi	s0,sp,256
  3a:	0024                	addi	s1,sp,8
  3c:	0b3e0b0b          	.4byte	0xb3e0b0b
  40:	00000e03          	lb	t3,0(zero) # 0 <_prog_start-0x80000000>
  44:	03001603          	lh	a2,48(zero) # 30 <_prog_start-0x7fffffd0>
  48:	3a0e                	.2byte	0x3a0e
  4a:	390b3b0b          	.4byte	0x390b3b0b
  4e:	0013490b          	.4byte	0x13490b
  52:	0400                	addi	s0,sp,512
  54:	0034                	addi	a3,sp,8
  56:	0b3a0e03          	lb	t3,179(s4)
  5a:	0b390b3b          	.4byte	0xb390b3b
  5e:	1349                	addi	t1,t1,-14
  60:	1802                	slli	a6,a6,0x20
  62:	0000                	unimp
  64:	0505                	addi	a0,a0,1 # fffffffffffe0001 <crc3+0xffffffff7ffdcfe9>
  66:	0300                	addi	s0,sp,384
  68:	3a08                	.2byte	0x3a08
  6a:	390b3b0b          	.4byte	0x390b3b0b
  6e:	0213490b          	.4byte	0x213490b
  72:	0018                	.2byte	0x18
  74:	0600                	addi	s0,sp,768
  76:	0111010b          	.4byte	0x111010b
  7a:	0712                	slli	a4,a4,0x4
  7c:	0000                	unimp
  7e:	11010b07          	.4byte	0x11010b07
  82:	1201                	addi	tp,tp,-32 # ffffffffffffffe0 <crc3+0xffffffff7fffcfc8>
  84:	00130107          	.4byte	0x130107
  88:	0800                	addi	s0,sp,16
  8a:	210b000f          	.4byte	0x210b000f
  8e:	4908                	lw	a0,16(a0)
  90:	09000013          	li	zero,144
  94:	0026                	c.slli	zero,0x9
  96:	1349                	addi	t1,t1,-14
  98:	0000                	unimp
  9a:	2e0a                	.2byte	0x2e0a
  9c:	3f01                	addiw	t5,t5,-32 # fffffffffffdffe0 <crc3+0xffffffff7ffdcfc8>
  9e:	0319                	addi	t1,t1,6
  a0:	3a0e                	.2byte	0x3a0e
  a2:	0221                	addi	tp,tp,8 # 8 <_prog_start-0x7ffffff8>
  a4:	21390b3b          	.4byte	0x21390b3b
  a8:	2706                	.2byte	0x2706
  aa:	1119                	addi	sp,sp,-26 # 12010ffe <_prog_start-0x6dfef002>
  ac:	1201                	addi	tp,tp,-32 # ffffffffffffffe0 <crc3+0xffffffff7fffcfc8>
  ae:	7c184007          	.4byte	0x7c184007
  b2:	0119                	addi	sp,sp,6
  b4:	0b000013          	li	zero,176
  b8:	0111                	addi	sp,sp,4
  ba:	0e25                	addi	t3,t3,9 # 19009 <_prog_start-0x7ffe6ff7>
  bc:	1f030b13          	addi	s6,t1,496
  c0:	01111f1b          	slliw	t5,sp,0x11
  c4:	0712                	slli	a4,a4,0x4
  c6:	1710                	addi	a2,sp,928
  c8:	0000                	unimp
  ca:	0f0c                	addi	a1,sp,912
  cc:	0b00                	addi	s0,sp,400
  ce:	000e030b          	.4byte	0xe030b
  d2:	0d00                	addi	s0,sp,656
  d4:	0024                	addi	s1,sp,8
  d6:	0b3e0b0b          	.4byte	0xb3e0b0b
  da:	00000803          	lb	a6,0(zero) # 0 <_prog_start-0x80000000>
  de:	350e                	.2byte	0x350e
  e0:	4900                	lw	s0,16(a0)
  e2:	0f000013          	li	zero,240
  e6:	0018                	.2byte	0x18
  e8:	0000                	unimp
  ea:	0110                	addi	a2,sp,128
  ec:	4901                	li	s2,0
  ee:	00130113          	addi	sp,t1,1
  f2:	1100                	addi	s0,sp,160
  f4:	0021                	c.nop	8
  f6:	1349                	addi	t1,t1,-14
  f8:	00000b2f          	.4byte	0xb2f
  fc:	2e12                	.2byte	0x2e12
  fe:	0301                	addi	t1,t1,0
 100:	3a0e                	.2byte	0x3a0e
 102:	390b3b0b          	.4byte	0x390b3b0b
 106:	1119270b          	.4byte	0x1119270b
 10a:	1201                	addi	tp,tp,-32 # ffffffffffffffe0 <crc3+0xffffffff7fffcfc8>
 10c:	7c184007          	.4byte	0x7c184007
 110:	0119                	addi	sp,sp,6
 112:	13000013          	li	zero,304
 116:	012e                	slli	sp,sp,0xb
 118:	0b3a0e03          	lb	t3,179(s4)
 11c:	0b390b3b          	.4byte	0xb390b3b
 120:	01111927          	.4byte	0x1111927
 124:	0712                	slli	a4,a4,0x4
 126:	1840                	addi	s0,sp,52
 128:	197a                	slli	s2,s2,0x3e
 12a:	0000                	unimp
 12c:	0100                	addi	s0,sp,128
 12e:	0034                	addi	a3,sp,8
 130:	0b3a0e03          	lb	t3,179(s4)
 134:	0b390b3b          	.4byte	0xb390b3b
 138:	1349                	addi	t1,t1,-14
 13a:	1802                	slli	a6,a6,0x20
 13c:	0000                	unimp
 13e:	3402                	.2byte	0x3402
 140:	0300                	addi	s0,sp,384
 142:	3a0e                	.2byte	0x3a0e
 144:	390b3b0b          	.4byte	0x390b3b0b
 148:	3f13490b          	.4byte	0x3f13490b
 14c:	0219                	addi	tp,tp,6 # 6 <_prog_start-0x7ffffffa>
 14e:	0018                	.2byte	0x18
 150:	0300                	addi	s0,sp,384
 152:	0024                	addi	s1,sp,8
 154:	0b3e0b0b          	.4byte	0xb3e0b0b
 158:	00000e03          	lb	t3,0(zero) # 0 <_prog_start-0x80000000>
 15c:	0f04                	addi	s1,sp,912
 15e:	0b00                	addi	s0,sp,400
 160:	0821                	addi	a6,a6,8
 162:	1349                	addi	t1,t1,-14
 164:	0000                	unimp
 166:	0505                	addi	a0,a0,1
 168:	0300                	addi	s0,sp,384
 16a:	3a0e                	.2byte	0x3a0e
 16c:	390b3b0b          	.4byte	0x390b3b0b
 170:	0213490b          	.4byte	0x213490b
 174:	0018                	.2byte	0x18
 176:	0600                	addi	s0,sp,768
 178:	0016                	c.slli	zero,0x5
 17a:	0b3a0e03          	lb	t3,179(s4)
 17e:	0b390b3b          	.4byte	0xb390b3b
 182:	1349                	addi	t1,t1,-14
 184:	0000                	unimp
 186:	00001807          	.4byte	0x1807
 18a:	0800                	addi	s0,sp,16
 18c:	0111010b          	.4byte	0x111010b
 190:	0712                	slli	a4,a4,0x4
 192:	0000                	unimp
 194:	2e09                	addiw	t3,t3,2
 196:	3f01                	addiw	t5,t5,-32
 198:	0319                	addi	t1,t1,6
 19a:	3a0e                	.2byte	0x3a0e
 19c:	0121                	addi	sp,sp,8
 19e:	21390b3b          	.4byte	0x21390b3b
 1a2:	3c0d                	addiw	s8,s8,-29
 1a4:	0119                	addi	sp,sp,6
 1a6:	0a000013          	li	zero,160
 1aa:	0005                	c.nop	1
 1ac:	1349                	addi	t1,t1,-14
 1ae:	0000                	unimp
 1b0:	4900260b          	.4byte	0x4900260b
 1b4:	0c000013          	li	zero,192
 1b8:	0035                	c.nop	13
 1ba:	1349                	addi	t1,t1,-14
 1bc:	0000                	unimp
 1be:	050d                	addi	a0,a0,3
 1c0:	0300                	addi	s0,sp,384
 1c2:	3a08                	.2byte	0x3a08
 1c4:	0221                	addi	tp,tp,8 # 8 <_prog_start-0x7ffffff8>
 1c6:	391c213b          	.4byte	0x391c213b
 1ca:	0213490b          	.4byte	0x213490b
 1ce:	0018                	.2byte	0x18
 1d0:	0e00                	addi	s0,sp,784
 1d2:	0034                	addi	a3,sp,8
 1d4:	213a0803          	lb	a6,531(s4)
 1d8:	3b02                	.2byte	0x3b02
 1da:	490b390b          	.4byte	0x490b390b
 1de:	00180213          	addi	tp,a6,1
 1e2:	0f00                	addi	s0,sp,912
 1e4:	012e                	slli	sp,sp,0xb
 1e6:	0e03193f 3b01213a 	.8byte	0x3b01213a0e03193f
 1ee:	0621390b          	.4byte	0x621390b
 1f2:	0111                	addi	sp,sp,4
 1f4:	0712                	slli	a4,a4,0x4
 1f6:	1840                	addi	s0,sp,52
 1f8:	197c                	addi	a5,sp,188
 1fa:	1301                	addi	t1,t1,-32
 1fc:	0000                	unimp
 1fe:	1110                	addi	a2,sp,160
 200:	2501                	sext.w	a0,a0
 202:	130e                	slli	t1,t1,0x23
 204:	1b1f030b          	.4byte	0x1b1f030b
 208:	111f 1201 1007      	.byte	0x1f, 0x11, 0x01, 0x12, 0x07, 0x10
 20e:	11000017          	auipc	zero,0x11000
 212:	0024                	addi	s1,sp,8
 214:	0b3e0b0b          	.4byte	0xb3e0b0b
 218:	00000803          	lb	a6,0(zero) # 0 <_prog_start-0x80000000>
 21c:	0f12                	slli	t5,t5,0x4
 21e:	0b00                	addi	s0,sp,400
 220:	1300000b          	.4byte	0x1300000b
 224:	0101                	addi	sp,sp,0
 226:	1349                	addi	t1,t1,-14
 228:	1301                	addi	t1,t1,-32
 22a:	0000                	unimp
 22c:	2114                	.2byte	0x2114
 22e:	4900                	lw	s0,16(a0)
 230:	000b2f13          	slti	t5,s6,0
 234:	1500                	addi	s0,sp,672
 236:	012e                	slli	sp,sp,0xb
 238:	0e03193f 0b3b0b3a 	.8byte	0xb3b0b3a0e03193f
 240:	0b39                	addi	s6,s6,14
 242:	1349                	addi	t1,t1,-14
 244:	193c                	addi	a5,sp,184
 246:	1301                	addi	t1,t1,-32
 248:	0000                	unimp
 24a:	2e16                	.2byte	0x2e16
 24c:	3f01                	addiw	t5,t5,-32
 24e:	0319                	addi	t1,t1,6
 250:	3a0e                	.2byte	0x3a0e
 252:	390b3b0b          	.4byte	0x390b3b0b
 256:	4919270b          	.4byte	0x4919270b
 25a:	12011113          	.4byte	0x12011113
 25e:	7c184007          	.4byte	0x7c184007
 262:	0119                	addi	sp,sp,6
 264:	17000013          	li	zero,368
 268:	012e                	slli	sp,sp,0xb
 26a:	0e03193f 0b3b0b3a 	.8byte	0xb3b0b3a0e03193f
 272:	0b39                	addi	s6,s6,14
 274:	01111927          	.4byte	0x1111927
 278:	0712                	slli	a4,a4,0x4
 27a:	1840                	addi	s0,sp,52
 27c:	197a                	slli	s2,s2,0x3e
 27e:	1301                	addi	t1,t1,-32
 280:	0000                	unimp
 282:	1518                	addi	a4,sp,672
 284:	2701                	sext.w	a4,a4
 286:	0119                	addi	sp,sp,6
 288:	19000013          	li	zero,400
 28c:	012e                	slli	sp,sp,0xb
 28e:	0e03193f 0b3b0b3a 	.8byte	0xb3b0b3a0e03193f
 296:	0b39                	addi	s6,s6,14
 298:	01111927          	.4byte	0x1111927
 29c:	0712                	slli	a4,a4,0x4
 29e:	1840                	addi	s0,sp,52
 2a0:	197c                	addi	a5,sp,188
 2a2:	1301                	addi	t1,t1,-32
 2a4:	0000                	unimp
 2a6:	2e1a                	.2byte	0x2e1a
 2a8:	3f01                	addiw	t5,t5,-32
 2aa:	0319                	addi	t1,t1,6
 2ac:	3a0e                	.2byte	0x3a0e
 2ae:	390b3b0b          	.4byte	0x390b3b0b
 2b2:	1119270b          	.4byte	0x1119270b
 2b6:	1201                	addi	tp,tp,-32 # ffffffffffffffe0 <crc3+0xffffffff7fffcfc8>
 2b8:	7c184007          	.4byte	0x7c184007
 2bc:	0019                	c.nop	6
	...

Disassembly of section .debug_aranges:

0000000000000000 <.debug_aranges>:
   0:	002c                	addi	a1,sp,8
   2:	0000                	unimp
   4:	0002                	c.slli64	zero
   6:	0000                	unimp
   8:	0000                	unimp
   a:	0008                	.2byte	0x8
   c:	0000                	unimp
   e:	0000                	unimp
  10:	0000                	unimp
  12:	8000                	.2byte	0x8000
  14:	0000                	unimp
  16:	0000                	unimp
  18:	01f8                	addi	a4,sp,204
	...
  2e:	0000                	unimp
  30:	002c                	addi	a1,sp,8
  32:	0000                	unimp
  34:	0002                	c.slli64	zero
  36:	0029                	c.nop	10
  38:	0000                	unimp
  3a:	0008                	.2byte	0x8
  3c:	0000                	unimp
  3e:	0000                	unimp
  40:	01f8                	addi	a4,sp,204
  42:	8000                	.2byte	0x8000
  44:	0000                	unimp
  46:	0000                	unimp
  48:	0118                	addi	a4,sp,128
	...
  5e:	0000                	unimp
  60:	002c                	addi	a1,sp,8
  62:	0000                	unimp
  64:	0002                	c.slli64	zero
  66:	0052                	c.slli	zero,0x14
  68:	0000                	unimp
  6a:	0008                	.2byte	0x8
  6c:	0000                	unimp
  6e:	0000                	unimp
  70:	0310                	addi	a2,sp,384
  72:	8000                	.2byte	0x8000
  74:	0000                	unimp
  76:	0000                	unimp
  78:	035c                	addi	a5,sp,388
	...
  8e:	0000                	unimp
  90:	002c                	addi	a1,sp,8
  92:	0000                	unimp
  94:	0002                	c.slli64	zero
  96:	035d                	addi	t1,t1,23
  98:	0000                	unimp
  9a:	0008                	.2byte	0x8
  9c:	0000                	unimp
  9e:	0000                	unimp
  a0:	066c                	addi	a1,sp,780
  a2:	8000                	.2byte	0x8000
  a4:	0000                	unimp
  a6:	0000                	unimp
  a8:	0496                	slli	s1,s1,0x5
	...

Disassembly of section .debug_str:

0000000000000000 <.debug_str>:
   0:	6d6f682f          	.4byte	0x6d6f682f
   4:	2f65                	addiw	t5,t5,25
   6:	6962                	ld	s2,24(sp)
   8:	686e                	ld	a6,216(sp)
   a:	7565696b          	.4byte	0x7565696b
   e:	6f64                	ld	s1,216(a4)
  10:	726f572f          	.4byte	0x726f572f
  14:	6170736b          	.4byte	0x6170736b
  18:	442f6563          	bltu	t5,sp,462 <_prog_start-0x7ffffb9e>
  1c:	6d65                	lui	s10,0x19
  1e:	6d742f6f          	jal	t5,42ef4 <_prog_start-0x7ffbd10c>
  22:	2f70                	.2byte	0x2f70
  24:	4952                	lw	s2,20(sp)
  26:	562d4353          	.4byte	0x562d4353
  2a:	442d                	li	s0,11
  2c:	6d65                	lui	s10,0x19
  2e:	65442f6f          	jal	t5,42682 <_prog_start-0x7ffbd97e>
  32:	6f6d                	lui	t5,0x1b
  34:	666f732f          	.4byte	0x666f732f
  38:	7774                	ld	a3,232(a4)
  3a:	7261                	lui	tp,0xffff8
  3c:	2f65                	addiw	t5,t5,25 # 1b019 <_prog_start-0x7ffe4fe7>
  3e:	33435243          	.4byte	0x33435243
  42:	2f32                	.2byte	0x2f32
  44:	2f637273          	csrrci	tp,0x2f6,6
  48:	30747263          	bgeu	s0,t2,34c <_prog_start-0x7ffffcb4>
  4c:	532e                	lw	t1,232(sp)
  4e:	2f00                	.2byte	0x2f00
  50:	6f68                	ld	a0,216(a4)
  52:	656d                	lui	a0,0x1b
  54:	6e69622f          	.4byte	0x6e69622f
  58:	6b68                	ld	a0,208(a4)
  5a:	6569                	lui	a0,0x1a
  5c:	6475                	lui	s0,0x1d
  5e:	6f572f6f          	jal	t5,72f52 <_prog_start-0x7ff8d0ae>
  62:	6b72                	ld	s6,280(sp)
  64:	63617073          	csrci	0x636,2
  68:	2f65                	addiw	t5,t5,25
  6a:	6544                	ld	s1,136(a0)
  6c:	6f6d                	lui	t5,0x1b
  6e:	706d742f          	.4byte	0x706d742f
  72:	5349522f          	.4byte	0x5349522f
  76:	2d562d43          	.4byte	0x2d562d43
  7a:	6544                	ld	s1,136(a0)
  7c:	6f6d                	lui	t5,0x1b
  7e:	6d65442f          	.4byte	0x6d65442f
  82:	6f732f6f          	jal	t5,32f78 <_prog_start-0x7ffcd088>
  86:	7466                	ld	s0,120(sp)
  88:	65726177          	.4byte	0x65726177
  8c:	4352432f          	.4byte	0x4352432f
  90:	47003233          	.4byte	0x47003233
  94:	554e                	lw	a0,240(sp)
  96:	4120                	lw	s0,64(a0)
  98:	2e322053          	.4byte	0x2e322053
  9c:	2f003933          	.4byte	0x2f003933
  a0:	6f68                	ld	a0,216(a4)
  a2:	656d                	lui	a0,0x1b
  a4:	6e69622f          	.4byte	0x6e69622f
  a8:	6b68                	ld	a0,208(a4)
  aa:	6569                	lui	a0,0x1a
  ac:	6475                	lui	s0,0x1d
  ae:	6f572f6f          	jal	t5,72fa2 <_prog_start-0x7ff8d05e>
  b2:	6b72                	ld	s6,280(sp)
  b4:	63617073          	csrci	0x636,2
  b8:	2f65                	addiw	t5,t5,25 # 1b019 <_prog_start-0x7ffe4fe7>
  ba:	6544                	ld	s1,136(a0)
  bc:	6f6d                	lui	t5,0x1b
  be:	706d742f          	.4byte	0x706d742f
  c2:	5349522f          	.4byte	0x5349522f
  c6:	2d562d43          	.4byte	0x2d562d43
  ca:	6544                	ld	s1,136(a0)
  cc:	6f6d                	lui	t5,0x1b
  ce:	6d65442f          	.4byte	0x6d65442f
  d2:	6f732f6f          	jal	t5,32fc8 <_prog_start-0x7ffcd038>
  d6:	7466                	ld	s0,120(sp)
  d8:	65726177          	.4byte	0x65726177
  dc:	4352432f          	.4byte	0x4352432f
  e0:	732f3233          	.4byte	0x732f3233
  e4:	6372                	ld	t1,280(sp)
  e6:	7268742f          	.4byte	0x7268742f
  ea:	6165                	addi	sp,sp,112
  ec:	2e64                	.2byte	0x2e64
  ee:	73690053          	.4byte	0x73690053
  f2:	635f 6168 0072      	.byte	0x5f, 0x63, 0x68, 0x61, 0x72, 0x00
  f8:	5f5f 7562 6c69      	.byte	0x5f, 0x5f, 0x62, 0x75, 0x69, 0x6c
  fe:	6974                	ld	a3,208(a0)
 100:	5f6e                	lw	t5,248(sp)
 102:	6176                	ld	sp,344(sp)
 104:	6c5f 7369 0074      	.byte	0x5f, 0x6c, 0x69, 0x73, 0x74, 0x00
 10a:	5f5f 6e69 3374      	.byte	0x5f, 0x5f, 0x69, 0x6e, 0x74, 0x33
 110:	5f32                	lw	t5,44(sp)
 112:	0074                	addi	a3,sp,12
 114:	7369                	lui	t1,0xffffa
 116:	6c5f 6e6f 0067      	.byte	0x5f, 0x6c, 0x6f, 0x6e, 0x67, 0x00
 11c:	6972706b          	.4byte	0x6972706b
 120:	746e                	ld	s0,248(sp)
 122:	0066                	c.slli	zero,0x19
 124:	5f5f 6e67 6375      	.byte	0x5f, 0x5f, 0x67, 0x6e, 0x75, 0x63
 12a:	765f 5f61 696c      	.byte	0x5f, 0x76, 0x61, 0x5f, 0x6c, 0x69
 130:	75007473          	csrrci	s0,0x750,0
 134:	736e                	ld	t1,248(sp)
 136:	6769                	lui	a4,0x1a
 138:	656e                	ld	a0,216(sp)
 13a:	2064                	.2byte	0x2064
 13c:	72616863          	bltu	sp,t1,86c <_prog_start-0x7ffff794>
 140:	7300                	ld	s0,32(a4)
 142:	6f68                	ld	a0,216(a4)
 144:	7472                	ld	s0,312(sp)
 146:	7520                	ld	s0,104(a0)
 148:	736e                	ld	t1,248(sp)
 14a:	6769                	lui	a4,0x1a
 14c:	656e                	ld	a0,216(sp)
 14e:	2064                	.2byte	0x2064
 150:	6e69                	lui	t3,0x1a
 152:	0074                	addi	a3,sp,12
 154:	5f5f 6975 746e      	.byte	0x5f, 0x5f, 0x75, 0x69, 0x6e, 0x74
 15a:	745f3233          	.4byte	0x745f3233
 15e:	6900                	ld	s0,16(a0)
 160:	6f665f73          	csrrwi	t5,0x6f6,12
 164:	6d72                	ld	s10,280(sp)
 166:	7461                	lui	s0,0xffff8
 168:	7300                	ld	s0,32(a4)
 16a:	6f68                	ld	a0,216(a4)
 16c:	7472                	ld	s0,312(sp)
 16e:	6920                	ld	s0,80(a0)
 170:	746e                	ld	s0,248(sp)
 172:	5f00                	lw	s0,56(a4)
 174:	7475706b          	.4byte	0x7475706b
 178:	61750073          	.4byte	0x61750073
 17c:	7472                	ld	s0,312(sp)
 17e:	6b00                	ld	s0,16(a4)
 180:	7570                	ld	a2,232(a0)
 182:	6374                	ld	a3,192(a4)
 184:	5f00                	lw	s0,56(a4)
 186:	6f42                	ld	t5,16(sp)
 188:	47006c6f          	jal	s8,65f8 <_prog_start-0x7fff9a08>
 18c:	554e                	lw	a0,240(sp)
 18e:	4320                	lw	s0,64(a4)
 190:	3131                	addiw	sp,sp,-20
 192:	3120                	.2byte	0x3120
 194:	2e32                	.2byte	0x2e32
 196:	2e32                	.2byte	0x2e32
 198:	2030                	.2byte	0x2030
 19a:	6d2d                	lui	s10,0xb
 19c:	646f6d63          	bltu	t5,t1,7f6 <_prog_start-0x7ffff80a>
 1a0:	6c65                	lui	s8,0x19
 1a2:	6d3d                	lui	s10,0xf
 1a4:	6465                	lui	s0,0x19
 1a6:	6e61                	lui	t3,0x18
 1a8:	2079                	.2byte	0x2079
 1aa:	6d2d                	lui	s10,0xb
 1ac:	6261                	lui	tp,0x18
 1ae:	3d69                	addiw	s10,s10,-6 # affa <_prog_start-0x7fff5006>
 1b0:	706c                	ld	a1,224(s0)
 1b2:	3436                	.2byte	0x3436
 1b4:	2d20                	.2byte	0x2d20
 1b6:	746d                	lui	s0,0xffffb
 1b8:	6e75                	lui	t3,0x1d
 1ba:	3d65                	addiw	s10,s10,-7
 1bc:	6f72                	ld	t5,280(sp)
 1be:	74656b63          	bltu	a0,t1,914 <_prog_start-0x7ffff6ec>
 1c2:	2d20                	.2byte	0x2d20
 1c4:	696d                	lui	s2,0x1b
 1c6:	732d6173          	csrrsi	sp,mhpmevent18h,26
 1ca:	6570                	ld	a2,200(a0)
 1cc:	2e323d63          	.4byte	0x2e323d63
 1d0:	2032                	.2byte	0x2032
 1d2:	6d2d                	lui	s10,0xb
 1d4:	7261                	lui	tp,0xffff8
 1d6:	723d6863          	bltu	s10,gp,906 <_prog_start-0x7ffff6fa>
 1da:	3676                	.2byte	0x3676
 1dc:	6934                	ld	a3,80(a0)
 1de:	616d                	addi	sp,sp,240
 1e0:	672d2063          	.4byte	0x672d2063
 1e4:	2d20                	.2byte	0x2d20
 1e6:	2d20304f          	.4byte	0x2d20304f
 1ea:	3d647473          	csrrci	s0,0x3d6,8
 1ee:	31756e67          	.4byte	0x31756e67
 1f2:	2031                	.2byte	0x2031
 1f4:	662d                	lui	a2,0xb
 1f6:	6f6e                	ld	t5,216(sp)
 1f8:	632d                	lui	t1,0xb
 1fa:	6f6d6d6f          	jal	s10,d68f0 <_prog_start-0x7ff29710>
 1fe:	006e                	c.slli	zero,0x1b
 200:	6f64                	ld	s1,216(a4)
 202:	7475                	lui	s0,0xffffd
 204:	6300                	ld	s0,0(a4)
 206:	6372                	ld	t1,280(sp)
 208:	6d003233          	.4byte	0x6d003233
 20c:	7461                	lui	s0,0xffff8
 20e:	745f 6300 6568      	.byte	0x5f, 0x74, 0x00, 0x63, 0x68, 0x65
 214:	75736b63          	bltu	t1,s7,96a <_prog_start-0x7ffff696>
 218:	006d                	c.nop	27
 21a:	7566                	ld	a0,120(sp)
 21c:	636e                	ld	t1,216(sp)
 21e:	0074                	addi	a3,sp,12
 220:	6964                	ld	s1,208(a0)
 222:	306e                	.2byte	0x306e
 224:	5f00                	lw	s0,56(a4)
 226:	755f 6e69 3874      	.byte	0x5f, 0x75, 0x69, 0x6e, 0x74, 0x38
 22c:	745f 7400 7268      	.byte	0x5f, 0x74, 0x00, 0x74, 0x68, 0x72
 232:	6165                	addi	sp,sp,112
 234:	5f64                	lw	s1,124(a4)
 236:	6972                	ld	s2,280(sp)
 238:	7864                	ld	s1,240(s0)
 23a:	6300                	ld	s0,0(a4)
 23c:	6372                	ld	t1,280(sp)
 23e:	0030                	addi	a2,sp,8
 240:	31637263          	bgeu	t1,s6,544 <_prog_start-0x7ffffabc>
 244:	6c00                	ld	s0,24(s0)
 246:	20676e6f          	jal	t3,7644c <_prog_start-0x7ff89bb4>
 24a:	6f6c                	ld	a1,216(a4)
 24c:	676e                	ld	a4,216(sp)
 24e:	7520                	ld	s0,104(a0)
 250:	736e                	ld	t1,248(sp)
 252:	6769                	lui	a4,0x1a
 254:	656e                	ld	a0,216(sp)
 256:	2064                	.2byte	0x2064
 258:	6e69                	lui	t3,0x1a
 25a:	0074                	addi	a3,sp,12
 25c:	33637263          	bgeu	t1,s6,580 <_prog_start-0x7ffffa80>
 260:	6c00                	ld	s0,24(s0)
 262:	20676e6f          	jal	t3,76468 <_prog_start-0x7ff89b98>
 266:	6f6c                	ld	a1,216(a4)
 268:	676e                	ld	a4,216(sp)
 26a:	6920                	ld	s0,80(a0)
 26c:	746e                	ld	s0,248(sp)
 26e:	6d00                	ld	s0,24(a0)
 270:	7875                	lui	a6,0xffffd
 272:	755f 6c6e 636f      	.byte	0x5f, 0x75, 0x6e, 0x6c, 0x6f, 0x63
 278:	756d006b          	.4byte	0x756d006b
 27c:	5f78                	lw	a4,124(a4)
 27e:	6f6c                	ld	a1,216(a4)
 280:	72006b63          	bltu	zero,zero,9b6 <_prog_start-0x7ffff64a>
 284:	6165                	addi	sp,sp,112
 286:	5f64                	lw	s1,124(a4)
 288:	6c66                	ld	s8,88(sp)
 28a:	6761                	lui	a4,0x18
 28c:	0030                	addi	a2,sp,8
 28e:	6168                	ld	a0,192(a0)
 290:	7472                	ld	s0,312(sp)
 292:	6469                	lui	s0,0x1a
 294:	6300                	ld	s0,0(a4)
 296:	3065726f          	jal	tp,5759c <_prog_start-0x7ffa8a64>
 29a:	6300                	ld	s0,0(a4)
 29c:	3165726f          	jal	tp,575b2 <_prog_start-0x7ffa8a4e>
 2a0:	6300                	ld	s0,0(a4)
 2a2:	3365726f          	jal	tp,575d8 <_prog_start-0x7ffa8a28>
 2a6:	6200                	ld	s0,0(a2)
 2a8:	7479                	lui	s0,0xffffe
 2aa:	0065                	c.nop	25
 2ac:	6874                	ld	a3,208(s0)
 2ae:	6572                	ld	a0,280(sp)
 2b0:	6461                	lui	s0,0x18
 2b2:	635f 746e 6400      	.byte	0x5f, 0x63, 0x6e, 0x74, 0x00, 0x64
 2b8:	7461                	lui	s0,0xffff8
 2ba:	0061                	c.nop	24
 2bc:	6164                	ld	s1,192(a0)
 2be:	6174                	ld	a3,192(a0)
 2c0:	625f 6675 0030      	.byte	0x5f, 0x62, 0x75, 0x66, 0x30, 0x00
 2c6:	6164                	ld	s1,192(a0)
 2c8:	6174                	ld	a3,192(a0)
 2ca:	625f 6675 0031      	.byte	0x5f, 0x62, 0x75, 0x66, 0x31, 0x00
 2d0:	6164                	ld	s1,192(a0)
 2d2:	6174                	ld	a3,192(a0)
 2d4:	625f 6675 0032      	.byte	0x5f, 0x62, 0x75, 0x66, 0x32, 0x00
 2da:	6164                	ld	s1,192(a0)
 2dc:	6174                	ld	a3,192(a0)
 2de:	625f 6675 0033      	.byte	0x5f, 0x62, 0x75, 0x66, 0x33, 0x00
 2e4:	6f6c                	ld	a1,216(a4)
 2e6:	676e                	ld	a4,216(sp)
 2e8:	6420                	ld	s0,72(s0)
 2ea:	6c62756f          	jal	a0,279b0 <_prog_start-0x7ffd8650>
 2ee:	0065                	c.nop	25
 2f0:	6874                	ld	a3,208(s0)
 2f2:	6572                	ld	a0,280(sp)
 2f4:	6461                	lui	s0,0x18
 2f6:	775f 6469 0078      	.byte	0x5f, 0x77, 0x69, 0x64, 0x78, 0x00
 2fc:	6874                	ld	a3,208(s0)
 2fe:	6572                	ld	a0,280(sp)
 300:	6461                	lui	s0,0x18
 302:	725f 6e75 6300      	.byte	0x5f, 0x72, 0x75, 0x6e, 0x00, 0x63
 308:	3265726f          	jal	tp,5762e <_prog_start-0x7ffa89d2>
 30c:	5f00                	lw	s0,56(a4)
 30e:	6874                	ld	a3,208(s0)
 310:	6572                	ld	a0,280(sp)
 312:	6461                	lui	s0,0x18
 314:	5f30                	lw	a2,120(a4)
 316:	6e65                	lui	t3,0x19
 318:	7274                	ld	a3,224(a2)
 31a:	0079                	c.nop	30
 31c:	6964                	ld	s1,208(a0)
 31e:	316e                	.2byte	0x316e
 320:	6d00                	ld	s0,24(a0)
 322:	00706973          	csrrsi	s2,0x7,0
 326:	6874                	ld	a3,208(s0)
 328:	6572                	ld	a0,280(sp)
 32a:	6461                	lui	s0,0x18
 32c:	635f 6572 7461      	.byte	0x5f, 0x63, 0x72, 0x65, 0x61, 0x74
 332:	0065                	c.nop	25
 334:	656c                	ld	a1,200(a0)
 336:	676e                	ld	a4,216(sp)
 338:	6874                	ld	a3,208(s0)
 33a:	6300                	ld	s0,0(a4)
 33c:	6372                	ld	t1,280(sp)
 33e:	0032                	c.slli	zero,0xc
 340:	5f5f 6975 746e      	.byte	0x5f, 0x5f, 0x75, 0x69, 0x6e, 0x74
 346:	3631                	addiw	a2,a2,-20 # afec <_prog_start-0x7fff5014>
 348:	745f 7400 7268      	.byte	0x5f, 0x74, 0x00, 0x74, 0x68, 0x72
 34e:	6165                	addi	sp,sp,112
 350:	5f64                	lw	s1,124(a4)
 352:	6e69                	lui	t3,0x1a
 354:	7469                	lui	s0,0xffffa
 356:	7400                	ld	s0,40(s0)
 358:	7268                	ld	a0,224(a2)
 35a:	6165                	addi	sp,sp,112
 35c:	5f64                	lw	s1,124(a4)
 35e:	6f6a                	ld	t5,152(sp)
 360:	6e69                	lui	t3,0x1a
 362:	7400                	ld	s0,40(s0)
 364:	7268                	ld	a0,224(a2)
 366:	6165                	addi	sp,sp,112
 368:	5f64                	lw	s1,124(a4)
 36a:	7571                	lui	a0,0xffffc
 36c:	7565                	lui	a0,0xffff9
 36e:	0065                	c.nop	25
 370:	7261                	lui	tp,0xffff8
 372:	64007667          	.4byte	0x64007667
 376:	6d75                	lui	s10,0x1d
 378:	0070                	addi	a2,sp,12
 37a:	656c                	ld	a1,200(a0)
 37c:	306e                	.2byte	0x306e
 37e:	6c00                	ld	s0,24(s0)
 380:	6e65                	lui	t3,0x19
 382:	0031                	c.nop	12
 384:	656c                	ld	a1,200(a0)
 386:	326e                	.2byte	0x326e
 388:	7400                	ld	s0,40(s0)
 38a:	7268                	ld	a0,224(a2)
 38c:	6165                	addi	sp,sp,112
 38e:	5f64                	lw	s1,124(a4)
 390:	6e756f63          	bltu	a0,t2,a8e <_prog_start-0x7ffff572>
 394:	0074                	addi	a3,sp,12
 396:	656c                	ld	a1,200(a0)
 398:	336e                	.2byte	0x336e
 39a:	6d00                	ld	s0,24(a0)
 39c:	6961                	lui	s2,0x18
 39e:	006e                	c.slli	zero,0x1b
 3a0:	65726f63          	bltu	tp,s7,9fe <_prog_start-0x7ffff602>
 3a4:	735f 6174 7574      	.byte	0x5f, 0x73, 0x74, 0x61, 0x74, 0x75
 3aa:	73 00             	Address 0x00000000000003aa is out of bounds.


Disassembly of section .debug_frame:

0000000000000000 <.debug_frame>:
   0:	000c                	.2byte	0xc
   2:	0000                	unimp
   4:	ffff                	.2byte	0xffff
   6:	ffff                	.2byte	0xffff
   8:	7c010003          	lb	zero,1984(sp)
   c:	0d01                	addi	s10,s10,0 # 1d000 <_prog_start-0x7ffe3000>
   e:	0002                	c.slli64	zero
  10:	002c                	addi	a1,sp,8
  12:	0000                	unimp
  14:	0000                	unimp
  16:	0000                	unimp
  18:	0310                	addi	a2,sp,384
  1a:	8000                	.2byte	0x8000
  1c:	0000                	unimp
  1e:	0000                	unimp
  20:	003e                	c.slli	zero,0xf
  22:	0000                	unimp
  24:	0000                	unimp
  26:	0000                	unimp
  28:	0e42                	slli	t3,t3,0x10
  2a:	4230                	lw	a2,64(a2)
  2c:	0288                	addi	a0,sp,320
  2e:	0c42                	slli	s8,s8,0x10
  30:	0008                	.2byte	0x8
  32:	c874                	sw	a3,84(s0)
  34:	020c                	addi	a1,sp,256
  36:	4230                	lw	a2,64(a2)
  38:	000e                	c.slli	zero,0x3
  3a:	0000                	unimp
  3c:	0000                	unimp
  3e:	0000                	unimp
  40:	002c                	addi	a1,sp,8
  42:	0000                	unimp
  44:	0000                	unimp
  46:	0000                	unimp
  48:	034e                	slli	t1,t1,0x13
  4a:	8000                	.2byte	0x8000
  4c:	0000                	unimp
  4e:	0000                	unimp
  50:	0044                	addi	s1,sp,4
  52:	0000                	unimp
  54:	0000                	unimp
  56:	0000                	unimp
  58:	0e42                	slli	t3,t3,0x10
  5a:	4430                	lw	a2,72(s0)
  5c:	0281                	addi	t0,t0,0 # 0 <_prog_start-0x80000000>
  5e:	0488                	addi	a0,sp,576
  60:	0c42                	slli	s8,s8,0x10
  62:	0008                	.2byte	0x8
  64:	c176                	sw	t4,128(sp)
  66:	c842                	sw	a6,16(sp)
  68:	020c                	addi	a1,sp,256
  6a:	4230                	lw	a2,64(a2)
  6c:	000e                	c.slli	zero,0x3
  6e:	0000                	unimp
  70:	002c                	addi	a1,sp,8
  72:	0000                	unimp
  74:	0000                	unimp
  76:	0000                	unimp
  78:	0392                	slli	t2,t2,0x4
  7a:	8000                	.2byte	0x8000
  7c:	0000                	unimp
  7e:	0000                	unimp
  80:	002a                	c.slli	zero,0xa
  82:	0000                	unimp
  84:	0000                	unimp
  86:	0000                	unimp
  88:	0e42                	slli	t3,t3,0x10
  8a:	4420                	lw	s0,72(s0)
  8c:	0281                	addi	t0,t0,0
  8e:	0488                	addi	a0,sp,576
  90:	0c42                	slli	s8,s8,0x10
  92:	0008                	.2byte	0x8
  94:	c15c                	sw	a5,4(a0)
  96:	c842                	sw	a6,16(sp)
  98:	020c                	addi	a1,sp,256
  9a:	4220                	lw	s0,64(a2)
  9c:	000e                	c.slli	zero,0x3
  9e:	0000                	unimp
  a0:	0034                	addi	a3,sp,8
  a2:	0000                	unimp
  a4:	0000                	unimp
  a6:	0000                	unimp
  a8:	03bc                	addi	a5,sp,456
  aa:	8000                	.2byte	0x8000
  ac:	0000                	unimp
  ae:	0000                	unimp
  b0:	02b0                	addi	a2,sp,328
  b2:	0000                	unimp
  b4:	0000                	unimp
  b6:	0000                	unimp
  b8:	0e42                	slli	t3,t3,0x10
  ba:	01f0                	addi	a2,sp,204
  bc:	8144                	.2byte	0x8144
  be:	8812                	mv	a6,tp
  c0:	4214                	lw	a3,0(a2)
  c2:	080c                	addi	a1,sp,16
  c4:	0340                	addi	s0,sp,388
  c6:	02a2                	slli	t0,t0,0x8
  c8:	42c1                	li	t0,16
  ca:	0cc8                	addi	a0,sp,596
  cc:	f002                	sd	zero,32(sp)
  ce:	4201                	li	tp,0
  d0:	000e                	c.slli	zero,0x3
  d2:	0000                	unimp
  d4:	0000                	unimp
  d6:	0000                	unimp
  d8:	000c                	.2byte	0xc
  da:	0000                	unimp
  dc:	ffff                	.2byte	0xffff
  de:	ffff                	.2byte	0xffff
  e0:	7c010003          	lb	zero,1984(sp)
  e4:	0d01                	addi	s10,s10,0
  e6:	0002                	c.slli64	zero
  e8:	002c                	addi	a1,sp,8
  ea:	0000                	unimp
  ec:	00d8                	addi	a4,sp,68
  ee:	0000                	unimp
  f0:	066c                	addi	a1,sp,780
  f2:	8000                	.2byte	0x8000
  f4:	0000                	unimp
  f6:	0000                	unimp
  f8:	0046                	c.slli	zero,0x11
  fa:	0000                	unimp
  fc:	0000                	unimp
  fe:	0000                	unimp
 100:	0e42                	slli	t3,t3,0x10
 102:	4420                	lw	s0,72(s0)
 104:	0281                	addi	t0,t0,0
 106:	0488                	addi	a0,sp,576
 108:	0c42                	slli	s8,s8,0x10
 10a:	0008                	.2byte	0x8
 10c:	3802                	.2byte	0x3802
 10e:	42c1                	li	t0,16
 110:	0cc8                	addi	a0,sp,596
 112:	2002                	.2byte	0x2002
 114:	0e42                	slli	t3,t3,0x10
 116:	0000                	unimp
 118:	002c                	addi	a1,sp,8
 11a:	0000                	unimp
 11c:	00d8                	addi	a4,sp,68
 11e:	0000                	unimp
 120:	06b2                	slli	a3,a3,0xc
 122:	8000                	.2byte	0x8000
 124:	0000                	unimp
 126:	0000                	unimp
 128:	010a                	slli	sp,sp,0x2
 12a:	0000                	unimp
 12c:	0000                	unimp
 12e:	0000                	unimp
 130:	0e42                	slli	t3,t3,0x10
 132:	4430                	lw	a2,72(s0)
 134:	0281                	addi	t0,t0,0
 136:	0488                	addi	a0,sp,576
 138:	0c42                	slli	s8,s8,0x10
 13a:	0008                	.2byte	0x8
 13c:	c100fc03          	.4byte	0xc100fc03
 140:	c842                	sw	a6,16(sp)
 142:	020c                	addi	a1,sp,256
 144:	4230                	lw	a2,64(a2)
 146:	000e                	c.slli	zero,0x3
 148:	002c                	addi	a1,sp,8
 14a:	0000                	unimp
 14c:	00d8                	addi	a4,sp,68
 14e:	0000                	unimp
 150:	07bc                	addi	a5,sp,968
 152:	8000                	.2byte	0x8000
 154:	0000                	unimp
 156:	0000                	unimp
 158:	0174                	addi	a3,sp,140
 15a:	0000                	unimp
 15c:	0000                	unimp
 15e:	0000                	unimp
 160:	0e42                	slli	t3,t3,0x10
 162:	4430                	lw	a2,72(s0)
 164:	0281                	addi	t0,t0,0
 166:	0488                	addi	a0,sp,576
 168:	0c42                	slli	s8,s8,0x10
 16a:	0008                	.2byte	0x8
 16c:	c1016603          	lwu	a2,-1008(sp)
 170:	c842                	sw	a6,16(sp)
 172:	020c                	addi	a1,sp,256
 174:	4230                	lw	a2,64(a2)
 176:	000e                	c.slli	zero,0x3
 178:	002c                	addi	a1,sp,8
 17a:	0000                	unimp
 17c:	00d8                	addi	a4,sp,68
 17e:	0000                	unimp
 180:	0930                	addi	a2,sp,152
 182:	8000                	.2byte	0x8000
 184:	0000                	unimp
 186:	0000                	unimp
 188:	003c                	addi	a5,sp,8
 18a:	0000                	unimp
 18c:	0000                	unimp
 18e:	0000                	unimp
 190:	0e42                	slli	t3,t3,0x10
 192:	4420                	lw	s0,72(s0)
 194:	0281                	addi	t0,t0,0
 196:	0488                	addi	a0,sp,576
 198:	0c42                	slli	s8,s8,0x10
 19a:	0008                	.2byte	0x8
 19c:	c16e                	sw	s11,128(sp)
 19e:	c842                	sw	a6,16(sp)
 1a0:	020c                	addi	a1,sp,256
 1a2:	4220                	lw	s0,64(a2)
 1a4:	000e                	c.slli	zero,0x3
 1a6:	0000                	unimp
 1a8:	002c                	addi	a1,sp,8
 1aa:	0000                	unimp
 1ac:	00d8                	addi	a4,sp,68
 1ae:	0000                	unimp
 1b0:	096c                	addi	a1,sp,156
 1b2:	8000                	.2byte	0x8000
 1b4:	0000                	unimp
 1b6:	0000                	unimp
 1b8:	00cc                	addi	a1,sp,68
 1ba:	0000                	unimp
 1bc:	0000                	unimp
 1be:	0000                	unimp
 1c0:	0e42                	slli	t3,t3,0x10
 1c2:	4250                	lw	a2,4(a2)
 1c4:	0288                	addi	a0,sp,320
 1c6:	0c42                	slli	s8,s8,0x10
 1c8:	0008                	.2byte	0x8
 1ca:	c202                	sw	zero,4(sp)
 1cc:	0cc8                	addi	a0,sp,596
 1ce:	5002                	.2byte	0x5002
 1d0:	0e42                	slli	t3,t3,0x10
 1d2:	0000                	unimp
 1d4:	0000                	unimp
 1d6:	0000                	unimp
 1d8:	0024                	addi	s1,sp,8
 1da:	0000                	unimp
 1dc:	00d8                	addi	a4,sp,68
 1de:	0000                	unimp
 1e0:	0a38                	addi	a4,sp,280
 1e2:	8000                	.2byte	0x8000
 1e4:	0000                	unimp
 1e6:	0000                	unimp
 1e8:	00ca                	slli	ra,ra,0x12
 1ea:	0000                	unimp
 1ec:	0000                	unimp
 1ee:	0000                	unimp
 1f0:	0e42                	slli	t3,t3,0x10
 1f2:	4430                	lw	a2,72(s0)
 1f4:	0281                	addi	t0,t0,0
 1f6:	0488                	addi	a0,sp,576
 1f8:	0c42                	slli	s8,s8,0x10
 1fa:	0008                	.2byte	0x8
 1fc:	0000                	unimp
	...
